1368,Parent Department,Specialization,Roll Number,Course Code,Semester #,Course Name,LTP,Credit,Type,offered_for_minor,Comments,,,1368,Example,Course Code,Course Name,LTP,Credit,Type,offered_for_minor
33.36585366,,Eg. Mtech in Geotechnical ,,,,,,,,,,,,,,,,,,,
Biswajit Sarkar,,,,,,,,,,,,,,,,CS2101,Algorithm,3-0-3,4.5,Core,1
0,Department of Chemical and Biochemical Engineering,,,MA1101,1,Calculus and Linear Algebra,3-1-0,4,Core,0,,,Type,,,CS2102,Digital Logic and Computer Organization,3-0-3,4.5,,0
1,Department of Chemical and Biochemical Engineering,,,CS1101,1,Foundations of Programming,3-0-3,4.5,Core,0,,,BTE1,,,CS2103,,,,,
2,Department of Chemical and Biochemical Engineering,,,PH1101/PH1201,1,Physics,3-1-3,5.5,Core,0,,,BTE2,,,CS2104,,,,,
3,Department of Chemical and Biochemical Engineering,,,CE1101/CE1201,1,Engineering Graphics,1-0-3,2.5,Core,0,,,BTE3,,,CS2105,,,,,
4,Department of Chemical and Biochemical Engineering,,,EE1101/EE1201,1,Electrical Sciences,3-0-3,4.5,Core,0,,,Core,,,,,,,,
5,Department of Chemical and Biochemical Engineering,,,HS1101,1,English for Professionals,2-0-1,2.5,Core,0,,,DE1,,,,,,,,
6,Department of Chemical and Biochemical Engineering,,,MA1201,2,Probability Theory and Ordinary Differential Equations,3-1-0,4,Core,0,,,DE2,,,,,,,,
7,Department of Chemical and Biochemical Engineering,,,CS1201,2,Data Structure,3-0-3,4.5,Core,0,,,DE3,,,,,,,,
8,Department of Chemical and Biochemical Engineering,,,CH1201/CH1101,2,Chemistry,3-1-3,5.5,Core,0,,,DE4,,,,,,,,
9,Department of Chemical and Biochemical Engineering,,,ME1201/ME1101,2,Mechanical Fabrication,0-0-3,1.5,Core,0,,,DE5,,,,,,,,
10,Department of Chemical and Biochemical Engineering,,,ME1202/ME1102,2,Engineering Mechanics,3-1-0,4,Core,0,,,DE6,,,,,,,,
11,Department of Chemical and Biochemical Engineering,,,IK1101,2,Indian Knowledge System (IKS),3-0-0,3,IKS,0,,,HS1,,,,,,,,
12,Department of Chemical and Biochemical Engineering,,,CB2101,3,Introduction to Chemical Engineering,2-0-0,2,Core,0,,,HS2,,,,,,,,
13,Department of Chemical and Biochemical Engineering,,,CB2102,3,Fluid Mechanics,3-1-2,5,Core,0,,,IDE1,,,,,,,,
14,Department of Chemical and Biochemical Engineering,,,CB2103,3,Heat Transfer,3-0-3,4.5,Core,0,,,IDE2,,,,,,,,
15,Department of Chemical and Biochemical Engineering,,,CB2104,3,Chemical Process Calculations,3-1-0,4,Core,0,,,IDE3,,,,,,,,
16,Department of Chemical and Biochemical Engineering,,,CB2105,3,"Chemical Engineering Thermodynamics",3-0-0,3,Core,0,,,IKS,,,,,,,,
17,Department of Chemical and Biochemical Engineering,,,HS21PQ,3,HSS Elective-I,3-0-0,3,HS1,0,,,MTE1,,,,,,,,
18,Department of Chemical and Biochemical Engineering,,,CB2201,4,"Mechanical Operations	",2-0-3,3.5,Core,0,,,MTE2,,,,,,,,
19,Department of Chemical and Biochemical Engineering,,,CB2202,4,Mass Transfer-I,3-0-0,3,Core,0,,,MTE3,,,,,,,,
20,Department of Chemical and Biochemical Engineering,,,CB2203,4,Fundamentals of Biochemical Engineering,3-0-0,3,Core,0,,,MTE4,,,,,,,,
21,Department of Chemical and Biochemical Engineering,,,CB2204,4,Process Dynamics and Control,3-0-2,4,Core,0,,,RM,,,,,,,,
22,Department of Chemical and Biochemical Engineering,,,CB2205,4,Chemical Reaction Engineering-I,3-0-0,3,Core,0,,,SI,,,,,,,,
23,Department of Chemical and Biochemical Engineering,,,CB22PQ,4,IDE1,3-0-0,3,IDE1,0,,,P1,,,,,,,,
24,Department of Chemical and Biochemical Engineering,,,CB3101,5,Mass Transfer-II,3-0-3,4.5,Core,0,,,P2,,,,,,,,
25,Department of Chemical and Biochemical Engineering,,,CB3102,5,Chemical Process Technology,3-0-0,3,Core,0,,,,,,,,,,,
26,Department of Chemical and Biochemical Engineering,,,CB3103,5,Process Equipment Design,1-2-0,3,Core,0,,,,,,,,,,,
27,Department of Chemical and Biochemical Engineering,,,CB3104,5,Chemical Reaction Engineering-II,3-0-2,4,Core,0,,,,,,,,,,,
28,Department of Chemical and Biochemical Engineering,,,CB3105,5,Chemical Process Modeling and Simulation,2-0-3,3.5,Core,0,,,,,,,,,,,
29,Department of Chemical and Biochemical Engineering,,,CB31PQ,5,IDE1I,3-0-0,3,IDE2,0,,,,,,,,,,,
30,Department of Chemical and Biochemical Engineering,,,CB3201,6,Process Plant Design and Economics,3-0-0,3,Core,0,,,,,,,,,,,
31,Department of Chemical and Biochemical Engineering,,,CB3202,6,Transport Phenomena,3-1-0,4,Core,0,,,,,,,,,,,
32,Department of Chemical and Biochemical Engineering,,,CB3203,6,Numerical Methods in Chemical Engineering,3-1-0,4,Core,0,,,,,,,,,,,
33,Department of Chemical and Biochemical Engineering,,,CB3204,6,AI/ML for Chemical Engineers,1-0-4,3,Core,0,,,,,,,,,,,
34,Department of Chemical and Biochemical Engineering,,,CB3205,6,Chemical Plant Safety and Hazards,3-0-0,3,Core,0,,,,,,,,,,,
35,Department of Chemical and Biochemical Engineering,,,CB32PQ,6,DE1,3-0-0,3,DE1,0,,,,,,,,,,,
36,Department of Chemical and Biochemical Engineering,,,CB41PQ,7,DE1I,3-0-0,3,DE2,0,,,,,,,,,,,
37,Department of Chemical and Biochemical Engineering,,,CB41PQ,7,DE1II,3-0-1,3,DE3,0,,,,,,,,,,,
38,Department of Chemical and Biochemical Engineering,,,XX41PQ,7,IDE1II,3-0-2,3,IDE3,0,,,,,,,,,,,
39,Department of Chemical and Biochemical Engineering,,,HS31PQ,7,HSS Elective-II,3-0-3,3,HS2,0,,,,,,,,,,,
40,Department of Chemical and Biochemical Engineering,,,CB4198,7,Summer Internship*,0-0-12,3,SI,0,,,,,,,,,,,
41,Department of Chemical and Biochemical Engineering,,,CB4199,7,Project – I,0-0-12,6,P1,0,,,,,,,,,,,
42,Department of Chemical and Biochemical Engineering,,,CB42PQ,8,DE1V,3-0-0,3,DE4,0,,,,,,,,,,,
43,Department of Chemical and Biochemical Engineering,,,CB42PQ,8,DE5,3-0-0,3,DE5,0,,,,,,,,,,,
44,Department of Chemical and Biochemical Engineering,,,CB4298,8,DE5I,3-0-0,3,DE6,0,,,,,,,,,,,
45,Department of Chemical and Biochemical Engineering,,,CB4299,8,Project – II,0-0-16,8,P2,0,,,,,,,,,,,
46,,,,,,,,,,,,,,,,,,,,,
47,,,,,,,,,,,,,,,,,,,,,
48,,,,,,,,,,,,,,,,,,,,,
49,,,,,,,,,,,,,,,,,,,,,
50,,,,,,,,,,,,,,,,,,,,,
51,,,,,,,,,,,,,,,,,,,,,
52,,,,,,,,,,,,,,,,,,,,,
53,,,,,,,,,,,,,,,,,,,,,
54,,,,,,,,,,,,,,,,,,,,,
55,,,,,,,,,,,,,,,,,,,,,
56,,,,,,,,,,,,,,,,,,,,,
57,,,,,,,,,,,,,,,,,,,,,
58,,,,,,,,,,,,,,,,,,,,,
59,,,,,,,,,,,,,,,,,,,,,
60,,,,,,,,,,,,,,,,,,,,,
Singam Setty Deshik,,,,,,,,,,,,,,,,,,,,,
61,Civil and Environmental Engineering,B. Tech. in Civil Engineering,2401CE,MA1101,1,Calculus and Linear Algebra,3-1-0,4,Core,0,,,,,,,,,,,
62,Civil and Environmental Engineering,B. Tech. in Civil Engineering,2401CE,CS1101,1,Foundations of Programming ,3-0-3,4.5,Core,0,,,,,,,,,,,
63,Civil and Environmental Engineering,B. Tech. in Civil Engineering,2401CE,PH1101/PH1201,1,Physics,3-1-3,5.5,Core,0,PH1101/PH1201,,,,,,,,,,
64,Civil and Environmental Engineering,B. Tech. in Civil Engineering,2401CE,CE1101/CE1201,1,Engineering Graphics,1-0-3,2.5,Core,0,,,,,,,,,,,
65,Civil and Environmental Engineering,B. Tech. in Civil Engineering,2401CE,EE1101/EE1201,1,Electrical Sciences,3-0-3,4.5,Core,0,,,,,,,,,,,
66,Civil and Environmental Engineering,B. Tech. in Civil Engineering,2401CE,HS1101,1,English for Professionals,2-0-1,2.5,Core,0,,,,,,,,,,,
67,Civil and Environmental Engineering,B. Tech. in Civil Engineering,2401CE,MA1201,2,Probability Theory and Ordinary Differential Equations,3-1-0,4,Core,0,,,,,,,,,,,
68,Civil and Environmental Engineering,B. Tech. in Civil Engineering,2401CE,CS1201,2,Data Structure,3-0-3,4.5,Core,0,,,,,,,,,,,
69,Civil and Environmental Engineering,B. Tech. in Civil Engineering,2401CE,CH1201/CH1101,2,Chemistry,3-1-3,5.5,Core,0,,,,,,,,,,,
70,Civil and Environmental Engineering,B. Tech. in Civil Engineering,2401CE,ME1201/ME1101,2,Mechanical Fabrication,0-0-3,1.5,Core,0,,,,,,,,,,,
71,Civil and Environmental Engineering,B. Tech. in Civil Engineering,2401CE,ME1202/ME1102,2,Engineering Mechanics,3-1-0,4,Core,0,,,,,,,,,,,
72,Civil and Environmental Engineering,B. Tech. in Civil Engineering,2401CE,IK1101,2,Indian Knowledge System(IKS),3-0-0,3,IKS,0,,,,,,,,,,,
73,Civil and Environmental Engineering,B. Tech. in Civil Engineering,2401CE,CE2101,3,Geomatics Engineering,3-1-2,5,Core,0,,,,,,,,,,,
74,Civil and Environmental Engineering,B. Tech. in Civil Engineering,2401CE,CE2102,3,Structural Mechanics,3-1-0,4,Core,1,,,,,,,,,,,
75,Civil and Environmental Engineering,B. Tech. in Civil Engineering,2401CE,CE2103,3,Fluid Mechanics ,3-1-2,5,Core,0,,,,,,,,,,,
76,Civil and Environmental Engineering,B. Tech. in Civil Engineering,2401CE,CE2104,3,Geology for Engineers ,3-0-2,4,Core,0,,,,,,,,,,,
77,Civil and Environmental Engineering,B. Tech. in Civil Engineering,2401CE,HS21PQ,3,HSS Elective I ,3-0-0,3,HS1,0,,,,,,,,,,,
78,Civil and Environmental Engineering,B. Tech. in Civil Engineering,2401CE,CE2201,4,Structural Analysis ,3-0-2,4,Core,0,,,,,,,,,,,
79,Civil and Environmental Engineering,B. Tech. in Civil Engineering,2401CE,CE2202,4,Soil Mechanics,3-0-2,4,Core,0,,,,,,,,,,,
80,Civil and Environmental Engineering,B. Tech. in Civil Engineering,2401CE,CE2203,4,Civil Engineering Materials,3-0-2,4,Core,1,,,,,,,,,,,
81,Civil and Environmental Engineering,B. Tech. in Civil Engineering,2401CE,CE2204,4,Water Resource Engineering - 1,3-0-0,3,Core,0,,,,,,,,,,,
82,Civil and Environmental Engineering,B. Tech. in Civil Engineering,2401CE,CE2205,4,Numerical Methods in Civil Engineering,3-0-0,3,Core,0,,,,,,,,,,,
83,Civil and Environmental Engineering,B. Tech. in Civil Engineering,2401CE,CE22PQ,4,IDE1,3-0-0,3,IDE1,0,,,,,,,,,,,
84,Civil and Environmental Engineering,B. Tech. in Civil Engineering,2401CE,CE3101,5,Design of Reinforced Concrete Structures,3-0-2,4,Core,0,,,,,,,,,,,
85,Civil and Environmental Engineering,B. Tech. in Civil Engineering,2401CE,CE3102,5,Foundation Engineering  ,3-0-2,4,Core,0,,,,,,,,,,,
86,Civil and Environmental Engineering,B. Tech. in Civil Engineering,2401CE,CE3103,5,Transportation Engineering - 1,3-1-2,5,Core,1,,,,,,,,,,,
87,Civil and Environmental Engineering,B. Tech. in Civil Engineering,2401CE,CE3104,5,Environmental Engineering - 1,3-0-2,4,Core,0,,,,,,,,,,,
88,Civil and Environmental Engineering,B. Tech. in Civil Engineering,2401CE,CE3190,5,IDE2,3-0-0,3,IDE2,0,,,,,,,,,,,
89,Civil and Environmental Engineering,B. Tech. in Civil Engineering,2401CE,CE3201,6,Design of Steel Structures,3-1-0,4,Core,0,,,,,,,,,,,
90,Civil and Environmental Engineering,B. Tech. in Civil Engineering,2401CE,CE3202,6,Infrastructure Drawing and Estimation ,1-2-0,3,Core,1,,,,,,,,,,,
91,Civil and Environmental Engineering,B. Tech. in Civil Engineering,2401CE,CE3203,6,Construction Planning & Management,3-0-0,3,Core,0,,,,,,,,,,,
92,Civil and Environmental Engineering,B. Tech. in Civil Engineering,2401CE,CE3204,6,Environmental Engineering - 2,3-1-0,4,Core,0,,,,,,,,,,,
93,Civil and Environmental Engineering,B. Tech. in Civil Engineering,2401CE,CE3205,6,Water Resource Engineering - 2,3-0-2,4,Core,0,,,,,,,,,,,
94,Civil and Environmental Engineering,B. Tech. in Civil Engineering,2401CE,CE3206,6,Transportation Engineering - 2,3-0-0,3,Core,0,,,,,,,,,,,
95,Civil and Environmental Engineering,B. Tech. in Civil Engineering,2401CE,CE41PQ,7,DE1,3-0-0,3,DE1,0,,,,,,,,,,,
96,Civil and Environmental Engineering,B. Tech. in Civil Engineering,2401CE,CE41PQ,7,DE2,3-0-0,3,DE2,0,,,,,,,,,,,
97,Civil and Environmental Engineering,B. Tech. in Civil Engineering,2401CE,CE41PQ,7,IDE3,3-0-0,3,IDE3,0,,,,,,,,,,,
98,Civil and Environmental Engineering,B. Tech. in Civil Engineering,2401CE,HS41PQ,7,HS2,3-0-0,3,HS2,0,,,,,,,,,,,
99,Civil and Environmental Engineering,B. Tech. in Civil Engineering,2401CE,CE4198,7,Summer Internship,0-0-12,3,SI,0,,,,,,,,,,,
100,Civil and Environmental Engineering,B. Tech. in Civil Engineering,2401CE,CE4199,7,Project - 1,0-0-12,6,P1,0,,,,,,,,,,,
101,Civil and Environmental Engineering,B. Tech. in Civil Engineering,2401CE,CE42PQ,8,DE3,3-0-0,3,DE3,0,,,,,,,,,,,
102,Civil and Environmental Engineering,B. Tech. in Civil Engineering,2401CE,CE42PQ,8,DE4,3-0-0,3,DE4,0,,,,,,,,,,,
103,Civil and Environmental Engineering,B. Tech. in Civil Engineering,2401CE,CE42PQ,8,DE5,3-0-0,3,DE5,0,,,,,,,,,,,
104,Civil and Environmental Engineering,B. Tech. in Civil Engineering,2401CE,CE4299,8,Project - 2,0-0-16,8,P2,0,,,,,,,,,,,
105,,,,,,,,,,,,,,,,,,,,,
106,,,,,,,,,,,,,,,,,,,,,
107,,,,,,,,,,,,,,,,,,,,,
108,,,,,,,,,,,,,,,,,,,,,
109,,,,,,,,,,,,,,,,,,,,,
110,,,,,,,,,,,,,,,,,,,,,
111,,,,,,,,,,,,,,,,,,,,,
112,,,,,,,,,,,,,,,,,,,,,
113,,,,,,,,,,,,,,,,,,,,,
114,,,,,,,,,,,,,,,,,,,,,
115,,,,,,,,,,,,,,,,,,,,,
116,,,,,,,,,,,,,,,,,,,,,
117,,,,,,,,,,,,,,,,,,,,,
118,,,,,,,,,,,,,,,,,,,,,
119,,,,,,,,,,,,,,,,,,,,,
120,,,,,,,,,,,,,,,,,,,,,
Aman Verma,,,,,,,,,,,,,,,,,,,,,
121,Department of Chemistry,,2401CT,MA1101,1,Calculus and Linear Algebra,3-1-0,4,Core,0,,,,,,,,,,,
122,Department of Chemistry,,2401CT,CS1101,1,Foundations of Programming ,3-0-3,4.5,Core,0,,,,,,,,,,,
123,Department of Chemistry,,2401CT,,1,Physics,3-1-3,5.5,Core,0,PH1101/PH1201,,,,,,,,,,
124,Department of Chemistry,,2401CT,,1,Engineering Graphics,1-0-3,2.5,Core,0,,,,,,,,,,,
125,Department of Chemistry,,2401CT,,1,Electrical Sciences,3-0-3,4.5,Core,0,,,,,,,,,,,
126,Department of Chemistry,,2401CT,HS1101,1,English for Professionals,2-0-1,2.5,Core,0,,,,,,,,,,,
127,Department of Chemistry,,2401CT,MA1201,2,Probability Theory and Ordinary Differential Equations,3-1-0,4,Core,0,,,,,,,,,,,
128,Department of Chemistry,,2401CT,CS1201,2,Data Structure,3-0-3,4.5,Core,0,,,,,,,,,,,
129,Department of Chemistry,,2401CT,,2,Chemistry,3-1-3,5.5,Core,0,,,,,,,,,,,
130,Department of Chemistry,,2401CT,,2,Mechanical Fabrication,0-0-3,1.5,Core,0,,,,,,,,,,,
131,Department of Chemistry,,2401CT,,2,Engineering Mechanics,3-1-0,4,Core,0,,,,,,,,,,,
132,Department of Chemistry,,2401CT,IK1101,2,Indian Knowledge System(IKS),3-0-0,3,IKS,0,,,,,,,,,,,
133,Department of Chemistry,,2401CT,CH2101,3,Organic Chemistry,3-1-0,4,Core,0,,,,,,,,,,,
134,Department of Chemistry,,2401CT,CH2102,3,Inorganic Chemistry,3-1-0,4,Core,0,,,,,,,,,,,
135,Department of Chemistry,,2401CT,CH2103,3,Introduction to Quantum Chemistry,3-1-0,4,Core,0,,,,,,,,,,,
136,Department of Chemistry,,2401CT,CH2104,3,Fluid Mechanics,3-1-2,5,Core,0,,,,,,,,,,,
137,Department of Chemistry,,2401CT,CH2105,3,Chemical Process Calculations,3-0-0,3,Core,0,,,,,,,,,,,
138,Department of Chemistry,,2401CT,HS21PQ,3,HSS Elective-I,3-0-0,3,HS1,0,,,,,,,,,,,
139,Department of Chemistry,,2401CT,CH2201,4,Structure and function of Biomolecules,3-0-0,3,Core,0,,,,,,,,,,,
140,Department of Chemistry,,2401CT,CH2202,4,Introduction to Organometallics,3-1-0,4,Core,1,,,,,,,,,,,
141,Department of Chemistry,,2401CT,CH2203,4,Chemical Thermodynamics and Equilibrium,3-1-0,4,Core,0,,,,,,,,,,,
142,Department of Chemistry,,2401CT,CH2204,4,Industrial Chemistry,3-0-0,3,Core,0,,,,,,,,,,,
143,Department of Chemistry,,2401CT,CH2205,4,Chemical Technology Laboratory I,0-0-6,3,Core,0,,,,,,,,,,,
144,Department of Chemistry,,2401CT,CH2206,4,IDE1: Green Science and Technology,3-0-0,3,IDE1,0,,,,,,,,,,,
145,Department of Chemistry,,2401CT,CH3101,5,Macromolecular Science and Engineering,3-1-0,4,Core,1,,,,,,,,,,,
146,Department of Chemistry,,2401CT,CH3102,5,Design and Applications of Nanomaterials,2-1-0,3,Core,0,,,,,,,,,,,
147,Department of Chemistry,,2401CT,CH3103,5,Chemical Kinetics and Electrochemistry,3-0-0,3,Core,0,,,,,,,,,,,
148,Department of Chemistry,,2401CT,CH3104,5,Techniques for Chemical Analysis,3-1-0,4,Core,1,,,,,,,,,,,
149,Department of Chemistry,,2401CT,CH3105,5,Chemical Technology Laboratory II,0-0-6,3,Core,0,,,,,,,,,,,
150,Department of Chemistry,,2401CT,CH3106,5,IDE1I: Synthesis of Industrially Important Inorganic Molecules,3-0-0,3,IDE2,0,,,,,,,,,,,
151,Department of Chemistry,,2401CT,CH3201,6,Medicinal Chemistry,3-0-0,3,Core,0,,,,,,,,,,,
152,Department of Chemistry,,2401CT,CH3202,6,Environmental Science & Technology,3-0-0,3,Core,0,,,,,,,,,,,
153,Department of Chemistry,,2401CT,CH3203,6,Computational Chemistry,3-0-2,4,Core,1,,,,,,,,,,,
154,Department of Chemistry,,2401CT,CH3204,6,Chemistry for Propellants and Pyrotechnics,3-0-0,3,Core,0,,,,,,,,,,,
155,Department of Chemistry,,2401CT,CH3205,6,Chemical Technology Laboratory III,0-0-6,3,Core,0,,,,,,,,,,,
156,Department of Chemistry,,2401CT,CH32PQ,6,Department Elective-I,3-0-0,3,DE1,0,,,,,,,,,,,
157,Department of Chemistry,,2401CT,CH41PQ,7,Departmental Elective – II,3-0-0,3,DE2,0,,,,,,,,,,,
158,Department of Chemistry,,2401CT,CH41PQ,7,Departmental Elective – III,3-0-0,3,DE3,0,,,,,,,,,,,
159,Department of Chemistry,,2401CT,CH4111,7,IDE1II: Analytical Chemistry,3-0-0,3,IDE3,0,,,,,,,,,,,
160,Department of Chemistry,,2401CT,HS41PQ,7,HSS Elective II,3-0-0,3,HS2,0,,,,,,,,,,,
161,Department of Chemistry,,2401CT,CH4198,7,Summer Internship*,0-0-12,3,SI,0,,,,,,,,,,,
162,Department of Chemistry,,2401CT,CH4199,7,Project – I,0-0-6,6,P1,0,,,,,,,,,,,
163,Department of Chemistry,,2401CT,CH42XX,8,Departmental Elective – IV,3-0-0,3,DE4,0,,,,,,,,,,,
164,Department of Chemistry,,2401CT,CH42XX,8,Departmental Elective – V,3-0-0,3,DE5,0,,,,,,,,,,,
165,Department of Chemistry,,2401CT,CH42XX,8,Departmental Elective – VI,3-0-0,3,DE6,0,,,,,,,,,,,
166,Department of Chemistry,,2401CT,CH4299,8,Project – II,0-0-16,8,P2,0,,,,,,,,,,,
167,,,,,,,,,,,,,,,,,,,,,
168,,,,,,,,,,,,,,,,,,,,,
169,,,,,,,,,,,,,,,,,,,,,
170,,,,,,,,,,,,,,,,,,,,,
171,,,,,,,,,,,,,,,,,,,,,
172,,,,,,,,,,,,,,,,,,,,,
173,,,,,,,,,,,,,,,,,,,,,
174,,,,,,,,,,,,,,,,,,,,,
175,,,,,,,,,,,,,,,,,,,,,
176,,,,,,,,,,,,,,,,,,,,,
177,,,,,,,,,,,,,,,,,,,,,
178,,,,,,,,,,,,,,,,,,,,,
179,,,,,,,,,,,,,,,,,,,,,
180,,,,,,,,,,,,,,,,,,,,,
Aishez Singh,,,,,,,,,,,,,,,,,,,,,
181,Computer Science & Engineering,Artificial Intelligence and Data Science,2401AI,MA1101,1,Calculus and Linear Algebra,3-1-0,4,Core,0,,,,,,,,,,,
182,Computer Science & Engineering,Artificial Intelligence and Data Science,2401AI,CS1101,1,Foundations of Programming ,3-0-3,4.5,Core,0,,,,,,,,,,,
183,Computer Science & Engineering,Artificial Intelligence and Data Science,2401AI,PH1101/PH1201,1,Physics,3-1-3,5.5,Core,0,,,,,,,,,,,
184,Computer Science & Engineering,Artificial Intelligence and Data Science,2401AI,CE1101/CE1201,1,Engineering Graphics,1-0-3,2.5,Core,0,,,,,,,,,,,
185,Computer Science & Engineering,Artificial Intelligence and Data Science,2401AI,EE1101/EE1201,1,Electrical Sciences,3-0-3,4.5,Core,0,,,,,,,,,,,
186,Computer Science & Engineering,Artificial Intelligence and Data Science,2401AI,HS1101,1,English for Professionals,2-0-1,2.5,HS,0,,,,,,,,,,,
187,Computer Science & Engineering,Artificial Intelligence and Data Science,2401AI,MA1201,2,Probability Theory and Ordinary Differential Equations,3-1-0,4,Core,0,,,,,,,,,,,
188,Computer Science & Engineering,Artificial Intelligence and Data Science,2401AI,CS1201,2,Data Structure,3-0-3,4.5,Core,0,,,,,,,,,,,
189,Computer Science & Engineering,Artificial Intelligence and Data Science,2401AI,CH1201/CH1101,2,Chemistry,3-1-3,5.5,Core,0,,,,,,,,,,,
190,Computer Science & Engineering,Artificial Intelligence and Data Science,2401AI,ME1201/ME1101,2,Mechanical Fabrication,0-0-3,1.5,Core,0,,,,,,,,,,,
191,Computer Science & Engineering,Artificial Intelligence and Data Science,2401AI,ME1202/ME1102,2,Engineering Mechanics,3-1-0,4,Core,0,,,,,,,,,,,
192,Computer Science & Engineering,Artificial Intelligence and Data Science,2401AI,IK1101,2,IKS,3-0-0,3,IKS,0,,,,,,,,,,,
193,Computer Science & Engineering,Artificial Intelligence and Data Science,2401AI,CS2101,3,Algorithm,3-0-3,4.5,Core,0,,,,,,,,,,,
194,Computer Science & Engineering,Artificial Intelligence and Data Science,2401AI,CS2102,3,Digital Logic and Computer Organization,3-0-3,4.5,Core,0,,,,,,,,,,,
195,Computer Science & Engineering,Artificial Intelligence and Data Science,2401AI,CS2103,2,Artificial Intelligence Concepts,2-0-2,3,Core,1,,,,,,,,,,,
196,Computer Science & Engineering,Artificial Intelligence and Data Science,2401AI,CS2104,3,Discrete Mathematics,3-0-0,3,Core,0,,,,,,,,,,,
197,Computer Science & Engineering,Artificial Intelligence and Data Science,2401AI,CS2105,3,Optimization Techniques,3-0-0,3,Core,0,,,,,,,,,,,
198,Computer Science & Engineering,Artificial Intelligence and Data Science,2401AI,HS21PQ,3,HSS Elective I,3-0-0,3,HS,0,,,,,,,,,,,
199,Computer Science & Engineering,Artificial Intelligence and Data Science,2401AI,CS2201,4,Formal Language and Automata Theory,3-0-0,3,Core,0,,,,,,,,,,,
200,Computer Science & Engineering,Artificial Intelligence and Data Science,2401AI,CS2202,4,Database and Warehousing,3-0-2,4,Core,1,,,,,,,,,,,
201,Computer Science & Engineering,Artificial Intelligence and Data Science,2401AI,CS2203,4,Artificial Intelligence,3-0-3,4.5,Core,0,,,,,,,,,,,
202,Computer Science & Engineering,Artificial Intelligence and Data Science,2401AI,CS2204,4,IT Workshop,0-2-2,3,Core,0,,,,,,,,,,,
203,Computer Science & Engineering,Artificial Intelligence and Data Science,2401AI,CS2206,4,Data Analytics and Visualization,3-0-3,4.5,Core,0,,,,,,,,,,,
204,Computer Science & Engineering,Artificial Intelligence and Data Science,2401AI,CS2209,4,IDE1 (Introduction to Data Science),3-0-0,3,IDE1,0,,,,,,,,,,,
205,Computer Science & Engineering,Artificial Intelligence and Data Science,2401AI,CS3101,5,Operating System,3-0-3,4.5,Core,0,,,,,,,,,,,
206,Computer Science & Engineering,Artificial Intelligence and Data Science,2401AI,CS3102,5,Computer Network,3-0-3,4.5,Core,0,,,,,,,,,,,
207,Computer Science & Engineering,Artificial Intelligence and Data Science,2401AI,CS3103,5,Machine Learning,3-0-3,4.5,Core,1,,,,,,,,,,,
208,Computer Science & Engineering,Artificial Intelligence and Data Science,2401AI,CS3105,5,Natural Language Processing,3-0-3,4.5,Core,0,,,,,,,,,,,
209,Computer Science & Engineering,Artificial Intelligence and Data Science,2401AI,CS3109,5,IDE1I (Computer Graphics),3-0-0,3,IDE2,0,,,,,,,,,,,
210,Computer Science & Engineering,Artificial Intelligence and Data Science,2401AI,CS3201,6,Cyber Security,3-0-2,4,Core,0,,,,,,,,,,,
211,Computer Science & Engineering,Artificial Intelligence and Data Science,2401AI,CS3202,6,Deep Learning,3-0-3,4.5,Core,0,,,,,,,,,,,
212,Computer Science & Engineering,Artificial Intelligence and Data Science,2401AI,CS3204,6,Computer Vision,3-0-3,4.5,Core,0,,,,,,,,,,,
213,Computer Science & Engineering,Artificial Intelligence and Data Science,2401AI,CS3299,6,Capstone Project,0-0-6,3,Core,0,,,,,,,,,,,
214,Computer Science & Engineering,Artificial Intelligence and Data Science,2401AI,CS32XX,6,DE1,3-0-0,3,DE1,0,,,,,,,,,,,
215,Computer Science & Engineering,Artificial Intelligence and Data Science,2401AI,CS41XX,7,DE1I,3-0-0,3,DE2,0,,,,,,,,,,,
216,Computer Science & Engineering,Artificial Intelligence and Data Science,2401AI,CS41XX,7,DE1II,3-0-0,3,DE3,0,,,,,,,,,,,
217,Computer Science & Engineering,Artificial Intelligence and Data Science,2401AI,CS4109,7,IDE - III (Data Analysis and Visualization),3-0-0,3,IDE3,0,,,,,,,,,,,
218,Computer Science & Engineering,Artificial Intelligence and Data Science,2401AI,HS41PQ,7,HSS Elective II,3-0-0,3,HS2,0,,,,,,,,,,,
219,Computer Science & Engineering,Artificial Intelligence and Data Science,2401AI,CS4198,7,Summer Internship*/ Summer Project,0-0-12,3,SI/SP,0,,,,,,,,,,,
220,Computer Science & Engineering,Artificial Intelligence and Data Science,2401AI,CS4199,7,Project – I,0-0-12,6,P1,0,,,,,,,,,,,
221,,,,,,,,,,,,,,,,,,,,,
222,,,,,,,,,,,,,,,,,,,,,
223,,,,,,,,,,,,,,,,,,,,,
224,,,,,,,,,,,,,,,,,,,,,
225,,,,,,,,,,,,,,,,,,,,,
226,,,,,,,,,,,,,,,,,,,,,
227,,,,,,,,,,,,,,,,,,,,,
228,,,,,,,,,,,,,,,,,,,,,
229,,,,,,,,,,,,,,,,,,,,,
230,,,,,,,,,,,,,,,,,,,,,
231,,,,,,,,,,,,,,,,,,,,,
232,,,,,,,,,,,,,,,,,,,,,
233,,,,,,,,,,,,,,,,,,,,,
234,,,,,,,,,,,,,,,,,,,,,
235,,,,,,,,,,,,,,,,,,,,,
236,,,,,,,,,,,,,,,,,,,,,
237,,,,,,,,,,,,,,,,,,,,,
238,,,,,,,,,,,,,,,,,,,,,
239,,,,,,,,,,,,,,,,,,,,,
240,,,,,,,,,,,,,,,,,,,,,
Ashutosh Kumar Singh,Computer Science and Engineering,Btech in Computer Science and Engineering,2401CS,MA1101,1,Calculus and Linear Algebra,3-1-0,4,Core,0,,,,,,,,,,,
241,Computer Science and Engineering,Btech in Computer Science and Engineering,2401CS,CS1101,1,Foundations of Programming ,3-0-3,4.5,Core,0,,,,,,,,,,,
242,Computer Science and Engineering,Btech in Computer Science and Engineering,2401CS,PH1101/PH1201,1,Physics,3-1-3,5.5,Core,0,PH1101/PH1201,,,,,,,,,,
243,Computer Science and Engineering,Btech in Computer Science and Engineering,2401CS,CE1101/CE1201,1,Engineering Graphics,1-0-3,2.5,Core,0,,,,,,,,,,,
244,Computer Science and Engineering,Btech in Computer Science and Engineering,2401CS,EE1101/EE1201,1,Electrical Sciences,3-0-3,4.5,Core,0,,,,,,,,,,,
245,Computer Science and Engineering,Btech in Computer Science and Engineering,2401CS,HS1101,1,English for Professionals,2-0-1,2.5,HS,0,,,,,,,,,,,
246,Computer Science and Engineering,Btech in Computer Science and Engineering,2401CS,MA1201,2,Probability Theory and Ordinary Differential Equations,3-1-0,4,Core,0,,,,,,,,,,,
247,Computer Science and Engineering,Btech in Computer Science and Engineering,2401CS,CS1201,2,Data Structure,3-0-3,4.5,Core,0,,,,,,,,,,,
248,Computer Science and Engineering,Btech in Computer Science and Engineering,2401CS,CH1201/CH1101,2,Chemistry,3-1-3,5.5,Core,0,,,,,,,,,,,
249,Computer Science and Engineering,Btech in Computer Science and Engineering,2401CS,ME1201/ME1101,2,Mechanical Fabrication,0-0-3,1.5,Core,0,,,,,,,,,,,
250,Computer Science and Engineering,Btech in Computer Science and Engineering,2401CS,ME1202/ME1102,2,Engineering Mechanics,3-1-0,4,Core,0,,,,,,,,,,,
251,Computer Science and Engineering,Btech in Computer Science and Engineering,2401CS,IK1101,2,Indian Knowledge System(IKS),3-0-0,3,IKS,0,,,,,,,,,,,
252,Computer Science and Engineering,Btech in Computer Science and Engineering,2401CS,CS2101,3,Algorithm,3-0-3,4.5,Core,1,,,,,,,,,,,
253,Computer Science and Engineering,Btech in Computer Science and Engineering,2401CS,CS2102,3,Digital Logic and Computer Organization,3-0-3,4.5,Core,0,,,,,,,,,,,
254,Computer Science and Engineering,Btech in Computer Science and Engineering,2401CS,CS2103,3,Artificial Intelligence Concepts,2-0-2,3,Core,0,,,,,,,,,,,
255,Computer Science and Engineering,Btech in Computer Science and Engineering,2401CS,CS2104,3,Discrete Mathematics,3-0-0,3,Core,0,,,,,,,,,,,
256,Computer Science and Engineering,Btech in Computer Science and Engineering,2401CS,CS2105,3,Optimization Techniques,3-0-0,3,Core,0,,,,,,,,,,,
257,Computer Science and Engineering,Btech in Computer Science and Engineering,2401CS,HS21XX,3,HSS Elective I,3-0-0,3,HS,0,,,,,,,,,,,
258,Computer Science and Engineering,Btech in Computer Science and Engineering,2401CS,CS2201,4,Formal Language and Automata Theory,3-0-0,3,Core,0,,,,,,,,,,,
259,Computer Science and Engineering,Btech in Computer Science and Engineering,2401CS,CS2202,4,Database and Warehousing,3-0-2,4,Core,1,,,,,,,,,,,
260,Computer Science and Engineering,Btech in Computer Science and Engineering,2401CS,CS2203,4,Artificial Intelligence,3-0-3,4.5,Core,0,,,,,,,,,,,
261,Computer Science and Engineering,Btech in Computer Science and Engineering,2401CS,CS2204,4,IT Workshop,0-2-2,3,Core,0,,,,,,,,,,,
262,Computer Science and Engineering,Btech in Computer Science and Engineering,2401CS,CS2205,4,Computer Architecture,3-0-3,4.5,Core,0,,,,,,,,,,,
263,Computer Science and Engineering,Btech in Computer Science and Engineering,2401CS,CS2209,4,IDE - I (Introduction to Data Science),3-0-0,3,IDE1,0,,,,,,,,,,,
264,Computer Science and Engineering,Btech in Computer Science and Engineering,2401CS,CS3101,5,Operating System,3-0-3,4.5,Core,1,,,,,,,,,,,
265,Computer Science and Engineering,Btech in Computer Science and Engineering,2401CS,CS3102,5,Computer Network,3-0-3,4.5,Core,0,,,,,,,,,,,
266,Computer Science and Engineering,Btech in Computer Science and Engineering,2401CS,CS3103,5,Machine Learning,3-0-3,4.5,Core,0,,,,,,,,,,,
267,Computer Science and Engineering,Btech in Computer Science and Engineering,2401CS,CS3104,5,Compiler,3-0-3,4.5,Core,0,,,,,,,,,,,
268,Computer Science and Engineering,Btech in Computer Science and Engineering,2401CS,CS3109,5,IDE - II (Computer Graphics),3-0-0,3,IDE2,0,,,,,,,,,,,
269,Computer Science and Engineering,Btech in Computer Science and Engineering,2401CS,CS3201,6,Cyber Security,3-0-2,4,Core,1,,,,,,,,,,,
270,Computer Science and Engineering,Btech in Computer Science and Engineering,2401CS,CS3202,6,Deep Learning,3-0-3,4.5,Core,0,,,,,,,,,,,
271,Computer Science and Engineering,Btech in Computer Science and Engineering,2401CS,CS3203,6,Internet of Things,3-0-3,4.5,Core,0,,,,,,,,,,,
272,Computer Science and Engineering,Btech in Computer Science and Engineering,2401CS,CS32XX,6,DE1,3-0-0,3,DE1,0,,,,,,,,,,,
273,Computer Science and Engineering,Btech in Computer Science and Engineering,2401CS,CS3299,6,Capstone Project,0-0-6,3,Core,0,,,,,,,,,,,
274,Computer Science and Engineering,Btech in Computer Science and Engineering,2401CS,CS41XX,7,DE1I,3-0-0,3,DE2,0,,,,,,,,,,,
275,Computer Science and Engineering,Btech in Computer Science and Engineering,2401CS,CS41XX,7,DE1II,3-0-0,3,DE3,0,,,,,,,,,,,
276,Computer Science and Engineering,Btech in Computer Science and Engineering,2401CS,CS4109,7,IDE1II(Data Analysis and Visualization),3-0-0,3,IDE3,0,,,,,,,,,,,
277,Computer Science and Engineering,Btech in Computer Science and Engineering,2401CS,HS41PQ,7,HSS Elective II,3-0-0,3,HS2,0,,,,,,,,,,,
278,Computer Science and Engineering,Btech in Computer Science and Engineering,2401CS,CS4198,7,Summer Internship/ Summer Project,0-0-12,3,SI,0,,,,,,,,,,,
279,Computer Science and Engineering,Btech in Computer Science and Engineering,2401CS,CS4199,7,Project – I,0-0-12,6,P1,0,,,,,,,,,,,
280,Computer Science and Engineering,Btech in Computer Science and Engineering,2401CS,CS42XX,8,DE1V,3-0-0,3,DE4,0,,,,,,,,,,,
281,Computer Science and Engineering,Btech in Computer Science and Engineering,2401CS,CS42XX,8,DE5,3-0-0,3,DE5,0,,,,,,,,,,,
282,Computer Science and Engineering,Btech in Computer Science and Engineering,2401CS,CS42XX,8,DE5I,3-0-0,3,DE6,0,,,,,,,,,,,
283,Computer Science and Engineering,Btech in Computer Science and Engineering,2401CS,CS4299,8,Project – II,0-0-16,8,P2,0,,,,,,,,,,,
284,,,,,,,,,,,,,,,,,,,,,
285,,,,,,,,,,,,,,,,,,,,,
286,,,,,,,,,,,,,,,,,,,,,
287,,,,,,,,,,,,,,,,,,,,,
288,,,,,,,,,,,,,,,,,,,,,
289,,,,,,,,,,,,,,,,,,,,,
290,,,,,,,,,,,,,,,,,,,,,
291,,,,,,,,,,,,,,,,,,,,,
292,,,,,,,,,,,,,,,,,,,,,
293,,,,,,,,,,,,,,,,,,,,,
294,,,,,,,,,,,,,,,,,,,,,
295,,,,,,,,,,,,,,,,,,,,,
296,,,,,,,,,,,,,,,,,,,,,
297,,,,,,,,,,,,,,,,,,,,,
298,,,,,,,,,,,,,,,,,,,,,
299,,,,,,,,,,,,,,,,,,,,,
300,,,,,,,,,,,,,,,,,,,,,
Surya Teja,,,,,,,,,,,,,,,,,,,,,
301,Electrical Engineering,B. Tech. in Electronics and Communication Engineering (ECE)  and Minor in Communication.,2401EC,MA1101,1,Calculus and Linear Algebra,3-1-0,4,Core,0,,,,,,,,,,,
302,Electrical Engineering,B. Tech. in Electronics and Communication Engineering (ECE)  and Minor in Communication.,2401EC,CS1101,1,Foundations of Programming,3-0-3,4.5,Core,0,,,,,,,,,,,
303,Electrical Engineering,B. Tech. in Electronics and Communication Engineering (ECE)  and Minor in Communication.,2401EC,PH1101/PH1201,1,Physics,3-1-3,5.5,Core,0,,,,,,,,,,,
304,Electrical Engineering,B. Tech. in Electronics and Communication Engineering (ECE)  and Minor in Communication.,2401EC,CE1101/CE1201,1,Engineering Graphics,1-0-3,2.5,Core,0,,,,,,,,,,,
305,Electrical Engineering,B. Tech. in Electronics and Communication Engineering (ECE)  and Minor in Communication.,2401EC,EE1101/EE1201,1,Electrical Sciences,3-0-3,4.5,Core,0,,,,,,,,,,,
306,Electrical Engineering,B. Tech. in Electronics and Communication Engineering (ECE)  and Minor in Communication.,2401EC,HS1101,1,English for Professionals,2-0-1,2.5,HS,0,,,,,,,,,,,
307,Electrical Engineering,B. Tech. in Electronics and Communication Engineering (ECE)  and Minor in Communication.,2401EC,MA1201,2,Probability Theory and Ordinary Differential Equations,3-1-0,4,Core,0,,,,,,,,,,,
308,Electrical Engineering,B. Tech. in Electronics and Communication Engineering (ECE)  and Minor in Communication.,2401EC,CS1201,2,Data Structure,3-0-3,4.5,Core,0,,,,,,,,,,,
309,Electrical Engineering,B. Tech. in Electronics and Communication Engineering (ECE)  and Minor in Communication.,2401EC,CH1201/CH1101,2,Chemistry,3-1-3,5.5,Core,0,,,,,,,,,,,
310,Electrical Engineering,B. Tech. in Electronics and Communication Engineering (ECE)  and Minor in Communication.,2401EC,ME1201/ME1101,2,Mechanical Fabrication,0-0-3,1.5,Core,0,,,,,,,,,,,
311,Electrical Engineering,B. Tech. in Electronics and Communication Engineering (ECE)  and Minor in Communication.,2401EC,ME1202/ME1102,2,Engineering Mechanics,3-1-0,4,Core,0,,,,,,,,,,,
312,Electrical Engineering,B. Tech. in Electronics and Communication Engineering (ECE)  and Minor in Communication.,2401EC,IK1101,2,IKS,3-0-0,3,IKS,0,,,,,,,,,,,
313,Electrical Engineering,B. Tech. in Electronics and Communication Engineering (ECE)  and Minor in Communication.,2401EC,EE2101,3,Measurements and Instrumentation,3-0-2,4,Core,0,,,,,,,,,,,
314,Electrical Engineering,B. Tech. in Electronics and Communication Engineering (ECE)  and Minor in Communication.,2401EC,EE2102,3,Network Analysis and Synthesis,3-0-0,3,Core,0,,,,,,,,,,,
315,Electrical Engineering,B. Tech. in Electronics and Communication Engineering (ECE)  and Minor in Communication.,2401EC,EC2101,3,Analog Circuits,3-0-2,4,Core,0,,,,,,,,,,,
316,Electrical Engineering,B. Tech. in Electronics and Communication Engineering (ECE)  and Minor in Communication.,2401EC,EC2102,3,Signals and Systems,3-1-0,4,Core,1,,,,,,,,,,,
317,Electrical Engineering,B. Tech. in Electronics and Communication Engineering (ECE)  and Minor in Communication.,2401EC,EC2103,3,Semiconductor Devices,3-0-2,4,Core,0,,,,,,,,,,,
318,Electrical Engineering,B. Tech. in Electronics and Communication Engineering (ECE)  and Minor in Communication.,2401EC,HS21PQ,3,HSS Elective I,3-0-0,3,HS1,0,,,,,,,,,,,
319,Electrical Engineering,B. Tech. in Electronics and Communication Engineering (ECE)  and Minor in Communication.,2401EC,EC2201,4,Digital Electronics,3-0-2,4,Core,1,,,,,,,,,,,
320,Electrical Engineering,B. Tech. in Electronics and Communication Engineering (ECE)  and Minor in Communication.,2401EC,EC2202,4,Microprocessor,2-0-2,3,Core,0,,,,,,,,,,,
321,Electrical Engineering,B. Tech. in Electronics and Communication Engineering (ECE)  and Minor in Communication.,2401EC,EE2201,4,Control Systems,3-0-2,4,Core,0,,,,,,,,,,,
322,Electrical Engineering,B. Tech. in Electronics and Communication Engineering (ECE)  and Minor in Communication.,2401EC,EC2203,4,Computer Organization and Architecture,3-0-0,3,Core,0,,,,,,,,,,,
323,Electrical Engineering,B. Tech. in Electronics and Communication Engineering (ECE)  and Minor in Communication.,2401EC,EC2204,4,Internet of Things,3-0-0,3,Core,0,,,,,,,,,,,
324,Electrical Engineering,B. Tech. in Electronics and Communication Engineering (ECE)  and Minor in Communication.,2401EC,XX22PQ,4,IDE I,3-0-0,3,IDE1,0,,,,,,,,,,,
325,Electrical Engineering,B. Tech. in Electronics and Communication Engineering (ECE)  and Minor in Communication.,2401EC,EC3101,5,Microcontroller and Embedded System,3-0-2,4,Core,0,,,,,,,,,,,
326,Electrical Engineering,B. Tech. in Electronics and Communication Engineering (ECE)  and Minor in Communication.,2401EC,EE3102,5,VLSI Design,3-0-2,4,Core,0,,,,,,,,,,,
327,Electrical Engineering,B. Tech. in Electronics and Communication Engineering (ECE)  and Minor in Communication.,2401EC,EC3103,5,Analog Communication,3-0-2,4,Core,1,,,,,,,,,,,
328,Electrical Engineering,B. Tech. in Electronics and Communication Engineering (ECE)  and Minor in Communication.,2401EC,EC3104,5,Engineering Electromagnetics,3-0-0,3,Core,0,,,,,,,,,,,
329,Electrical Engineering,B. Tech. in Electronics and Communication Engineering (ECE)  and Minor in Communication.,2401EC,EC3105,5,Random Signals and Stochastic Processes,3-0-0,3,Core,0,,,,,,,,,,,
330,Electrical Engineering,B. Tech. in Electronics and Communication Engineering (ECE)  and Minor in Communication.,2401EC,XX31PQ,5,IDE II,3-0-0,3,IDE2,0,,,,,,,,,,,
331,Electrical Engineering,B. Tech. in Electronics and Communication Engineering (ECE)  and Minor in Communication.,2401EC,EC3201,6,Digital Communication,3-0-2,4,Core,0,,,,,,,,,,,
332,Electrical Engineering,B. Tech. in Electronics and Communication Engineering (ECE)  and Minor in Communication.,2401EC,EC3202,6,Digital Signal Processing,3-0-0,4,Core,0,,,,,,,,,,,
333,Electrical Engineering,B. Tech. in Electronics and Communication Engineering (ECE)  and Minor in Communication.,2401EC,EC3203,6,Introduction to AI/ML,3-0-0,3,Core,0,,,,,,,,,,,
334,Electrical Engineering,B. Tech. in Electronics and Communication Engineering (ECE)  and Minor in Communication.,2401EC,EC3204,6,Low Power MOSFETs Design and Modeling,3-0-0,3,Core,0,,,,,,,,,,,
335,Electrical Engineering,B. Tech. in Electronics and Communication Engineering (ECE)  and Minor in Communication.,2401EC,EC3205,6,Introduction to Wireless Communications,3-0-0,3,Core,0,,,,,,,,,,,
336,Electrical Engineering,B. Tech. in Electronics and Communication Engineering (ECE)  and Minor in Communication.,2401EC,EC3206,6,RF Systems,3-0-0,3,Core,0,,,,,,,,,,,
337,Electrical Engineering,B. Tech. in Electronics and Communication Engineering (ECE)  and Minor in Communication.,2401EC,EC41XX,7,Department Elective I,3-0-0,3,DE1,0,,,,,,,,,,,
338,Electrical Engineering,B. Tech. in Electronics and Communication Engineering (ECE)  and Minor in Communication.,2401EC,EC41XX,7,Department Elective II,3-0-0,3,DE2,0,,,,,,,,,,,
339,Electrical Engineering,B. Tech. in Electronics and Communication Engineering (ECE)  and Minor in Communication.,2401EC,XX41PQ,7,IDE III,3-0-0,3,IDE3,0,,,,,,,,,,,
340,Electrical Engineering,B. Tech. in Electronics and Communication Engineering (ECE)  and Minor in Communication.,2401EC,HS41PQ,7,HSS Elective II,3-0-0,3,HS2,0,,,,,,,,,,,
341,Electrical Engineering,B. Tech. in Electronics and Communication Engineering (ECE)  and Minor in Communication.,2401EC,EC4198,7,Summer Internship*,0-0-12,3,SI,0,,,,,,,,,,,
342,Electrical Engineering,B. Tech. in Electronics and Communication Engineering (ECE)  and Minor in Communication.,2401EC,EC4199,7,Project – I,0-0-12,6,P1,0,,,,,,,,,,,
343,Electrical Engineering,B. Tech. in Electronics and Communication Engineering (ECE)  and Minor in Communication.,2401EC,EC42XX,8,Department Elective III,3-0-0,3,DE3,0,,,,,,,,,,,
344,Electrical Engineering,B. Tech. in Electronics and Communication Engineering (ECE)  and Minor in Communication.,2401EC,EC42XX,8,Department Elective IV,3-0-0,3,DE4,0,,,,,,,,,,,
345,Electrical Engineering,B. Tech. in Electronics and Communication Engineering (ECE)  and Minor in Communication.,2401EC,EC42XX,8,Department Elective V,3-0-0,3,DE5,0,,,,,,,,,,,
346,Electrical Engineering,B. Tech. in Electronics and Communication Engineering (ECE)  and Minor in Communication.,2401EC,EC4299,8,Project – II,0-0-16,8,P2,0,,,,,,,,,,,
347,,,,,,,,,,,,,,,,,,,,,
348,,,,,,,,,,,,,,,,,,,,,
349,,,,,,,,,,,,,,,,,,,,,
350,,,,,,,,,,,,,,,,,,,,,
351,,,,,,,,,,,,,,,,,,,,,
352,,,,,,,,,,,,,,,,,,,,,
353,,,,,,,,,,,,,,,,,,,,,
354,,,,,,,,,,,,,,,,,,,,,
355,,,,,,,,,,,,,,,,,,,,,
356,,,,,,,,,,,,,,,,,,,,,
357,,,,,,,,,,,,,,,,,,,,,
358,,,,,,,,,,,,,,,,,,,,,
359,,,,,,,,,,,,,,,,,,,,,
360,,,,,,,,,,,,,,,,,,,,,
DASARI PARDHA SARADHI,,,,,,,,,,,,,,,,,,,,,
361,Electrical Engineering,Btech in Electrical and Electronics Engineering,2401EE,MA1101,1,Calculus and Linear Algebra,3-1-0,4,Core,0,,,,,,,,,,,
362,Electrical Engineering,Btech in Electrical and Electronics Engineering,2401EE,CS1101,1,Foundations of Programming ,3-0-3,4.5,Core,0,,,,,,,,,,,
363,Electrical Engineering,Btech in Electrical and Electronics Engineering,2401EE,PH1101/PH1201,1,Physics,3-1-3,5.5,Core,0,,,,,,,,,,,
364,Electrical Engineering,Btech in Electrical and Electronics Engineering,2401EE,CE1101/CE1201,1,Engineering Graphics,1-0-3,2.5,Core,0,,,,,,,,,,,
365,Electrical Engineering,Btech in Electrical and Electronics Engineering,2401EE,EE1101/EE1201,1,Electrical Sciences,3-0-3,4.5,Core,0,,,,,,,,,,,
366,Electrical Engineering,Btech in Electrical and Electronics Engineering,2401EE,HS1101,1,English for Professionals,2-0-1,2.5,HS,0,,,,,,,,,,,
367,Electrical Engineering,Btech in Electrical and Electronics Engineering,2401EE,MA1201,2,Probability Theory and Ordinary Differential Equations,3-1-0,4,Core,0,,,,,,,,,,,
368,Electrical Engineering,Btech in Electrical and Electronics Engineering,2401EE,CS1201,2,Data Structure,3-0-3,4.5,Core,0,,,,,,,,,,,
369,Electrical Engineering,Btech in Electrical and Electronics Engineering,2401EE,CH1201/CH1101,2,Chemistry,3-1-3,5.5,Core,0,,,,,,,,,,,
370,Electrical Engineering,Btech in Electrical and Electronics Engineering,2401EE,ME1201/ME1101,2,Mechanical Fabrication,0-0-3,1.5,Core,0,,,,,,,,,,,
371,Electrical Engineering,Btech in Electrical and Electronics Engineering,2401EE,ME1202/ME1102,2,Engineering Mechanics,3-1-0,4,Core,0,,,,,,,,,,,
372,Electrical Engineering,Btech in Electrical and Electronics Engineering,2401EE,IK1101,2,IKS,3-0-0,3,IKS,0,,,,,,,,,,,
373,Electrical Engineering,Btech in Electrical and Electronics Engineering,2401EE,EE2101,3,Measurements and Instrumentation,3-0-2,4,Core,0,,,,,,,,,,,
374,Electrical Engineering,Btech in Electrical and Electronics Engineering,2401EE,EE2102,3,Network Analysis and Synthesis,3-0-0,3,Core,0,,,,,,,,,,,
375,Electrical Engineering,Btech in Electrical and Electronics Engineering,2401EE,EC2101,3,Analog Circuits,3-0-2,4,Core,0,,,,,,,,,,,
376,Electrical Engineering,Btech in Electrical and Electronics Engineering,2401EE,EC2102,3,Signals and Systems,3-1-0,4,Core,0,,,,,,,,,,,
377,Electrical Engineering,Btech in Electrical and Electronics Engineering,2401EE,EE2103,3,Electrical Machines – I,2-0-2,3,Core,0,,,,,,,,,,,
378,Electrical Engineering,Btech in Electrical and Electronics Engineering,2401EE,HS21PQ,3,HS1,3-0-0,3,HS1,0,,,,,,,,,,,
379,Electrical Engineering,Btech in Electrical and Electronics Engineering,2401EE,EC2201,4,Digital Electronics,3-0-2,4,Core,0,,,,,,,,,,,
380,Electrical Engineering,Btech in Electrical and Electronics Engineering,2401EE,EC2202,4,Microprocessor,2-0-2,3,Core,0,,,,,,,,,,,
381,Electrical Engineering,Btech in Electrical and Electronics Engineering,2401EE,EE2201,4,Control Systems,3-0-2,4,Core,0,,,,,,,,,,,
382,Electrical Engineering,Btech in Electrical and Electronics Engineering,2401EE,EE2202,4,Electrical Machines-II,2-0-2,3,Core,0,,,,,,,,,,,
383,Electrical Engineering,Btech in Electrical and Electronics Engineering,2401EE,EC2204,4,Internet of Things,3-0-0,3,Core,0,,,,,,,,,,,
384,Electrical Engineering,Btech in Electrical and Electronics Engineering,2401EE,XX22PQ,4,IDE1,3-0-0,3,IDE1,0,,,,,,,,,,,
385,Electrical Engineering,Btech in Electrical and Electronics Engineering,2401EE,EC3101,5,Microcontroller and Embedded System,3-0-2,4,Core,0,,,,,,,,,,,
386,Electrical Engineering,Btech in Electrical and Electronics Engineering,2401EE,EE3101,5,Power Systems-I,2-0-2,3,Core,0,,,,,,,,,,,
387,Electrical Engineering,Btech in Electrical and Electronics Engineering,2401EE,EE3102,5,Modern Control Theory,3-0-2,4,Core,0,,,,,,,,,,,
388,Electrical Engineering,Btech in Electrical and Electronics Engineering,2401EE,EC3104,5,Engineering Electromagnetics,3-0-0,3,Core,0,,,,,,,,,,,
389,Electrical Engineering,Btech in Electrical and Electronics Engineering,2401EE,EC3105,5,Random Signals and Stochastic Processes,3-0-0,3,Core,0,,,,,,,,,,,
390,Electrical Engineering,Btech in Electrical and Electronics Engineering,2401EE,XX31PQ,5,IDE2,3-0-0,3,IDE2,0,,,,,,,,,,,
391,Electrical Engineering,Btech in Electrical and Electronics Engineering,2401EE,EE3201,6,Fundamentals of Electric Drives,3-0-2,4,Core,0,,,,,,,,,,,
392,Electrical Engineering,Btech in Electrical and Electronics Engineering,2401EE,EC3202,6,Digital Signal Processing,3-0-2,4,Core,0,,,,,,,,,,,
393,Electrical Engineering,Btech in Electrical and Electronics Engineering,2401EE,EC3203,6,Introduction to AI/ML,3-0-0,3,Core,0,,,,,,,,,,,
394,Electrical Engineering,Btech in Electrical and Electronics Engineering,2401EE,EE3202,6,Power System II,3-0-2,4,Core,0,,,,,,,,,,,
395,Electrical Engineering,Btech in Electrical and Electronics Engineering,2401EE,EE3203,6,Power Electronics,3-0-2,4,Core,0,,,,,,,,,,,
396,Electrical Engineering,Btech in Electrical and Electronics Engineering,2401EE,EE3204,6,Electrical Machine Design,1-0-2,2,Core,0,,,,,,,,,,,
397,Electrical Engineering,Btech in Electrical and Electronics Engineering,2401EE,EE41xx,7,DE1,3-0-0,3,DE1,0,,,,,,,,,,,
398,Electrical Engineering,Btech in Electrical and Electronics Engineering,2401EE,EE41xx,7,DE2,3-0-0,3,DE2,0,,,,,,,,,,,
399,Electrical Engineering,Btech in Electrical and Electronics Engineering,2401EE,HS41PQ,7,HS2,3-0-0,3,HS2,0,,,,,,,,,,,
400,Electrical Engineering,Btech in Electrical and Electronics Engineering,2401EE,XX41PQ,7,IDE3,3-0-0,3,IDE3,0,,,,,,,,,,,
401,Electrical Engineering,Btech in Electrical and Electronics Engineering,2401EE,EE4198,7,SI,0-0-12,3,SI,0,,,,,,,,,,,
402,Electrical Engineering,Btech in Electrical and Electronics Engineering,2401EE,EE4199,7,P1,0-0-12,6,P1,0,,,,,,,,,,,
403,Electrical Engineering,Btech in Electrical and Electronics Engineering,2401EE,EE42xx,8,DE3,3-0-0,3,DE3,0,,,,,,,,,,,
404,Electrical Engineering,Btech in Electrical and Electronics Engineering,2401EE,EE42xx,8,DE4,3-0-0,3,DE4,0,,,,,,,,,,,
405,Electrical Engineering,Btech in Electrical and Electronics Engineering,2401EE,EE42xx,8,DE5,3-0-0,3,DE5,0,,,,,,,,,,,
406,Electrical Engineering,Btech in Electrical and Electronics Engineering,2401EE,EE4299,8,P2,0-0-16,8,P2,0,,,,,,,,,,,
407,,,,,,,,,,,,,,,,,,,,,
408,,,,,,,,,,,,,,,,,,,,,
409,,,,,,,,,,,,,,,,,,,,,
410,,,,,,,,,,,,,,,,,,,,,
411,,,,,,,,,,,,,,,,,,,,,
412,,,,,,,,,,,,,,,,,,,,,
413,,,,,,,,,,,,,,,,,,,,,
414,,,,,,,,,,,,,,,,,,,,,
415,,,,,,,,,,,,,,,,,,,,,
416,,,,,,,,,,,,,,,,,,,,,
417,,,,,,,,,,,,,,,,,,,,,
418,,,,,,,,,,,,,,,,,,,,,
419,,,,,,,,,,,,,,,,,,,,,
420,,,,,,,,,,,,,,,,,,,,,
Satyam Vyas,,,,,,,,,,,,,,,,,,,,,
421,Mathematics & Computing,B. Tech. in Mathematics & Computing,2401MC,MA1101,1,Calculus and Linear Algebra,3-1-0,4,Core,0,,,,,,,,,,,
422,Mathematics & Computing,B. Tech. in Mathematics & Computing,2401MC,CS1101,1,Foundations of Programming,3-0-3,4.5,Core,0,,,,,,,,,,,
423,Mathematics & Computing,B. Tech. in Mathematics & Computing,2401MC,PH1101/PH1201,1,Physics,3-1-3,5.5,Core,0,,,,,,,,,,,
424,Mathematics & Computing,B. Tech. in Mathematics & Computing,2401MC,CE1101/CE1201,1,Engineering Graphics,1-0-3,2.5,Core,0,,,,,,,,,,,
425,Mathematics & Computing,B. Tech. in Mathematics & Computing,2401MC,EE1101/EE1201,1,Electrical Sciences,3-0-3,4.5,Core,0,,,,,,,,,,,
426,Mathematics & Computing,B. Tech. in Mathematics & Computing,2401MC,HS1101,1,English for Professionals,2-0-1,2.5,Core,0,,,,,,,,,,,
427,Mathematics & Computing,B. Tech. in Mathematics & Computing,2401MC,MA1201,2,Probability Theory and Ordinary Differential Equations,3-1-0,4,Core,0,,,,,,,,,,,
428,Mathematics & Computing,B. Tech. in Mathematics & Computing,2401MC,CS1201,2,Data Structure,3-0-3,4.5,Core,0,,,,,,,,,,,
429,Mathematics & Computing,B. Tech. in Mathematics & Computing,2401MC,CH1201/CH1101,2,Chemistry,3-1-3,5.5,Core,0,,,,,,,,,,,
430,Mathematics & Computing,B. Tech. in Mathematics & Computing,2401MC,ME1201/ME1101,2,Mechanical Fabrication,0-0-3,1.5,Core,0,,,,,,,,,,,
431,Mathematics & Computing,B. Tech. in Mathematics & Computing,2401MC,ME1202/ME1102,2,Engineering Mechanics,3-1-0,4,Core,0,,,,,,,,,,,
432,Mathematics & Computing,B. Tech. in Mathematics & Computing,2401MC,IK1101,2,Indian Knowledge System (IKS),3-0-0,3,IKS,0,,,,,,,,,,,
433,Mathematics & Computing,B. Tech. in Mathematics & Computing,2401MC,MA2101,3,Design and Analysis of Algorithms,3-0-2,4,Core,0,,,,,,,,,,,
434,Mathematics & Computing,B. Tech. in Mathematics & Computing,2401MC,MA2102,3,Probability and Stochastic Processes,3-1-0,4,Core,0,,,,,,,,,,,
435,Mathematics & Computing,B. Tech. in Mathematics & Computing,2401MC,MA2103,3,Optimization Techniques,3-0-0,3,Core,0,,,,,,,,,,,
436,Mathematics & Computing,B. Tech. in Mathematics & Computing,2401MC,MA2104,3,Algebra,3-0-0,3,Core,0,,,,,,,,,,,
437,Mathematics & Computing,B. Tech. in Mathematics & Computing,2401MC,MA2105,3,Discrete Mathematics,3-0-0,3,Core,0,,,,,,,,,,,
438,Mathematics & Computing,B. Tech. in Mathematics & Computing,2401MC,HS21PQ,3,HS1,3-0-0,3,HS1,0,,,,,,,,,,,
439,Mathematics & Computing,B. Tech. in Mathematics & Computing,2401MC,MA2201,4,Introduction to Machine Learning,2-0-2,3,Core,0,,,,,,,,,,,
440,Mathematics & Computing,B. Tech. in Mathematics & Computing,2401MC,MA2202,4,Real Analysis and Measure Theory,3-0-0,3,Core,0,,,,,,,,,,,
441,Mathematics & Computing,B. Tech. in Mathematics & Computing,2401MC,MA2203,4,Numerical Linear Algebra,3-0-2,4,Core,0,,,,,,,,,,,
442,Mathematics & Computing,B. Tech. in Mathematics & Computing,2401MC,MA2204,4,Computer Architecture and Organization,3-0-3,4.5,Core,0,,,,,,,,,,,
443,Mathematics & Computing,B. Tech. in Mathematics & Computing,2401MC,MA2205,4,Database Management Systems,3-0-3,4.5,Core,0,,,,,,,,,,,
444,Mathematics & Computing,B. Tech. in Mathematics & Computing,2401MC,XX22PQ,4,IDE I,3-0-0,3,IDE1,0,,,,,,,,,,,
445,Mathematics & Computing,B. Tech. in Mathematics & Computing,2401MC,MA3101,5,Ordinary and Partial Differential Equations,3-0-0,3,Core,0,,,,,,,,,,,
446,Mathematics & Computing,B. Tech. in Mathematics & Computing,2401MC,MA3102,5,Complex Analysis,3-0-0,3,Core,0,,,,,,,,,,,
447,Mathematics & Computing,B. Tech. in Mathematics & Computing,2401MC,MA3103,5,Theory of Computation,3-0-0,3,Core,0,,,,,,,,,,,
448,Mathematics & Computing,B. Tech. in Mathematics & Computing,2401MC,MA3104,5,Computer Networks,3-0-3,4.5,Core,0,,,,,,,,,,,
449,Mathematics & Computing,B. Tech. in Mathematics & Computing,2401MC,MA3105,5,Operating Systems,3-0-3,4.5,Core,0,,,,,,,,,,,
450,Mathematics & Computing,B. Tech. in Mathematics & Computing,2401MC,XX31PQ,5,IDE II,3-0-0,3,IDE2,0,,,,,,,,,,,
451,Mathematics & Computing,B. Tech. in Mathematics & Computing,2401MC,MA3201,6,Number Theory and Cryptography,3-0-0,3,Core,0,,,,,,,,,,,
452,Mathematics & Computing,B. Tech. in Mathematics & Computing,2401MC,MA3202,6,Numerical Methods,3-0-2,4,Core,0,,,,,,,,,,,
453,Mathematics & Computing,B. Tech. in Mathematics & Computing,2401MC,MA3203,6,Mathematical Statistics,3-0-0,3,Core,0,,,,,,,,,,,
454,Mathematics & Computing,B. Tech. in Mathematics & Computing,2401MC,MA3204,6,Convex Optimization,3-0-2,4,Core,0,,,,,,,,,,,
455,Mathematics & Computing,B. Tech. in Mathematics & Computing,2401MC,MA3205,6,Functional Analysis,3-0-0,3,Core,0,,,,,,,,,,,
456,Mathematics & Computing,B. Tech. in Mathematics & Computing,2401MC,MA3206,6,Artificial Intelligence,3-0-2,4,Core,0,,,,,,,,,,,
457,Mathematics & Computing,B. Tech. in Mathematics & Computing,2401MC,HSXXX,7,HSS Elective - II,3-0-0,3,HS2,0,,,,,,,,,,,
458,Mathematics & Computing,B. Tech. in Mathematics & Computing,2401MC,XX41PQ,7,IDE - III,3-0-0,3,IDE3,0,,,,,,,,,,,
459,Mathematics & Computing,B. Tech. in Mathematics & Computing,2401MC,MA41PQ,7,Departmental Elective I,3-0-0,3,DE1,0,,,,,,,,,,,
460,Mathematics & Computing,B. Tech. in Mathematics & Computing,2401MC,MA41PQ,7,Departmental Elective II,3-0-0,3,DE2,0,LTP not mentioned in pdf,,,,,,,,,,
461,Mathematics & Computing,B. Tech. in Mathematics & Computing,2401MC,MA4198,7,Summer Internship,0-0-12,3,SI,0,,,,,,,,,,,
462,Mathematics & Computing,B. Tech. in Mathematics & Computing,2401MC,MA4199,7,Project I,0-0-12,6,P1,0,,,,,,,,,,,
463,Mathematics & Computing,B. Tech. in Mathematics & Computing,2401MC,MA42PQ,8,Departmental Elective  III,3-0-0,3,DE3,0,,,,,,,,,,,
464,Mathematics & Computing,B. Tech. in Mathematics & Computing,2401MC,MA42PQ,8,Departmental Elective IV,3-0-0,3,DE4,0,,,,,,,,,,,
465,Mathematics & Computing,B. Tech. in Mathematics & Computing,2401MC,MA42PQ,8,Departmental Elective V,3-0-0,3,DE5,0,LTP not mentioned in pdf,,,,,,,,,,
466,Mathematics & Computing,B. Tech. in Mathematics & Computing,2401MC,MA4299,8,Project II,0-0-16,8,P2,0,,,,,,,,,,,
467,,,,,,,,,,,,,,,,,,,,,
468,,,,,,,,,,,,,,,,,,,,,
469,,,,,,,,,,,,,,,,,,,,,
470,,,,,,,,,,,,,,,,,,,,,
471,,,,,,,,,,,,,,,,,,,,,
472,,,,,,,,,,,,,,,,,,,,,
473,,,,,,,,,,,,,,,,,,,,,
474,,,,,,,,,,,,,,,,,,,,,
475,,,,,,,,,,,,,,,,,,,,,
476,,,,,,,,,,,,,,,,,,,,,
477,,,,,,,,,,,,,,,,,,,,,
478,,,,,,,,,,,,,,,,,,,,,
479,,,,,,,,,,,,,,,,,,,,,
480,,,,,,,,,,,,,,,,,,,,,
Anshika Chourasia,,,,,,,,,,,,,,,,,,,,,
481,Mechanical Engineering,Btech in Mechanical Engineering,2401ME,MA1101,1,Calculus and Linear Algebra,3-1-0,4,Core,0,,,,,,,,,,,
482,Mechanical Engineering,Btech in Mechanical Engineering,2401ME,CS1101,1,Foundations of Programming ,3-0-3,4.5,Core,0,,,,,,,,,,,
483,Mechanical Engineering,Btech in Mechanical Engineering,2401ME,PH1101/PH1201,1,Physics,3-1-3,5.5,Core,0,,,,,,,,,,,
484,Mechanical Engineering,Btech in Mechanical Engineering,2401ME,CE1101/CE1201,1,Engineering Graphics,1-0-3,2.5,Core,0,,,,,,,,,,,
485,Mechanical Engineering,Btech in Mechanical Engineering,2401ME,EE1101/EE1201,1,Electrical Sciences,3-0-3,4.5,Core,0,,,,,,,,,,,
486,Mechanical Engineering,Btech in Mechanical Engineering,2401ME,HS1101,1,English for Professionals,2-0-1,2.5,Core,0,,,,,,,,,,,
487,Mechanical Engineering,Btech in Mechanical Engineering,2401ME,MA1201,2,Probability Theory and Ordinary Differential Equations,3-1-0,4,Core,0,,,,,,,,,,,
488,Mechanical Engineering,Btech in Mechanical Engineering,2401ME,CS1201,2,Data Structure,3-0-3,4.5,Core,0,,,,,,,,,,,
489,Mechanical Engineering,Btech in Mechanical Engineering,2401ME,CH1201/CH1101,2,Chemistry,3-1-3,5.5,Core,0,,,,,,,,,,,
490,Mechanical Engineering,Btech in Mechanical Engineering,2401ME,ME1201/ME1101,2,Mechanical Fabrication,0-0-3,1.5,Core,0,,,,,,,,,,,
491,Mechanical Engineering,Btech in Mechanical Engineering,2401ME,ME1202/ME1102,2,Engineering Mechanics,3-1-0,4,Core,0,,,,,,,,,,,
492,Mechanical Engineering,Btech in Mechanical Engineering,2401ME,IK1101,2,Indian Knowledge System(IKS),3-0-0,3,IKS,0,,,,,,,,,,,
493,Mechanical Engineering,Btech in Mechanical Engineering,2401ME,ME2101,3,Dynamics,3-1-0,4,Core,0,,,,,,,,,,,
494,Mechanical Engineering,Btech in Mechanical Engineering,2401ME,ME2102,3,Thermodynamics,3-1-0,4,Core,0,,,,,,,,,,,
495,Mechanical Engineering,Btech in Mechanical Engineering,2401ME,ME2103,3,Fluid Mechanics,3-1-2,5,3-1-0,0,,,,,,,,,,,
496,Mechanical Engineering,Btech in Mechanical Engineering,2401ME,ME2104,3,Engineering Materials,3-0-2,4,3-1-0,0,,,,,,,,,,,
497,Mechanical Engineering,Btech in Mechanical Engineering,2401ME,HS21PQ,3,HS1,3-0-0,3,HS1,0,,,,,,,,,,,
498,Mechanical Engineering,Btech in Mechanical Engineering,2401ME,ME2102,3,Thermodynamics,3-1-0,4,Core,1,,,,,,,,,,,
499,Mechanical Engineering,Btech in Mechanical Engineering,2401ME,ME2201,4,Kinematics and Dynamics of Mechanisms,3-1-2,5,Core,0,,,,,,,,,,,
500,Mechanical Engineering,Btech in Mechanical Engineering,2401ME,ME2202,4,Heat and Mass Transfer,3-1-2,5,Core,0,,,,,,,,,,,
501,Mechanical Engineering,Btech in Mechanical Engineering,2401ME,ME2203,4,Mechanics of Solids,3-1-0,4,Core,0,,,,,,,,,,,
502,Mechanical Engineering,Btech in Mechanical Engineering,2401ME,ME2204,4,Mechanical Measurements and Instrumentation,3-0-2,4,Core,0,,,,,,,,,,,
503,Mechanical Engineering,Btech in Mechanical Engineering,2401ME,XX22PQ,4,IDE1,3-0-0,3,IDE1,0,,,,,,,,,,,
504,Mechanical Engineering,Btech in Mechanical Engineering,2401ME,ME2202,4,Heat and Mass Transfer,3-1-2,5,Core,1,,,,,,,,,,,
505,Mechanical Engineering,Btech in Mechanical Engineering,2401ME,ME3101,5,Data Analytics and Machine Learning Tools for Engineers,1-2-1,3.5,Core,0,,,,,,,,,,,
506,Mechanical Engineering,Btech in Mechanical Engineering,2401ME,ME3102,5,Design of Machine Elements,3-0-3,4.5,Core,0,,,,,,,,,,,
507,Mechanical Engineering,Btech in Mechanical Engineering,2401ME,ME3103,5,Manufacturing Technology- I,3-0-2,4,Core,0,,,,,,,,,,,
508,Mechanical Engineering,Btech in Mechanical Engineering,2401ME,ME3104,5,Engineering Software Laboratory,1-0-3,2.5,Core,0,,,,,,,,,,,
509,Mechanical Engineering,Btech in Mechanical Engineering,2401ME,ME3105,5,Numerical Methods for Engineers,3-0-0,3,Core,0,,,,,,,,,,,
510,Mechanical Engineering,Btech in Mechanical Engineering,2401ME,XX31PQ,5,IDE2,3-0-0,3,IDE2,0,,,,,,,,,,,
511,Mechanical Engineering,Btech in Mechanical Engineering,2401ME,ME3104,5,Engineering Software Laboratory,1-0-3,2.5,Core,1,,,,,,,,,,,
512,Mechanical Engineering,Btech in Mechanical Engineering,2401ME,ME3201,6,Applied Thermodynamics and Turbomachinery,3-1-2,5,Core,0,,,,,,,,,,,
513,Mechanical Engineering,Btech in Mechanical Engineering,2401ME,ME3202,6,System Dynamics and Control,3-1-2,5,Core,0,,,,,,,,,,,
514,Mechanical Engineering,Btech in Mechanical Engineering,2401ME,ME3203,6,Manufacturing Technology -II,3-0-3,4.5,Core,0,,,,,,,,,,,
515,Mechanical Engineering,Btech in Mechanical Engineering,2401ME,ME3204,6,Industrial Engineering and Operations Research,3-1-0,4,Core,0,,,,,,,,,,,
516,Mechanical Engineering,Btech in Mechanical Engineering,2401ME,ME3205,6,Technical Writing and Presentations,0-0-4,2,Core,0,,,,,,,,,,,
517,Mechanical Engineering,Btech in Mechanical Engineering,2401ME,ME3201,6,Applied Thermodynamics and Turbomachinery,3-1-2,5,Core,1,,,,,,,,,,,
518,Mechanical Engineering,Btech in Mechanical Engineering,2401ME,ME41XX,7,DE1,3-0-0,3,DE1,0,,,,,,,,,,,
519,Mechanical Engineering,Btech in Mechanical Engineering,2401ME,ME41XX,7,DE2,3-0-0,3,DE2,0,,,,,,,,,,,
520,Mechanical Engineering,Btech in Mechanical Engineering,2401ME,XX41PQ,7,IDE3,3-0-0,3,IDE3,0,,,,,,,,,,,
521,Mechanical Engineering,Btech in Mechanical Engineering,2401ME,HS41PQ,7,HS2,3-0-0,3,HS2,0,,,,,,,,,,,
522,Mechanical Engineering,Btech in Mechanical Engineering,2401ME,ME4198,7,SI,0-0-12,3,SI,0,,,,,,,,,,,
523,Mechanical Engineering,Btech in Mechanical Engineering,2401ME,ME4199,7,P1,0-0-12,6,P1,0,,,,,,,,,,,
524,Mechanical Engineering,Btech in Mechanical Engineering,2401ME,ME42XX,8,DE3,3-0-0,3,DE3,0,,,,,,,,,,,
525,Mechanical Engineering,Btech in Mechanical Engineering,2401ME,ME42XX,8,DE4,3-0-0,3,DE4,0,,,,,,,,,,,
526,Mechanical Engineering,Btech in Mechanical Engineering,2401ME,ME42XX,8,DE5,3-0-0,3,DE5,0,,,,,,,,,,,
527,Mechanical Engineering,Btech in Mechanical Engineering,2401ME,ME4299,8,P2,0-0-16,8,P2,0,,,,,,,,,,,
528,,,,,,,,,,,,,,,,,,,,,
529,,,,,,,,,,,,,,,,,,,,,
530,,,,,,,,,,,,,,,,,,,,,
531,,,,,,,,,,,,,,,,,,,,,
532,,,,,,,,,,,,,,,,,,,,,
533,,,,,,,,,,,,,,,,,,,,,
534,,,,,,,,,,,,,,,,,,,,,
535,,,,,,,,,,,,,,,,,,,,,
536,,,,,,,,,,,,,,,,,,,,,
537,,,,,,,,,,,,,,,,,,,,,
538,,,,,,,,,,,,,,,,,,,,,
539,,,,,,,,,,,,,,,,,,,,,
540,,,,,,,,,,,,,,,,,,,,,
Rudraksh Jaiswal,,,,,,,,,,,,,,,,,,,,,
541,Metallurgical and Materials Engineering,Btech in Metallurgical and Materials Engineering,2401MM,MA1101,1,Calculus and Linear Algebra,3-1-0,4,Core,0,,,,,,,,,,,
542,Metallurgical and Materials Engineering,Btech in Metallurgical and Materials Engineering,2401MM,CS1101,1,Foundations of Programming ,3-0-3,4.5,Core,0,,,,,,,,,,,
543,Metallurgical and Materials Engineering,Btech in Metallurgical and Materials Engineering,2401MM,PH1101/PH1201,1,Physics,3-1-3,5.5,Core,0,PH1101/PH1201,,,,,,,,,,
544,Metallurgical and Materials Engineering,Btech in Metallurgical and Materials Engineering,2401MM,CE1101/CE1201,1,Engineering Graphics,1-0-3,2.5,Core,0,,,,,,,,,,,
545,Metallurgical and Materials Engineering,Btech in Metallurgical and Materials Engineering,2401MM,EE1101/EE1201,1,Electrical Sciences,3-0-3,4.5,Core,0,,,,,,,,,,,
546,Metallurgical and Materials Engineering,Btech in Metallurgical and Materials Engineering,2401MM,HS1101,1,English for Professionals,2-0-1,2.5,HS,0,,,,,,,,,,,
547,Metallurgical and Materials Engineering,Btech in Metallurgical and Materials Engineering,2401MM,MA1201,2,Probability Theory and Ordinary Differential Equations,3-1-0,4,Core,0,,,,,,,,,,,
548,Metallurgical and Materials Engineering,Btech in Metallurgical and Materials Engineering,2401MM,CS1201,2,Data Structure,3-0-3,4.5,Core,0,,,,,,,,,,,
549,Metallurgical and Materials Engineering,Btech in Metallurgical and Materials Engineering,2401MM,CH1201/CH1101,2,Chemistry,3-1-3,5.5,Core,0,,,,,,,,,,,
550,Metallurgical and Materials Engineering,Btech in Metallurgical and Materials Engineering,2401MM,ME1201/ME1101,2,Mechanical Fabrication,0-0-3,1.5,Core,0,,,,,,,,,,,
551,Metallurgical and Materials Engineering,Btech in Metallurgical and Materials Engineering,2401MM,ME1202/ME1102,2,Engineering Mechanics,3-1-0,4,Core,0,,,,,,,,,,,
552,Metallurgical and Materials Engineering,Btech in Metallurgical and Materials Engineering,2401MM,IK1101,2,IKS,3-0-0,3,IKS,0,,,,,,,,,,,
553,Metallurgical and Materials Engineering,Btech in Metallurgical and Materials Engineering,2401MM,MM2101,3,Introduction to Metallurgical and Materials Engineering,3-0-0,3,Core,1,,,,,,,,,,,
554,Metallurgical and Materials Engineering,Btech in Metallurgical and Materials Engineering,2401MM,MM2102,3,Mineral Processing and Process Metallurgy,3-0-3,4.5,Core,0,,,,,,,,,,,
555,Metallurgical and Materials Engineering,Btech in Metallurgical and Materials Engineering,2401MM,MM2103,3,Thermodynamics and Phase Equilibria,3-0-3,4.5,Core,0,,,,,,,,,,,
556,Metallurgical and Materials Engineering,Btech in Metallurgical and Materials Engineering,2401MM,MM2104,3,Transport Phenomena,3-1-0,4,Core,0,,,,,,,,,,,
557,Metallurgical and Materials Engineering,Btech in Metallurgical and Materials Engineering,2401MM,MM2105,3,Fundamentals of Polymer Science and Technology,3-0-0,3,Core,0,,,,,,,,,,,
558,Metallurgical and Materials Engineering,Btech in Metallurgical and Materials Engineering,2401MM,HS21PQ,3,HS21PQ,3-0-0,3,HS,0,,,,,,,,,,,
559,Metallurgical and Materials Engineering,Btech in Metallurgical and Materials Engineering,2401MM,MM2201,4,Iron and Steel Making,3-1-0,4,Core,0,,,,,,,,,,,
560,Metallurgical and Materials Engineering,Btech in Metallurgical and Materials Engineering,2401MM,MM2202,4,Techniques of Materials Characterization I,3-0-3,4.5,Core,1,,,,,,,,,,,
561,Metallurgical and Materials Engineering,Btech in Metallurgical and Materials Engineering,2401MM,MM2203,4,Phase Transformation and Diffusion,3-1-0,4,Core,0,,,,,,,,,,,
562,Metallurgical and Materials Engineering,Btech in Metallurgical and Materials Engineering,2401MM,MM2204,4,Mechanical Behaviour of Materials,3-0-3,4.5,Core,0,,,,,,,,,,,
563,Metallurgical and Materials Engineering,Btech in Metallurgical and Materials Engineering,2401MM,MM2205,4,Welding and Solidification,3-0-0,3,Core,0,,,,,,,,,,,
564,Metallurgical and Materials Engineering,Btech in Metallurgical and Materials Engineering,2401MM,MM2290,4,IDE1,3-0-0,3,IDE1,0,,,,,,,,,,,
565,Metallurgical and Materials Engineering,Btech in Metallurgical and Materials Engineering,2401MM,MM3101,5,Thermomechanical Processing of Metallic Materials,3-0-2,4,Core,0,,,,,,,,,,,
566,Metallurgical and Materials Engineering,Btech in Metallurgical and Materials Engineering,2401MM,MM3102,5,Computational Materials Science,2-1-0,3,Core,0,,,,,,,,,,,
567,Metallurgical and Materials Engineering,Btech in Metallurgical and Materials Engineering,2401MM,MM3103,5,Engineering Polymers,3-0-2,4,Core,1,,,,,,,,,,,
568,Metallurgical and Materials Engineering,Btech in Metallurgical and Materials Engineering,2401MM,MM3104,5,Ceramic Science and Technology,3-0-2,4,Core,0,,,,,,,,,,,
569,Metallurgical and Materials Engineering,Btech in Metallurgical and Materials Engineering,2401MM,MM3105,5,Metallography and Heat Treatment Laboratory,0-0-2,1,Core,0,,,,,,,,,,,
570,Metallurgical and Materials Engineering,Btech in Metallurgical and Materials Engineering,2401MM,MM3190,5,IDE2,3-0-0,3,IDE2,0,,,,,,,,,,,
571,Metallurgical and Materials Engineering,Btech in Metallurgical and Materials Engineering,2401MM,MM3201,6,Techniques of Materials Characterization II,3-0-3,4.5,Core,0,,,,,,,,,,,
572,Metallurgical and Materials Engineering,Btech in Metallurgical and Materials Engineering,2401MM,MM3202,6,"Corrosion and Corrosion
Prevention",3-0-2,4,Core,0,,,,,,,,,,,
573,Metallurgical and Materials Engineering,Btech in Metallurgical and Materials Engineering,2401MM,MM3203,6,Functional Materials,3-0-0,3,Core,1,,,,,,,,,,,
574,Metallurgical and Materials Engineering,Btech in Metallurgical and Materials Engineering,2401MM,MM3204,6,"Non-ferrous Metals and
Alloys",3-0-0,3,Core,0,,,,,,,,,,,
575,Metallurgical and Materials Engineering,Btech in Metallurgical and Materials Engineering,2401MM,MM3205,6,Capstone Laboratory,0-0-4,2,Core,0,,,,,,,,,,,
576,Metallurgical and Materials Engineering,Btech in Metallurgical and Materials Engineering,2401MM,MM3210,6,Metals Processing Laboratory,0-0-3,1.5,Core,0,,,,,,,,,,,
577,Metallurgical and Materials Engineering,Btech in Metallurgical and Materials Engineering,2401MM,MM41PQ,7,DE1,3-0-0,3,DE1,0,,,,,,,,,,,
578,Metallurgical and Materials Engineering,Btech in Metallurgical and Materials Engineering,2401MM,MM41PQ,7,DE2,3-0-0,3,DE2,0,,,,,,,,,,,
579,Metallurgical and Materials Engineering,Btech in Metallurgical and Materials Engineering,2401MM,HS41PQ,7,HS2 ,3-0-0,3,HS2 ,0,,,,,,,,,,,
580,Metallurgical and Materials Engineering,Btech in Metallurgical and Materials Engineering,2401MM,XX41PQ,7,IDE3,3-0-0,3,IDE3,0,,,,,,,,,,,
581,Metallurgical and Materials Engineering,Btech in Metallurgical and Materials Engineering,2401MM,MM4198,7,SI,0-0-12,3,SI,0,,,,,,,,,,,
582,Metallurgical and Materials Engineering,Btech in Metallurgical and Materials Engineering,2401MM,MM4199,7,P1,0-0-12,6,P1,0,,,,,,,,,,,
583,Metallurgical and Materials Engineering,Btech in Metallurgical and Materials Engineering,2401MM,MM42PQ,8,DE3,3-0-0,3,DE3,0,,,,,,,,,,,
584,Metallurgical and Materials Engineering,Btech in Metallurgical and Materials Engineering,2401MM,MM42PQ,8,DE4,3-0-0,3,DE4,0,,,,,,,,,,,
585,Metallurgical and Materials Engineering,Btech in Metallurgical and Materials Engineering,2401MM,MM42PQ,8,DE5,3-0-0,3,DE5,0,,,,,,,,,,,
586,Metallurgical and Materials Engineering,Btech in Metallurgical and Materials Engineering,2401MM,MM4299,8,P2,0-0-16,8,P2,0,,,,,,,,,,,
587,,,,,,,,,,,Minor 5 not mentioned in PDF,,,,,,,,,,
588,,,,,,,,,,,,,,,,,,,,,
589,,,,,,,,,,,,,,,,,,,,,
590,,,,,,,,,,,,,,,,,,,,,
591,,,,,,,,,,,,,,,,,,,,,
592,,,,,,,,,,,,,,,,,,,,,
593,,,,,,,,,,,,,,,,,,,,,
594,,,,,,,,,,,,,,,,,,,,,
595,,,,,,,,,,,,,,,,,,,,,
596,,,,,,,,,,,,,,,,,,,,,
597,,,,,,,,,,,,,,,,,,,,,
598,,,,,,,,,,,,,,,,,,,,,
599,,,,,,,,,,,,,,,,,,,,,
600,,,,,,,,,,,,,,,,,,,,,
Neha Pramanick,"Engineering Physics and Minors in Physics, Nanoscience, Optics, Energy Storage Technology, Quantum Technology",,,MA1101,1,Calculus and Linear Algebra,3-1-0,4,Core,0,,,,,,,,,,,
601,"Engineering Physics and Minors in Physics, Nanoscience, Optics, Energy Storage Technology, Quantum Technology",,,CS1101,1,Foundations of Programming,3-0-3,4.5,Core,0,,,,,,,,,,,
602,"Engineering Physics and Minors in Physics, Nanoscience, Optics, Energy Storage Technology, Quantum Technology",,,PH1101/PH1201,1,Physics,3-1-3,5.5,Core,0,,,,,,,,,,,
603,"Engineering Physics and Minors in Physics, Nanoscience, Optics, Energy Storage Technology, Quantum Technology",,,CE1101/CE1201,1,Engineering Graphics,1-0-3,2.5,Core,0,,,,,,,,,,,
604,"Engineering Physics and Minors in Physics, Nanoscience, Optics, Energy Storage Technology, Quantum Technology",,,EE1101/EE1201,1,Electrical Sciences,3-0-3,4.5,Core,0,,,,,,,,,,,
605,"Engineering Physics and Minors in Physics, Nanoscience, Optics, Energy Storage Technology, Quantum Technology",,,HS1101,1,English for Professionals,2-0-1,2.5,Core,0,,,,,,,,,,,
606,"Engineering Physics and Minors in Physics, Nanoscience, Optics, Energy Storage Technology, Quantum Technology",,,MA1201,2,Probability Theory and Ordinary Differential Equations,3-1-0,4,Core,0,,,,,,,,,,,
607,"Engineering Physics and Minors in Physics, Nanoscience, Optics, Energy Storage Technology, Quantum Technology",,,CS1201,2,Data Structure,3-0-3,4.5,Core,0,,,,,,,,,,,
608,"Engineering Physics and Minors in Physics, Nanoscience, Optics, Energy Storage Technology, Quantum Technology",,,CH1201/CH1101,2,Chemistry,3-1-3,5.5,Core,0,,,,,,,,,,,
609,"Engineering Physics and Minors in Physics, Nanoscience, Optics, Energy Storage Technology, Quantum Technology",,,ME1201/ME1101,2,Mechanical Fabrication,0-0-3,1.5,Core,0,,,,,,,,,,,
610,"Engineering Physics and Minors in Physics, Nanoscience, Optics, Energy Storage Technology, Quantum Technology",,,ME1202/ME1102,2,Engineering Mechanics,3-1-0,4,Core,0,,,,,,,,,,,
611,"Engineering Physics and Minors in Physics, Nanoscience, Optics, Energy Storage Technology, Quantum Technology",,,IK1101,2,Indian Knowledge System (IKS),3-0-0,3,IKS,0,,,,,,,,,,,
612,"Engineering Physics and Minors in Physics, Nanoscience, Optics, Energy Storage Technology, Quantum Technology",,,EP2101,3,Quantum Physics,3-1-0,4,Core,0,confused,,,,,,,,,,
613,"Engineering Physics and Minors in Physics, Nanoscience, Optics, Energy Storage Technology, Quantum Technology",,,EP2102,3,Optics and Lasers,3-0-3,4.5,Core,0,,,,,,,,,,,
614,"Engineering Physics and Minors in Physics, Nanoscience, Optics, Energy Storage Technology, Quantum Technology",,,EP2103,3,Classical dynamics: discrete and continuum systems,3-1-0,4,Core,0,,,,,,,,,,,
615,"Engineering Physics and Minors in Physics, Nanoscience, Optics, Energy Storage Technology, Quantum Technology",,,EP2104,3,Thermal physics with engineering applications,3-1-0,4,Core,0,,,,,,,,,,,
616,"Engineering Physics and Minors in Physics, Nanoscience, Optics, Energy Storage Technology, Quantum Technology",,,HS21PQ,3,HSS Elective – I,3-0-0,3,HS1,0,,,,,,,,,,,
617,"Engineering Physics and Minors in Physics, Nanoscience, Optics, Energy Storage Technology, Quantum Technology",,,EP2201,4,Introduction to Nuclear and Particle Physics,2-1-0,3,Core,0,,,,,,,,,,,
618,"Engineering Physics and Minors in Physics, Nanoscience, Optics, Energy Storage Technology, Quantum Technology",,,EP2202,4,Mathematical Methods for Engineers,3-1-0,4,Core,0,,,,,,,,,,,
619,"Engineering Physics and Minors in Physics, Nanoscience, Optics, Energy Storage Technology, Quantum Technology",,,EP2203,4,Electromagnetism,3-1-0,4,Core,0,,,,,,,,,,,
620,"Engineering Physics and Minors in Physics, Nanoscience, Optics, Energy Storage Technology, Quantum Technology",,,EP2204,4,Introductory Statistical Mechanics,2-1-0,3,Core,0,,,,,,,,,,,
621,"Engineering Physics and Minors in Physics, Nanoscience, Optics, Energy Storage Technology, Quantum Technology",,,EP2205,4,Analog Electronics,2-0-3,3.5,Core,0,,,,,,,,,,,
622,"Engineering Physics and Minors in Physics, Nanoscience, Optics, Energy Storage Technology, Quantum Technology",,,EP22PQ,4,IDE – I,3-0-0,3,ID1,0,,,,,,,,,,,
623,"Engineering Physics and Minors in Physics, Nanoscience, Optics, Energy Storage Technology, Quantum Technology",,,EP3101,5,Computational Techniques,2-0-3,3.5,Core,0,,,,,,,,,,,
624,"Engineering Physics and Minors in Physics, Nanoscience, Optics, Energy Storage Technology, Quantum Technology",,,EP3102,5,Data Science for Physicists,1-1-3,3.5,Core,0,,,,,,,,,,,
625,"Engineering Physics and Minors in Physics, Nanoscience, Optics, Energy Storage Technology, Quantum Technology",,,EP3103,5,Digital Electronics and Microprocessors,2-0-3,3.5,Core,0,,,,,,,,,,,
626,"Engineering Physics and Minors in Physics, Nanoscience, Optics, Energy Storage Technology, Quantum Technology",,,EP3104,5,Solid State Physics,3-1-2,5,Core,0,,,,,,,,,,,
627,"Engineering Physics and Minors in Physics, Nanoscience, Optics, Energy Storage Technology, Quantum Technology",,,EP3105,5,Instrumentation Techniques,2-0-2,3,Core,0,,,,,,,,,,,
628,"Engineering Physics and Minors in Physics, Nanoscience, Optics, Energy Storage Technology, Quantum Technology",,,EP31XX,5,IDE – II,3-0-0,3,ID2,0,,,,,,,,,,,
629,"Engineering Physics and Minors in Physics, Nanoscience, Optics, Energy Storage Technology, Quantum Technology",,,EP3201,6,Nonlinear Dynamics,2-1-0,3,Core,0,,,,,,,,,,,
630,"Engineering Physics and Minors in Physics, Nanoscience, Optics, Energy Storage Technology, Quantum Technology",,,EP3202,6,Interfacing and data analysis,1-0-4,3,Core,0,,,,,,,,,,,
631,"Engineering Physics and Minors in Physics, Nanoscience, Optics, Energy Storage Technology, Quantum Technology",,,EP3203,6,Atomic and Molecular Physics,3-1-2,5,Core,0,,,,,,,,,,,
632,"Engineering Physics and Minors in Physics, Nanoscience, Optics, Energy Storage Technology, Quantum Technology",,,EP3204,6,Soft Condensed Matter Physics,3-0-0,3,Core,0,,,,,,,,,,,
633,"Engineering Physics and Minors in Physics, Nanoscience, Optics, Energy Storage Technology, Quantum Technology",,,PH32XX,6,DE – I,3-0-0,3,DE1,0,,,,,,,,,,,
634,"Engineering Physics and Minors in Physics, Nanoscience, Optics, Energy Storage Technology, Quantum Technology",,,PH32XX,6,DE – II,3-0-0,3,DE2,0,,,,,,,,,,,
635,"Engineering Physics and Minors in Physics, Nanoscience, Optics, Energy Storage Technology, Quantum Technology",,,EP4105,7,Quantum Technology Laboratory,1-0-3,2.5,Core,0,,,,,,,,,,,
636,"Engineering Physics and Minors in Physics, Nanoscience, Optics, Energy Storage Technology, Quantum Technology",,,PH41XX / PH42XX,7,DE1II,3-0-0,3,DE3,0,,,,,,,,,,,
637,"Engineering Physics and Minors in Physics, Nanoscience, Optics, Energy Storage Technology, Quantum Technology",,,HS41PQ,7,HSS Elective – II,3-0-0,3,HS2,0,,,,,,,,,,,
638,"Engineering Physics and Minors in Physics, Nanoscience, Optics, Energy Storage Technology, Quantum Technology",,,PHXXXX,7,IDE – III,3-0-0,3,ID3,0,,,,,,,,,,,
639,"Engineering Physics and Minors in Physics, Nanoscience, Optics, Energy Storage Technology, Quantum Technology",,,PH4198,7,Summer Internship*,0-0-12,3,SI,0,,,,,,,,,,,
640,"Engineering Physics and Minors in Physics, Nanoscience, Optics, Energy Storage Technology, Quantum Technology",,,PH4199,7,Project – I,0-0-12,6,P1,0,,,,,,,,,,,
641,"Engineering Physics and Minors in Physics, Nanoscience, Optics, Energy Storage Technology, Quantum Technology",,,PH41XX / PH42XX,8,DE1V,3-0-0,3,DE4,0,,,,,,,,,,,
642,"Engineering Physics and Minors in Physics, Nanoscience, Optics, Energy Storage Technology, Quantum Technology",,,PH41XX / PH42XX,8,DE5,3-0-0,3,DE5,0,,,,,,,,,,,
643,"Engineering Physics and Minors in Physics, Nanoscience, Optics, Energy Storage Technology, Quantum Technology",,,PH41XX / PH42XX,8,DE5I ,3-0-0,3,DE6,0,,,,,,,,,,,
644,"Engineering Physics and Minors in Physics, Nanoscience, Optics, Energy Storage Technology, Quantum Technology",,,PH41XX / PH42XX,8,DE5II,3-0-0,3,DE7,0,,,,,,,,,,,
645,"Engineering Physics and Minors in Physics, Nanoscience, Optics, Energy Storage Technology, Quantum Technology",,,PH4299,8,Project – II,0-0-16,8,P2,0,,,,,,,,,,,
646,,,,,,,,,,,,,,,,,,,,,
647,,,,,,,,,,,,,,,,,,,,,
648,,,,,,,,,,,,,,,,,,,,,
649,,,,,,,,,,,,,,,,,,,,,
650,,,,,,,,,,,,,,,,,,,,,
651,,,,,,,,,,,,,,,,,,,,,
652,,,,,,,,,,,,,,,,,,,,,
653,,,,,,,,,,,,,,,,,,,,,
654,,,,,,,,,,,,,,,,,,,,,
655,,,,,,,,,,,,,,,,,,,,,
656,,,,,,,,,,,,,,,,,,,,,
657,,,,,,,,,,,,,,,,,,,,,
658,,,,,,,,,,,,,,,,,,,,,
659,,,,,,,,,,,,,,,,,,,,,
660,,,,,,,,,,,,,,,,,,,,,
Abhinav Reddy Kotha,,,,,,,,,,,,,,,,,,,,,
661,Chemical and Biochemical Engineering,M. Tech. in Chemical Engineering,2411CB,HS5111,1,Technical Writing and Soft Skill,1-2-2,4,C,0,,,,,,,,,,,
662,Chemical and Biochemical Engineering,M. Tech. in Chemical Engineering,2411CB,CB5101,1,Advanced Reaction Engineering,3-1-0,4,C,0,,,,,,,,,,,
663,Chemical and Biochemical Engineering,M. Tech. in Chemical Engineering,2411CB,CB5102,1,Advanced Heat Transfer,3-1-0,4,C,0,,,,,,,,,,,
664,Chemical and Biochemical Engineering,M. Tech. in Chemical Engineering,2411CB,CB5103,1,Introduction to Computational Techniques,1-0-3,2.5,C,0,,,,,,,,,,,
665,Chemical and Biochemical Engineering,M. Tech. in Chemical Engineering,2411CB,CB61PQ,1,DE1,3-0-0,3,DE1,0,,,,,,,,,,,
666,Chemical and Biochemical Engineering,M. Tech. in Chemical Engineering,2411CB,CB61PQ,1,DE1I,3-0-0,3,DE1I,0,,,,,,,,,,,
667,Chemical and Biochemical Engineering,M. Tech. in Chemical Engineering,2411CB,XX61PQ,1,IDE,3-0-0,3,IDE,0,,,,,,,,,,,
668,Chemical and Biochemical Engineering,M. Tech. in Chemical Engineering,2411CB,CB5201,2,Advanced Mass Transfer,3-1-0,4,C,0,,,,,,,,,,,
669,Chemical and Biochemical Engineering,M. Tech. in Chemical Engineering,2411CB,CB5202,2,Classical and Statistical Thermodynamics,3-1-0,4,C,0,,,,,,,,,,,
670,Chemical and Biochemical Engineering,M. Tech. in Chemical Engineering,2411CB,CB5203,2,Analytical Characterization Lab,1-0-3,2.5,C,0,,,,,,,,,,,
671,Chemical and Biochemical Engineering,M. Tech. in Chemical Engineering,2411CB,CB62PQ,2,DE1II,3-0-0,3,DE1II,0,,,,,,,,,,,
672,Chemical and Biochemical Engineering,M. Tech. in Chemical Engineering,2411CB,CB62PQ,2,DE1V,3-0-0,3,DE1V,0,,,,,,,,,,,
673,Chemical and Biochemical Engineering,M. Tech. in Chemical Engineering,2411CB,RM6201,2,Research Methodology,3-1-0,4,RM,0,,,,,,,,,,,
674,Chemical and Biochemical Engineering,M. Tech. in Chemical Engineering,2411CB,IK6201,2,IKS,3-0-0,3,IKS,0,,,,,,,,,,,
675,Chemical and Biochemical Engineering,M. Tech. in Chemical Engineering,2411CB,CB6198,3,Summer Internship/Mini Project,0-0-12,3,SI,0,,,,,,,,,,,
676,Chemical and Biochemical Engineering,M. Tech. in Chemical Engineering,2411CB,CB6199,3,Project I,0-0-30,15,P1,0,,,,,,,,,,,
677,Chemical and Biochemical Engineering,M. Tech. in Chemical Engineering,2411CB,CB6299,4,Project II,0-0-42,21,P2,0,,,,,,,,,,,
678,,,,,,,,,,,,,,,,,,,,,
679,,,,,,,,,,,,,,,,,,,,,
680,,,,,,,,,,,,,,,,,,,,,
681,,,,,,,,,,,,,,,,,,,,,
682,,,,,,,,,,,,,,,,,,,,,
683,,,,,,,,,,,,,,,,,,,,,
684,,,,,,,,,,,,,,,,,,,,,
685,,,,,,,,,,,,,,,,,,,,,
686,,,,,,,,,,,,,,,,,,,,,
687,,,,,,,,,,,,,,,,,,,,,
688,,,,,,,,,,,,,,,,,,,,,
689,,,,,,,,,,,,,,,,,,,,,
690,,,,,,,,,,,,,,,,,,,,,
691,,,,,,,,,,,,,,,,,,,,,
692,,,,,,,,,,,,,,,,,,,,,
693,,,,,,,,,,,,,,,,,,,,,
694,,,,,,,,,,,,,,,,,,,,,
695,,,,,,,,,,,,,,,,,,,,,
696,,,,,,,,,,,,,,,,,,,,,
697,,,,,,,,,,,,,,,,,,,,,
698,,,,,,,,,,,,,,,,,,,,,
699,,,,,,,,,,,,,,,,,,,,,
700,,,,,,,,,,,,,,,,,,,,,
701,,,,,,,,,,,,,,,,,,,,,
702,,,,,,,,,,,,,,,,,,,,,
703,,,,,,,,,,,,,,,,,,,,,
704,,,,,,,,,,,,,,,,,,,,,
705,,,,,,,,,,,,,,,,,,,,,
706,,,,,,,,,,,,,,,,,,,,,
707,,,,,,,,,,,,,,,,,,,,,
708,,,,,,,,,,,,,,,,,,,,,
709,,,,,,,,,,,,,,,,,,,,,
710,,,,,,,,,,,,,,,,,,,,,
711,,,,,,,,,,,,,,,,,,,,,
712,,,,,,,,,,,,,,,,,,,,,
713,,,,,,,,,,,,,,,,,,,,,
714,,,,,,,,,,,,,,,,,,,,,
715,,,,,,,,,,,,,,,,,,,,,
716,,,,,,,,,,,,,,,,,,,,,
717,,,,,,,,,,,,,,,,,,,,,
718,,,,,,,,,,,,,,,,,,,,,
719,,,,,,,,,,,,,,,,,,,,,
720,,,,,,,,,,,,,,,,,,,,,
Indra Narayana Krishna Teja Kuchimanchi,,,,,,,,,,,,,,,,,,,,,
721,Civil and Environmental Engineering,M. Tech. in Environmental Engineering,2411CE,HS5111,1,Technical Writing and Soft Skill,1-2-2,4,HS,0,,,,,,,,,,,
722,Civil and Environmental Engineering,M. Tech. in Environmental Engineering,2411CE,CE5101,1,Chemistry for Environmental Engineers,3-0-2,4,C,0,,,,,,,,,,,
723,Civil and Environmental Engineering,M. Tech. in Environmental Engineering,2411CE,CE5102,1,Physico-Chemical Principles and Processes,3-0-0,3,C,0,,,,,,,,,,,
724,Civil and Environmental Engineering,M. Tech. in Environmental Engineering,2411CE,CE5103,1,Solid and Hazardous Waste Management,3-0-0,3,C,0,,,,,,,,,,,
725,Civil and Environmental Engineering,M. Tech. in Environmental Engineering,2411CE,CE51PQ/ CE61PQ,1,DE1 (Environmental Elective),3-0-0,3,DE1,0,,,,,,,,,,,
726,Civil and Environmental Engineering,M. Tech. in Environmental Engineering,2411CE,CE51PQ/ CE61PQ,1,DE1I (Environmental / Department Elective),3-0-0,3,DE2,0,,,,,,,,,,,
727,Civil and Environmental Engineering,M. Tech. in Environmental Engineering,2411CE,XX61PQ,1,IDE,3-0-0,3,IDE,0,,,,,,,,,,,
728,Civil and Environmental Engineering,M. Tech. in Environmental Engineering,2411CE,CE5201,2,Biological Principles and Processes,3-0-0,3,C,0,,,,,,,,,,,
729,Civil and Environmental Engineering,M. Tech. in Environmental Engineering,2411CE,CE5202,2,Air Pollution and Control,3-0-2,4,C,0,,,,,,,,,,,
730,Civil and Environmental Engineering,M. Tech. in Environmental Engineering,2411CE,CE5203,2,Environmental Impact Assessment,3-0-0,3,C,0,,,,,,,,,,,
731,Civil and Environmental Engineering,M. Tech. in Environmental Engineering,2411CE,CE52PQ/ CE62PQ,2,DE1II (Environmental Elective),3-0-0,3,DE3,0,,,,,,,,,,,
732,Civil and Environmental Engineering,M. Tech. in Environmental Engineering,2411CE,CE52PQ/ CE62PQ,2,DE1V (Environmental Elective/ Department Elective),3-0-0,3,DE4,0,,,,,,,,,,,
733,Civil and Environmental Engineering,M. Tech. in Environmental Engineering,2411CE,RM6201,2,Research Methodology,3-1-0,4,RM,0,,,,,,,,,,,
734,Civil and Environmental Engineering,M. Tech. in Environmental Engineering,2411CE,IK6201,2,IKS,3-0-0,3,IKS,0,,,,,,,,,,,
735,Civil and Environmental Engineering,M. Tech. in Environmental Engineering,2411CE,CE6198,3,Summer Internship/Mini Project*,0-0-12,3,SI,0,,,,,,,,,,,
736,Civil and Environmental Engineering,M. Tech. in Environmental Engineering,2411CE,CE6199,3,Project I,0-0-30,15,P1,0,,,,,,,,,,,
737,Civil and Environmental Engineering,M. Tech. in Environmental Engineering,2411CE,CE6299,4,Project II,0-0-42,21,P2,0,,,,,,,,,,,
738,,,,,,,,,,,,,,,,,,,,,
739,,,,,,,,,,,,,,,,,,,,,
740,,,,,,,,,,,,,,,,,,,,,
741,,,,,,,,,,,,,,,,,,,,,
742,,,,,,,,,,,,,,,,,,,,,
743,,,,,,,,,,,,,,,,,,,,,
744,,,,,,,,,,,,,,,,,,,,,
745,,,,,,,,,,,,,,,,,,,,,
746,,,,,,,,,,,,,,,,,,,,,
747,,,,,,,,,,,,,,,,,,,,,
748,,,,,,,,,,,,,,,,,,,,,
749,,,,,,,,,,,,,,,,,,,,,
750,,,,,,,,,,,,,,,,,,,,,
751,,,,,,,,,,,,,,,,,,,,,
752,,,,,,,,,,,,,,,,,,,,,
753,,,,,,,,,,,,,,,,,,,,,
754,,,,,,,,,,,,,,,,,,,,,
755,,,,,,,,,,,,,,,,,,,,,
756,,,,,,,,,,,,,,,,,,,,,
757,,,,,,,,,,,,,,,,,,,,,
758,,,,,,,,,,,,,,,,,,,,,
759,,,,,,,,,,,,,,,,,,,,,
760,,,,,,,,,,,,,,,,,,,,,
761,,,,,,,,,,,,,,,,,,,,,
762,,,,,,,,,,,,,,,,,,,,,
763,,,,,,,,,,,,,,,,,,,,,
764,,,,,,,,,,,,,,,,,,,,,
765,,,,,,,,,,,,,,,,,,,,,
766,,,,,,,,,,,,,,,,,,,,,
767,,,,,,,,,,,,,,,,,,,,,
768,,,,,,,,,,,,,,,,,,,,,
769,,,,,,,,,,,,,,,,,,,,,
770,,,,,,,,,,,,,,,,,,,,,
771,,,,,,,,,,,,,,,,,,,,,
772,,,,,,,,,,,,,,,,,,,,,
773,,,,,,,,,,,,,,,,,,,,,
774,,,,,,,,,,,,,,,,,,,,,
775,,,,,,,,,,,,,,,,,,,,,
776,,,,,,,,,,,,,,,,,,,,,
777,,,,,,,,,,,,,,,,,,,,,
778,,,,,,,,,,,,,,,,,,,,,
779,,,,,,,,,,,,,,,,,,,,,
780,,,,,,,,,,,,,,,,,,,,,
Lokesh Singla,,,,,,,,,,,,,,,,,,,,,
781,Civil and Environmental Engineering,Mtech in Geotechnical ,2411CE,HS5111,1,Technical Writing and Soft Skill,1-2-2,4,C,0,,,,,,,,,,,
782,Civil and Environmental Engineering,Mtech in Geotechnical ,2411CE,CE5104,1,Geotechnical Exploration,3-0-2,4,C,0,,,,,,,,,,,
783,Civil and Environmental Engineering,Mtech in Geotechnical ,2411CE,CE5105,1,Advanced Soil Mechanics,3-0-0,3,C,0,,,,,,,,,,,
784,Civil and Environmental Engineering,Mtech in Geotechnical ,2411CE,CE5106,1,Rock Engineering,3-0-2,4,C,0,,,,,,,,,,,
785,Civil and Environmental Engineering,Mtech in Geotechnical ,2411CE,CE51PQ/CE61PQ,1,DE1: (Geotechnical Elective),3-0-0,3,DE1,0,,,,,,,,,,,
786,Civil and Environmental Engineering,Mtech in Geotechnical ,2411CE,CE51PQ/CE61PQ,1,DE1I: (Dept. Elective/Geotechnical Elective),3-0-0,3,DE2,0,,,,,,,,,,,
787,Civil and Environmental Engineering,Mtech in Geotechnical ,2411CE,XX61PQ,1,IDE,3-0-0,3,IDE,0,,,,,,,,,,,
788,Civil and Environmental Engineering,Mtech in Geotechnical ,2411CE,CE5204,2,Core-4: Advanced Foundation Engineering,3-0-0,3,C,0,,,,,,,,,,,
789,Civil and Environmental Engineering,Mtech in Geotechnical ,2411CE,CE5205,2,Core-5: Computational Geomechanics,3-0-2,4,C,0,,,,,,,,,,,
790,Civil and Environmental Engineering,Mtech in Geotechnical ,2411CE,CE5206,2,Core-6: Fundamentals of Soil Behaviour,3-0-0,3,C,0,,,,,,,,,,,
791,Civil and Environmental Engineering,Mtech in Geotechnical ,2411CE,CE52PQ/CE62PQ,2,DE-3: (Geotechnical Elective),3-0-0,3,DE3,0,,,,,,,,,,,
792,Civil and Environmental Engineering,Mtech in Geotechnical ,2411CE,CE52PQ/CE62PQ,2,DE-4: (Dept. Elective/Geotechnical Elective),3-0-0,3,DE4,0,,,,,,,,,,,
793,Civil and Environmental Engineering,Mtech in Geotechnical ,2411CE,RM6201,2,Research Methodology,3-1-0,4,RM,0,,,,,,,,,,,
794,Civil and Environmental Engineering,Mtech in Geotechnical ,2411CE,IK6201,2,IKS,3-0-0,3,IKS,0,,,,,,,,,,,
795,Civil and Environmental Engineering,Mtech in Geotechnical ,2411CE,CE6198,3,Summer Internship/Mini Project*,0-0-12,3,SI,0,,,,,,,,,,,
796,Civil and Environmental Engineering,Mtech in Geotechnical ,2411CE,CE6199,3,Project I,0-0-30,15,P1,0,,,,,,,,,,,
797,Civil and Environmental Engineering,Mtech in Geotechnical ,2411CE,CE62PQ,4,Project II,0-0-42,21,P2,0,,,,,,,,,,,
798,,,,,,,,,,,,,,,,,,,,,
799,,,,,,,,,,,,,,,,,,,,,
800,,,,,,,,,,,,,,,,,,,,,
801,,,,,,,,,,,,,,,,,,,,,
802,,,,,,,,,,,,,,,,,,,,,
803,,,,,,,,,,,,,,,,,,,,,
804,,,,,,,,,,,,,,,,,,,,,
805,,,,,,,,,,,,,,,,,,,,,
806,,,,,,,,,,,,,,,,,,,,,
807,,,,,,,,,,,,,,,,,,,,,
808,,,,,,,,,,,,,,,,,,,,,
809,,,,,,,,,,,,,,,,,,,,,
810,,,,,,,,,,,,,,,,,,,,,
811,,,,,,,,,,,,,,,,,,,,,
812,,,,,,,,,,,,,,,,,,,,,
813,,,,,,,,,,,,,,,,,,,,,
814,,,,,,,,,,,,,,,,,,,,,
815,,,,,,,,,,,,,,,,,,,,,
816,,,,,,,,,,,,,,,,,,,,,
817,,,,,,,,,,,,,,,,,,,,,
818,,,,,,,,,,,,,,,,,,,,,
819,,,,,,,,,,,,,,,,,,,,,
820,,,,,,,,,,,,,,,,,,,,,
821,,,,,,,,,,,,,,,,,,,,,
822,,,,,,,,,,,,,,,,,,,,,
823,,,,,,,,,,,,,,,,,,,,,
824,,,,,,,,,,,,,,,,,,,,,
825,,,,,,,,,,,,,,,,,,,,,
826,,,,,,,,,,,,,,,,,,,,,
827,,,,,,,,,,,,,,,,,,,,,
828,,,,,,,,,,,,,,,,,,,,,
829,,,,,,,,,,,,,,,,,,,,,
830,,,,,,,,,,,,,,,,,,,,,
831,,,,,,,,,,,,,,,,,,,,,
832,,,,,,,,,,,,,,,,,,,,,
833,,,,,,,,,,,,,,,,,,,,,
834,,,,,,,,,,,,,,,,,,,,,
835,,,,,,,,,,,,,,,,,,,,,
836,,,,,,,,,,,,,,,,,,,,,
837,,,,,,,,,,,,,,,,,,,,,
838,,,,,,,,,,,,,,,,,,,,,
839,,,,,,,,,,,,,,,,,,,,,
840,,,,,,,,,,,,,,,,,,,,,
Hrishikesh Choudhary,,,,,,,,,,,,,,,,,,,,,
841,Civil and Environmental Engineering,M. Tech. in Rock Engineering for Infrastructure Development,2411CE,HS5111,1,Technical Writing and Soft Skill,1-2-2,4,HS1,,,,,,,,,,,,
842,Civil and Environmental Engineering,M. Tech. in Rock Engineering for Infrastructure Development,2411CE,CE5106,1,Rock Engineering,3-0-2,4,C,,,,,,,,,,,,
843,Civil and Environmental Engineering,M. Tech. in Rock Engineering for Infrastructure Development,2411CE,CE5105,1,Advanced Soil Mechanics,3-0-0,3,C,,,,,,,,,,,,
844,Civil and Environmental Engineering,M. Tech. in Rock Engineering for Infrastructure Development,2411CE,CE5107,1,Engineering Behaviour of Rock,3-0-0,3,C,,,,,,,,,,,,
845,Civil and Environmental Engineering,M. Tech. in Rock Engineering for Infrastructure Development,2411CE,CE51PQ/CE61PQ,1,DE1,3-0-0,3,DE1,,,,,,,,,,,,
846,Civil and Environmental Engineering,M. Tech. in Rock Engineering for Infrastructure Development,2411CE,CE51PQ/CE61PQ,1,DE2,3-0-0,3,DE2,,,,,,,,,,,,
847,Civil and Environmental Engineering,M. Tech. in Rock Engineering for Infrastructure Development,2411CE,XX61PQ,1,IDE,3-0-0,3,IDE,,,,,,,,,,,,
848,Civil and Environmental Engineering,M. Tech. in Rock Engineering for Infrastructure Development,2411CE,CE5207,2,"Analysis and Design of Underground
Structures",3-0-2,4,C,,,,,,,,,,,,
849,Civil and Environmental Engineering,M. Tech. in Rock Engineering for Infrastructure Development,2411CE,CE5205,2,Computational Geomechanics,3-0-2,4,C,,,,,,,,,,,,
850,Civil and Environmental Engineering,M. Tech. in Rock Engineering for Infrastructure Development,2411CE,CE5208,2,Landslides and Avalanches,3-0-0,3,C,,,,,,,,,,,,
851,Civil and Environmental Engineering,M. Tech. in Rock Engineering for Infrastructure Development,2411CE,CE52PQ/ CE62PQ,2,DE3,3-0-0,3,DE3,,,,,,,,,,,,
852,Civil and Environmental Engineering,M. Tech. in Rock Engineering for Infrastructure Development,2411CE,CE52PQ/ CE62PQ,2,DE4,3-0-0,3,DE4,,,,,,,,,,,,
853,Civil and Environmental Engineering,M. Tech. in Rock Engineering for Infrastructure Development,2411CE,RM6201,2,Research Methodology,3-1-0,4,RM,,,,,,,,,,,,
854,Civil and Environmental Engineering,M. Tech. in Rock Engineering for Infrastructure Development,2411CE,IK6201,2,IKS,3-0-0,3,IKS,,,,,,,,,,,,
855,Civil and Environmental Engineering,M. Tech. in Rock Engineering for Infrastructure Development,2411CE,SI,3,Summer Internship/Mini Project,0-0-12,3,SI,,,,,,,,,,,,
856,Civil and Environmental Engineering,M. Tech. in Rock Engineering for Infrastructure Development,2411CE,P1,3,Project 1,0-0-30,15,P1,,,,,,,,,,,,
857,Civil and Environmental Engineering,M. Tech. in Rock Engineering for Infrastructure Development,2411CE,P2,4,Project 2,0-0-42,21,P2,,,,,,,,,,,,
858,,,,,,,,,,,,,,,,,,,,,
859,,,,,,,,,,,,,,,,,,,,,
860,,,,,,,,,,,,,,,,,,,,,
861,,,,,,,,,,,,,,,,,,,,,
862,,,,,,,,,,,,,,,,,,,,,
863,,,,,,,,,,,,,,,,,,,,,
864,,,,,,,,,,,,,,,,,,,,,
865,,,,,,,,,,,,,,,,,,,,,
866,,,,,,,,,,,,,,,,,,,,,
867,,,,,,,,,,,,,,,,,,,,,
868,,,,,,,,,,,,,,,,,,,,,
869,,,,,,,,,,,,,,,,,,,,,
870,,,,,,,,,,,,,,,,,,,,,
871,,,,,,,,,,,,,,,,,,,,,
872,,,,,,,,,,,,,,,,,,,,,
873,,,,,,,,,,,,,,,,,,,,,
874,,,,,,,,,,,,,,,,,,,,,
875,,,,,,,,,,,,,,,,,,,,,
876,,,,,,,,,,,,,,,,,,,,,
877,,,,,,,,,,,,,,,,,,,,,
878,,,,,,,,,,,,,,,,,,,,,
879,,,,,,,,,,,,,,,,,,,,,
880,,,,,,,,,,,,,,,,,,,,,
881,,,,,,,,,,,,,,,,,,,,,
882,,,,,,,,,,,,,,,,,,,,,
883,,,,,,,,,,,,,,,,,,,,,
884,,,,,,,,,,,,,,,,,,,,,
885,,,,,,,,,,,,,,,,,,,,,
886,,,,,,,,,,,,,,,,,,,,,
887,,,,,,,,,,,,,,,,,,,,,
888,,,,,,,,,,,,,,,,,,,,,
889,,,,,,,,,,,,,,,,,,,,,
890,,,,,,,,,,,,,,,,,,,,,
891,,,,,,,,,,,,,,,,,,,,,
892,,,,,,,,,,,,,,,,,,,,,
893,,,,,,,,,,,,,,,,,,,,,
894,,,,,,,,,,,,,,,,,,,,,
895,,,,,,,,,,,,,,,,,,,,,
896,,,,,,,,,,,,,,,,,,,,,
897,,,,,,,,,,,,,,,,,,,,,
898,,,,,,,,,,,,,,,,,,,,,
899,,,,,,,,,,,,,,,,,,,,,
900,,,,,,,,,,,,,,,,,,,,,
Isha Jaiswal,,,,,,,,,,,,,,,,,,,,,
901,Transportation Engineering,,2411CE,CE5111,1,Urban Transportation Planning,3-0-0,3,Core,0,,,,,,,,,,,
902,Transportation Engineering,,2411CE,CE5112,1,Pavement Analysis and Design,3-0-0,3,Core,0,,,,,,,,,,,
903,Transportation Engineering,,2411CE,CE5113,1,Traffic Engineering and Management,3-0-3,4.5,Core,0,,,,,,,,,,,
904,Transportation Engineering,,2411CE,CE51PQ/ CE61PQ,1,DE1 (Transportation Elective) ,3-0-0,3,DE1,0,,,,,,,,,,,
905,Transportation Engineering,,2411CE,CE51PQ/ CE61PQ,1,DE1I (Transportation Elective/ Department Elective),3-0-0,3,DE2,0,,,,,,,,,,,
906,Transportation Engineering,,2411CE,XX61PQ,1,IDE,3-0-0,3,IDE,0,,,,,,,,,,,
907,Transportation Engineering,,2411CE,CE5212,2,Highway Materials,3-0-3,4.5,Core,0,,,,,,,,,,,
908,Transportation Engineering,,2411CE,CE5213,2,Railway Engineering,3-0-0,3,Core,0,,,,,,,,,,,
909,Transportation Engineering,,2411CE,CE5214,2,Computer Applications in Transportation Engineering,2-1-0,3,Core,0,,,,,,,,,,,
910,Transportation Engineering,,2411CE,CE52PQ/ CE62PQ,2,DE1II (Transportation Elective),3-0-0,3,DE3,0,,,,,,,,,,,
911,Transportation Engineering,,2411CE,CE52PQ/ CE62PQ,2,DE1V (Transportation Elective/ Department Elective),3-0-0,3,DE4,0,,,,,,,,,,,
912,Transportation Engineering,,2411CE,RM6201,2,Research Methodology,3-1-0,4,RM,0,,,,,,,,,,,
913,Transportation Engineering,,2411CE,IK6201,2,IKS,3-0-0,3,IKS,0,,,,,,,,,,,
914,Transportation Engineering,,2411CE,CE6198,3,Summer Internship/Mini Project*,0-0-12,3,SI,0,,,,,,,,,,,
915,Transportation Engineering,,2411CE,CE6199,3,Project I,0-0-30,15,P1,0,,,,,,,,,,,
916,Transportation Engineering,,2411CE,CE6299,4,Project II,0-0-42,21,P2,0,,,,,,,,,,,
917,,,,,,,,,,,,,,,,,,,,,
918,,,,,,,,,,,,,,,,,,,,,
919,,,,,,,,,,,,,,,,,,,,,
920,,,,,,,,,,,,,,,,,,,,,
921,,,,,,,,,,,,,,,,,,,,,
922,,,,,,,,,,,,,,,,,,,,,
923,,,,,,,,,,,,,,,,,,,,,
924,,,,,,,,,,,,,,,,,,,,,
925,,,,,,,,,,,,,,,,,,,,,
926,,,,,,,,,,,,,,,,,,,,,
927,,,,,,,,,,,,,,,,,,,,,
928,,,,,,,,,,,,,,,,,,,,,
929,,,,,,,,,,,,,,,,,,,,,
930,,,,,,,,,,,,,,,,,,,,,
931,,,,,,,,,,,,,,,,,,,,,
932,,,,,,,,,,,,,,,,,,,,,
933,,,,,,,,,,,,,,,,,,,,,
934,,,,,,,,,,,,,,,,,,,,,
935,,,,,,,,,,,,,,,,,,,,,
936,,,,,,,,,,,,,,,,,,,,,
937,,,,,,,,,,,,,,,,,,,,,
938,,,,,,,,,,,,,,,,,,,,,
939,,,,,,,,,,,,,,,,,,,,,
940,,,,,,,,,,,,,,,,,,,,,
941,,,,,,,,,,,,,,,,,,,,,
942,,,,,,,,,,,,,,,,,,,,,
943,,,,,,,,,,,,,,,,,,,,,
944,,,,,,,,,,,,,,,,,,,,,
945,,,,,,,,,,,,,,,,,,,,,
946,,,,,,,,,,,,,,,,,,,,,
947,,,,,,,,,,,,,,,,,,,,,
948,,,,,,,,,,,,,,,,,,,,,
949,,,,,,,,,,,,,,,,,,,,,
950,,,,,,,,,,,,,,,,,,,,,
951,,,,,,,,,,,,,,,,,,,,,
952,,,,,,,,,,,,,,,,,,,,,
953,,,,,,,,,,,,,,,,,,,,,
954,,,,,,,,,,,,,,,,,,,,,
955,,,,,,,,,,,,,,,,,,,,,
956,,,,,,,,,,,,,,,,,,,,,
957,,,,,,,,,,,,,,,,,,,,,
958,,,,,,,,,,,,,,,,,,,,,
959,,,,,,,,,,,,,,,,,,,,,
960,,,,,,,,,,,,,,,,,,,,,
Jatin Singla,,,,,,,,,,,,,,,,,,,,,
961,,Mtech in Structural Engineering,2411CE,HS5111,1,Technical Writing and Soft Skill,1-2-2,4,HS,0,,,,,,,,,,,
962,Structural Engineering,Mtech in Structural Engineering,2411CE,CE5108,1,Advanced Structural Analysis,3-0-2,4,Core,0,,,,,,,,,,,
963,Structural Engineering,Mtech in Structural Engineering,2411CE,CE5109,1,Structural Dynamics,3-0-2,4,Core,0,,,,,,,,,,,
964,Structural Engineering,Mtech in Structural Engineering,2411CE,CE5110,1,Theory of Plates and Shells,3-0-0,3,Core,0,,,,,,,,,,,
965,Structural Engineering,Mtech in Structural Engineering,2411CE,CE51PQ/ CE61PQ,1,DE- I: Structure Elective,3-0-0,3,DE1,0,,,,,,,,,,,
966,Structural Engineering,Mtech in Structural Engineering,2411CE,CE51PQ/ CE61PQ,1,DE- II: Structure / Department Elective,3-0-0,3,DE2,0,,,,,,,,,,,
967,Structural Engineering,Mtech in Structural Engineering,2411CE,XX61PQ,1,IDE,3-0-0,3,IDE1,0,,,,,,,,,,,
968,Structural Engineering,Mtech in Structural Engineering,2411CE,CE5209,2,Advanced Concrete Design,3-0-2,4,Core,0,,,,,,,,,,,
969,Structural Engineering,Mtech in Structural Engineering,2411CE,CE5210,2,Earthquake Resistant Design of Structures,3-0-2,4,Core,0,,,,,,,,,,,
970,Structural Engineering,Mtech in Structural Engineering,2411CE,CE5211,2,Stability of Structures,3-0-0,3,Core,0,,,,,,,,,,,
971,Structural Engineering,Mtech in Structural Engineering,2411CE,CE52PQ/ CE62PQ,2,DE-3: Structure Elective,3-0-0,3,DE3,0,,,,,,,,,,,
972,Structural Engineering,Mtech in Structural Engineering,2411CE,CE52PQ/ CE62PQ,2,DE-4: Structure / Department Elective,3-0-0,3,DE4,0,,,,,,,,,,,
973,Structural Engineering,Mtech in Structural Engineering,2411CE,RM6201,2,Research Methodology,3-1-0,4,RM,0,,,,,,,,,,,
974,Structural Engineering,Mtech in Structural Engineering,2411CE,IK6201,2,IKS,3-0-0,3,IKS,0,,,,,,,,,,,
975,Structural Engineering,Mtech in Structural Engineering,2411CE,CE6198,3,Summer Internship/Mini Project*,0-0-12,3,SI,0,,,,,,,,,,,
976,Structural Engineering,Mtech in Structural Engineering,2411CE,CE6199,3,Project I,0-0-30,15,P1,0,,,,,,,,,,,
977,Structural Engineering,Mtech in Structural Engineering,2411CE,CE6299,4,Project II,0-0-42,21,P2,0,,,,,,,,,,,
978,,,,,,,,,,,,,,,,,,,,,
979,,,,,,,,,,,,,,,,,,,,,
980,,,,,,,,,,,,,,,,,,,,,
981,,,,,,,,,,,,,,,,,,,,,
982,,,,,,,,,,,,,,,,,,,,,
983,,,,,,,,,,,,,,,,,,,,,
984,,,,,,,,,,,,,,,,,,,,,
985,,,,,,,,,,,,,,,,,,,,,
986,,,,,,,,,,,,,,,,,,,,,
987,,,,,,,,,,,,,,,,,,,,,
988,,,,,,,,,,,,,,,,,,,,,
989,,,,,,,,,,,,,,,,,,,,,
990,,,,,,,,,,,,,,,,,,,,,
991,,,,,,,,,,,,,,,,,,,,,
992,,,,,,,,,,,,,,,,,,,,,
993,,,,,,,,,,,,,,,,,,,,,
994,,,,,,,,,,,,,,,,,,,,,
995,,,,,,,,,,,,,,,,,,,,,
996,,,,,,,,,,,,,,,,,,,,,
997,,,,,,,,,,,,,,,,,,,,,
998,,,,,,,,,,,,,,,,,,,,,
999,,,,,,,,,,,,,,,,,,,,,
1000,,,,,,,,,,,,,,,,,,,,,
1001,,,,,,,,,,,,,,,,,,,,,
1002,,,,,,,,,,,,,,,,,,,,,
1003,,,,,,,,,,,,,,,,,,,,,
1004,,,,,,,,,,,,,,,,,,,,,
1005,,,,,,,,,,,,,,,,,,,,,
1006,,,,,,,,,,,,,,,,,,,,,
1007,,,,,,,,,,,,,,,,,,,,,
1008,,,,,,,,,,,,,,,,,,,,,
1009,,,,,,,,,,,,,,,,,,,,,
1010,,,,,,,,,,,,,,,,,,,,,
1011,,,,,,,,,,,,,,,,,,,,,
1012,,,,,,,,,,,,,,,,,,,,,
1013,,,,,,,,,,,,,,,,,,,,,
1014,,,,,,,,,,,,,,,,,,,,,
1015,,,,,,,,,,,,,,,,,,,,,
1016,,,,,,,,,,,,,,,,,,,,,
1017,,,,,,,,,,,,,,,,,,,,,
1018,,,,,,,,,,,,,,,,,,,,,
1019,,,,,,,,,,,,,,,,,,,,,
1020,,,,,,,,,,,,,,,,,,,,,
Kartheek sai kankanala,,,,,,,,,,,,,,,,,,,,,
1021,Civil Engineering,Mtech in Civil Engineering,2411CE,CE5181 ,1,Advanced Engineering Mathematics,3-0-0,3,Core,0,,,,,,,,,,,
1022,Civil Engineering,Mtech in Civil Engineering,2411CE,CE5182,1,Civil Engineering Design – I,1-2-0,3,Core,0,,,,,,,,,,,
1023,Civil Engineering,Mtech in Civil Engineering,2411CE,CE51××/CE61××,1,DE1,3-0-0,3,DE1,0,,,,,,,,,,,
1024,Civil Engineering,Mtech in Civil Engineering,2411CE,CE51××/CE61××,1,DE2,3-0-0,3,DE2,0,,,,,,,,,,,
1025,Civil Engineering,Mtech in Civil Engineering,2411CE,CE51××/CE61××,1,DE3,3-0-0,3,DE3,0,,,,,,,,,,,
1026,Civil Engineering,Mtech in Civil Engineering,2411CE,HS5111,1,Technical Writing and Soft Skill,1-2-2,4,HS,0,,,,,,,,,,,
1027,Civil Engineering,Mtech in Civil Engineering,2411CE,CE5183,1,Civil Engineering Lab-I,0-0-3,1.5,Core,0,,,,,,,,,,,
1028,Civil Engineering,Mtech in Civil Engineering,2411CE,XX61PQ,1,IDE,3-0-0,3,IDE1,0,,,,,,,,,,,
1029,Civil Engineering,Mtech in Civil Engineering,2411CE,CE5281,2,Civil Engineering Design – II,1-2-0,3,Core,0,,,,,,,,,,,
1030,Civil Engineering,Mtech in Civil Engineering,2411CE,CE5282,2,Finite Element Methods,3-0-0,3,Core,0,,,,,,,,,,,
1031,Civil Engineering,Mtech in Civil Engineering,2411CE,CE52××/CE62xx,2,DE4,3-0-0,3,DE4,0,,,,,,,,,,,
1032,Civil Engineering,Mtech in Civil Engineering,2411CE,CE52××/CE62xx ,2,DE5,3-0-0,3,DE5,0,,,,,,,,,,,
1033,Civil Engineering,Mtech in Civil Engineering,2411CE,CE52××/CE62xx ,2,DE6,3-0-0,3,DE6,0,,,,,,,,,,,
1034,Civil Engineering,Mtech in Civil Engineering,2411CE,CE5283 ,2,Civil Engineering Lab-II,0-0-3,1.5,Core,0,,,,,,,,,,,
1035,Civil Engineering,Mtech in Civil Engineering,2411CE,RM6201,2,Research Methodology,3-1-0,4,RM,0,,,,,,,,,,,
1036,Civil Engineering,Mtech in Civil Engineering,2411CE,IK6201 ,2,IKS ,3-0-0,3,IKS,0,,,,,,,,,,,
1037,Civil Engineering,Mtech in Civil Engineering,2411CE,CE6198,3,Summer Internship/Mini Project*,0-0-12,3,SI,0,,,,,,,,,,,
1038,Civil Engineering,Mtech in Civil Engineering,2411CE,CE6199,3,Project I ,0-0-30,15,P1,0,,,,,,,,,,,
1039,Civil Engineering,Mtech in Civil Engineering,2411CE,CE6299,4,Project II,0-0-42,21,P2,0,,,,,,,,,,,
1040,,,,,,,,,,,,,,,,,,,,,
1041,,,,,,,,,,,,,,,,,,,,,
1042,,,,,,,,,,,,,,,,,,,,,
1043,,,,,,,,,,,,,,,,,,,,,
1044,,,,,,,,,,,,,,,,,,,,,
1045,,,,,,,,,,,,,,,,,,,,,
1046,,,,,,,,,,,,,,,,,,,,,
1047,,,,,,,,,,,,,,,,,,,,,
1048,,,,,,,,,,,,,,,,,,,,,
1049,,,,,,,,,,,,,,,,,,,,,
1050,,,,,,,,,,,,,,,,,,,,,
1051,,,,,,,,,,,,,,,,,,,,,
1052,,,,,,,,,,,,,,,,,,,,,
1053,,,,,,,,,,,,,,,,,,,,,
1054,,,,,,,,,,,,,,,,,,,,,
1055,,,,,,,,,,,,,,,,,,,,,
1056,,,,,,,,,,,,,,,,,,,,,
1057,,,,,,,,,,,,,,,,,,,,,
1058,,,,,,,,,,,,,,,,,,,,,
1059,,,,,,,,,,,,,,,,,,,,,
1060,,,,,,,,,,,,,,,,,,,,,
1061,,,,,,,,,,,,,,,,,,,,,
1062,,,,,,,,,,,,,,,,,,,,,
1063,,,,,,,,,,,,,,,,,,,,,
1064,,,,,,,,,,,,,,,,,,,,,
1065,,,,,,,,,,,,,,,,,,,,,
1066,,,,,,,,,,,,,,,,,,,,,
1067,,,,,,,,,,,,,,,,,,,,,
1068,,,,,,,,,,,,,,,,,,,,,
1069,,,,,,,,,,,,,,,,,,,,,
1070,,,,,,,,,,,,,,,,,,,,,
1071,,,,,,,,,,,,,,,,,,,,,
1072,,,,,,,,,,,,,,,,,,,,,
1073,,,,,,,,,,,,,,,,,,,,,
1074,,,,,,,,,,,,,,,,,,,,,
1075,,,,,,,,,,,,,,,,,,,,,
1076,,,,,,,,,,,,,,,,,,,,,
1077,,,,,,,,,,,,,,,,,,,,,
1078,,,,,,,,,,,,,,,,,,,,,
1079,,,,,,,,,,,,,,,,,,,,,
1080,,,,,,,,,,,,,,,,,,,,,
Kashika Aggarwal,,,,,,,,,,,,,,,,,,,,,
1081,Computer Science & Engineering,M. Tech. in Artificial Intelligence,2411AI,CS5101,1,Design and Analysis of Algorithms,3-1-0,4,C,0,,,,,,,,,,,
1082,Computer Science & Engineering,M. Tech. in Artificial Intelligence,2411AI,CS5102,1,Foundations of Computer Systems,3-0-0,3,C,0,,,,,,,,,,,
1083,Computer Science & Engineering,M. Tech. in Artificial Intelligence,2411AI,CS61XX,1,DE1,3-0-0,3,DE1,0,,,,,,,,,,,
1084,Computer Science & Engineering,M. Tech. in Artificial Intelligence,2411AI,CS61XX,1,DE1I,3-0-0,3,DE2,0,,,,,,,,,,,
1085,Computer Science & Engineering,M. Tech. in Artificial Intelligence,2411AI,HS5111,1,Technical Writing and Soft Skill,1-2-2,4,HS,0,,,,,,,,,,,
1086,Computer Science & Engineering,M. Tech. in Artificial Intelligence,2411AI,CS5103,1,Computing Lab-1,0-1-2,2,C,0,,,,,,,,,,,
1087,Computer Science & Engineering,M. Tech. in Artificial Intelligence,2411AI,CS6109,1,IDE (Drone Data Processing & Analysis),3-0-0,3,IDE,0,,,,,,,,,,,
1088,Computer Science & Engineering,M. Tech. in Artificial Intelligence,2411AI,CS5201,2,Advanced Artificial Intelligence,3-0-0,3,C,0,,,,,,,,,,,
1089,Computer Science & Engineering,M. Tech. in Artificial Intelligence,2411AI,CS5203,2,Natural Language Processing,3-0-0,3,C,0,,,,,,,,,,,
1090,Computer Science & Engineering,M. Tech. in Artificial Intelligence,2411AI,CS62XX,2,DE1II,3-0-0,3,DE3,0,,,,,,,,,,,
1091,Computer Science & Engineering,M. Tech. in Artificial Intelligence,2411AI,CS62XX,2,DE1V,3-0-0,3,DE4,0,,,,,,,,,,,
1092,Computer Science & Engineering,M. Tech. in Artificial Intelligence,2411AI,CS62XX,2,DE5,3-0-0,3,DE5,0,,,,,,,,,,,
1093,Computer Science & Engineering,M. Tech. in Artificial Intelligence,2411AI,RM6201,2,Research Methodology,3-1-0,4,RM,0,,,,,,,,,,,
1094,Computer Science & Engineering,M. Tech. in Artificial Intelligence,2411AI,CS5205,2,Advanced Artificial Intelligence Lab,0-1-2,2,C,0,,,,,,,,,,,
1095,Computer Science & Engineering,M. Tech. in Artificial Intelligence,2411AI,IK6201,2,IKS,3-0-0,3,IKS,0,,,,,,,,,,,
1096,Computer Science & Engineering,M. Tech. in Artificial Intelligence,2411AI,CS6198,3,Summer Internship/Mini Project*,0-0-12,3,SI,0,,,,,,,,,,,
1097,Computer Science & Engineering,M. Tech. in Artificial Intelligence,2411AI,CS6199,3,Project I,0-0-30,15,P1,0,,,,,,,,,,,
1098,Computer Science & Engineering,M. Tech. in Artificial Intelligence,2411AI,CS6299,4,Project II,0-0-42,21,P2,0,,,,,,,,,,,
1099,,,,,,,,,,,,,,,,,,,,,
1100,,,,,,,,,,,,,,,,,,,,,
1101,,,,,,,,,,,,,,,,,,,,,
1102,,,,,,,,,,,,,,,,,,,,,
1103,,,,,,,,,,,,,,,,,,,,,
1104,,,,,,,,,,,,,,,,,,,,,
1105,,,,,,,,,,,,,,,,,,,,,
1106,,,,,,,,,,,,,,,,,,,,,
1107,,,,,,,,,,,,,,,,,,,,,
1108,,,,,,,,,,,,,,,,,,,,,
1109,,,,,,,,,,,,,,,,,,,,,
1110,,,,,,,,,,,,,,,,,,,,,
1111,,,,,,,,,,,,,,,,,,,,,
1112,,,,,,,,,,,,,,,,,,,,,
1113,,,,,,,,,,,,,,,,,,,,,
1114,,,,,,,,,,,,,,,,,,,,,
1115,,,,,,,,,,,,,,,,,,,,,
1116,,,,,,,,,,,,,,,,,,,,,
1117,,,,,,,,,,,,,,,,,,,,,
1118,,,,,,,,,,,,,,,,,,,,,
1119,,,,,,,,,,,,,,,,,,,,,
1120,,,,,,,,,,,,,,,,,,,,,
1121,,,,,,,,,,,,,,,,,,,,,
1122,,,,,,,,,,,,,,,,,,,,,
1123,,,,,,,,,,,,,,,,,,,,,
1124,,,,,,,,,,,,,,,,,,,,,
1125,,,,,,,,,,,,,,,,,,,,,
1126,,,,,,,,,,,,,,,,,,,,,
1127,,,,,,,,,,,,,,,,,,,,,
1128,,,,,,,,,,,,,,,,,,,,,
1129,,,,,,,,,,,,,,,,,,,,,
1130,,,,,,,,,,,,,,,,,,,,,
1131,,,,,,,,,,,,,,,,,,,,,
1132,,,,,,,,,,,,,,,,,,,,,
1133,,,,,,,,,,,,,,,,,,,,,
1134,,,,,,,,,,,,,,,,,,,,,
1135,,,,,,,,,,,,,,,,,,,,,
1136,,,,,,,,,,,,,,,,,,,,,
1137,,,,,,,,,,,,,,,,,,,,,
1138,,,,,,,,,,,,,,,,,,,,,
1139,,,,,,,,,,,,,,,,,,,,,
1140,,,,,,,,,,,,,,,,,,,,,
Anmol Kumar,,,,,,,,,,,,,,,,,,,,,
1141,,,,,,,,,,,,,,,,,,,,,
1142,,,,,,,,,,,,,,,,,,,,,
1143,,,,,,,,,,,,,,,,,,,,,
1144,,,,,,,,,,,,,,,,,,,,,
1145,,,,,,,,,,,,,,,,,,,,,
1146,,,,,,,,,,,,,,,,,,,,,
1147,,,,,,,,,,,,,,,,,,,,,
1148,,,,,,,,,,,,,,,,,,,,,
1149,,,,,,,,,,,,,,,,,,,,,
1150,,,,,,,,,,,,,,,,,,,,,
1151,,,,,,,,,,,,,,,,,,,,,
1152,,,,,,,,,,,,,,,,,,,,,
1153,,,,,,,,,,,,,,,,,,,,,
1154,,,,,,,,,,,,,,,,,,,,,
1155,,,,,,,,,,,,,,,,,,,,,
1156,,,,,,,,,,,,,,,,,,,,,
1157,,,,,,,,,,,,,,,,,,,,,
1158,,,,,,,,,,,,,,,,,,,,,
1159,,,,,,,,,,,,,,,,,,,,,
1160,,,,,,,,,,,,,,,,,,,,,
1161,,,,,,,,,,,,,,,,,,,,,
1162,,,,,,,,,,,,,,,,,,,,,
1163,,,,,,,,,,,,,,,,,,,,,
1164,,,,,,,,,,,,,,,,,,,,,
1165,,,,,,,,,,,,,,,,,,,,,
1166,,,,,,,,,,,,,,,,,,,,,
1167,,,,,,,,,,,,,,,,,,,,,
1168,,,,,,,,,,,,,,,,,,,,,
1169,,,,,,,,,,,,,,,,,,,,,
1170,,,,,,,,,,,,,,,,,,,,,
1171,,,,,,,,,,,,,,,,,,,,,
1172,,,,,,,,,,,,,,,,,,,,,
1173,,,,,,,,,,,,,,,,,,,,,
1174,,,,,,,,,,,,,,,,,,,,,
1175,,,,,,,,,,,,,,,,,,,,,
1176,,,,,,,,,,,,,,,,,,,,,
1177,,,,,,,,,,,,,,,,,,,,,
1178,,,,,,,,,,,,,,,,,,,,,
1179,,,,,,,,,,,,,,,,,,,,,
1180,,,,,,,,,,,,,,,,,,,,,
1181,,,,,,,,,,,,,,,,,,,,,
1182,,,,,,,,,,,,,,,,,,,,,
1183,,,,,,,,,,,,,,,,,,,,,
1184,,,,,,,,,,,,,,,,,,,,,
1185,,,,,,,,,,,,,,,,,,,,,
1186,,,,,,,,,,,,,,,,,,,,,
1187,,,,,,,,,,,,,,,,,,,,,
1188,,,,,,,,,,,,,,,,,,,,,
1189,,,,,,,,,,,,,,,,,,,,,
1190,,,,,,,,,,,,,,,,,,,,,
1191,,,,,,,,,,,,,,,,,,,,,
1192,,,,,,,,,,,,,,,,,,,,,
1193,,,,,,,,,,,,,,,,,,,,,
1194,,,,,,,,,,,,,,,,,,,,,
1195,,,,,,,,,,,,,,,,,,,,,
1196,,,,,,,,,,,,,,,,,,,,,
1197,,,,,,,,,,,,,,,,,,,,,
1198,,,,,,,,,,,,,,,,,,,,,
1199,,,,,,,,,,,,,,,,,,,,,
1200,,,,,,,,,,,,,,,,,,,,,
Sourav Kumar,,,,,,,,,,,,,,,,,,,,,
1201,Electrical Engineering,M. Tech. in Communication System and Signal Processing (CSSP),2411EE,HS5111,1,Technical Writing and Soft Skill,1-2-2,4,HS,0,,,,,,,,,,,
1202,Electrical Engineering,M. Tech. in Communication System and Signal Processing (CSSP),2411EE,EC5101,1,Information Theory and Coding,3-1-0,4,core,0,,,,,,,,,,,
1203,Electrical Engineering,M. Tech. in Communication System and Signal Processing (CSSP),2411EE,EC5102,1,Advanced Digital Signal Processing,3-0-2,4,core,0,,,,,,,,,,,
1204,Electrical Engineering,M. Tech. in Communication System and Signal Processing (CSSP),2411EE,EC5103,1,Antenna and Microwave Devices,3-0-2,4,core,0,,,,,,,,,,,
1205,Electrical Engineering,M. Tech. in Communication System and Signal Processing (CSSP),2411EE,EC51XX/ EC61XX,1,DE1,3-0-0,3,DE1,0,,,,,,,,,,,
1206,Electrical Engineering,M. Tech. in Communication System and Signal Processing (CSSP),2411EE,EC51XX/ EC61XX,1,DE1I,3-0-0,3,DE2,0,,,,,,,,,,,
1207,Electrical Engineering,M. Tech. in Communication System and Signal Processing (CSSP),2411EE,XX61PQ,1,IDE,3-0-0,3,IDE,0,,,,,,,,,,,
1208,Electrical Engineering,M. Tech. in Communication System and Signal Processing (CSSP),2411EE,EC5201,2,Wireless Communication,3-0-2,4,core,0,,,,,,,,,,,
1209,Electrical Engineering,M. Tech. in Communication System and Signal Processing (CSSP),2411EE,EC5202,2,Advanced Communication Systems,3-0-2,4,core,0,,,,,,,,,,,
1210,Electrical Engineering,M. Tech. in Communication System and Signal Processing (CSSP),2411EE,EC52XX/ EC62XX,2,DE1II,3-0-0,3,DE3,0,,,,,,,,,,,
1211,Electrical Engineering,M. Tech. in Communication System and Signal Processing (CSSP),2411EE,EC52XX/ EC62XX,2,DE1V,3-0-0,3,DE4,0,,,,,,,,,,,
1212,Electrical Engineering,M. Tech. in Communication System and Signal Processing (CSSP),2411EE,EC52XX/ EC62XX,2,DE5,3-0-0,3,DE5,0,,,,,,,,,,,
1213,Electrical Engineering,M. Tech. in Communication System and Signal Processing (CSSP),2411EE,RM6201,2,Research Methodology,3-1-0,4,RM,0,,,,,,,,,,,
1214,Electrical Engineering,M. Tech. in Communication System and Signal Processing (CSSP),2411EE,IK6201,2,IKS,3-0-0,3,IKS,0,,,,,,,,,,,
1215,Electrical Engineering,M. Tech. in Communication System and Signal Processing (CSSP),2411EE,EC6102,3,Summer Internship/ Mini Project*,0-0-12,3,SI,0,,,,,,,,,,,
1216,Electrical Engineering,M. Tech. in Communication System and Signal Processing (CSSP),2411EE,EC6101,3,Project I,0-0-30,15,P1,0,,,,,,,,,,,
1217,Electrical Engineering,M. Tech. in Communication System and Signal Processing (CSSP),2411EE,EC6201,4,Project II,0-0-42,21,P2,0,,,,,,,,,,,
1218,,,,,,,,,,,,,,,,,,,,,
1219,,,,,,,,,,,,,,,,,,,,,
1220,,,,,,,,,,,,,,,,,,,,,
1221,,,,,,,,,,,,,,,,,,,,,
1222,,,,,,,,,,,,,,,,,,,,,
1223,,,,,,,,,,,,,,,,,,,,,
1224,,,,,,,,,,,,,,,,,,,,,
1225,,,,,,,,,,,,,,,,,,,,,
1226,,,,,,,,,,,,,,,,,,,,,
1227,,,,,,,,,,,,,,,,,,,,,
1228,,,,,,,,,,,,,,,,,,,,,
1229,,,,,,,,,,,,,,,,,,,,,
1230,,,,,,,,,,,,,,,,,,,,,
1231,,,,,,,,,,,,,,,,,,,,,
1232,,,,,,,,,,,,,,,,,,,,,
1233,,,,,,,,,,,,,,,,,,,,,
1234,,,,,,,,,,,,,,,,,,,,,
1235,,,,,,,,,,,,,,,,,,,,,
1236,,,,,,,,,,,,,,,,,,,,,
1237,,,,,,,,,,,,,,,,,,,,,
1238,,,,,,,,,,,,,,,,,,,,,
1239,,,,,,,,,,,,,,,,,,,,,
1240,,,,,,,,,,,,,,,,,,,,,
1241,,,,,,,,,,,,,,,,,,,,,
1242,,,,,,,,,,,,,,,,,,,,,
1243,,,,,,,,,,,,,,,,,,,,,
1244,,,,,,,,,,,,,,,,,,,,,
1245,,,,,,,,,,,,,,,,,,,,,
1246,,,,,,,,,,,,,,,,,,,,,
1247,,,,,,,,,,,,,,,,,,,,,
1248,,,,,,,,,,,,,,,,,,,,,
1249,,,,,,,,,,,,,,,,,,,,,
1250,,,,,,,,,,,,,,,,,,,,,
1251,,,,,,,,,,,,,,,,,,,,,
1252,,,,,,,,,,,,,,,,,,,,,
1253,,,,,,,,,,,,,,,,,,,,,
1254,,,,,,,,,,,,,,,,,,,,,
1255,,,,,,,,,,,,,,,,,,,,,
1256,,,,,,,,,,,,,,,,,,,,,
1257,,,,,,,,,,,,,,,,,,,,,
1258,,,,,,,,,,,,,,,,,,,,,
1259,,,,,,,,,,,,,,,,,,,,,
1260,,,,,,,,,,,,,,,,,,,,,
UDESH KUMAR,,,,,,,,,,,,,,,,,,,,,
1261,Electrical Engineering,M. Tech. in Power and Control Systems (P&CS),2411EE,HS5111,1,Technical Writing and Soft Skill,1-2-2,4,HS,0,,,,,,,,,,,
1262,Electrical Engineering,M. Tech. in Power and Control Systems (P&CS),2411EE,EE5101,1,Computer Aided Power System Analysis,3-0-2,4,Core,0,,,,,,,,,,,
1263,Electrical Engineering,M. Tech. in Power and Control Systems (P&CS),2411EE,EE5102,1,Advanced Power Electronics Converters,3-0-2,4,Core,0,,,,,,,,,,,
1264,Electrical Engineering,M. Tech. in Power and Control Systems (P&CS),2411EE,EE5103,1,"FACTS and Its Applications
",3-0-2,4,Core,0,,,,,,,,,,,
1265,Electrical Engineering,M. Tech. in Power and Control Systems (P&CS),2411EE,EE51PQ/EE61PQ,1,DE1 ,3-0-0,3,DE1,0,,,,,,,,,,,
1266,Electrical Engineering,M. Tech. in Power and Control Systems (P&CS),2411EE,EE51PQ/EE61PQ,1,DE1I,3-0-0,3,DE2,0,,,,,,,,,,,
1267,Electrical Engineering,M. Tech. in Power and Control Systems (P&CS),2411EE,XX61PQ,1,IDE,3-0-0,3,IDE,0,,,,,,,,,,,
1268,Electrical Engineering,M. Tech. in Power and Control Systems (P&CS),2411EE,EE5201,2,"Power System Dynamics, Control and Protection",3-0-2,4,Core,0,,,,,,,,,,,
1269,Electrical Engineering,M. Tech. in Power and Control Systems (P&CS),2411EE,EE5202,2,Nonlinear Dynamical Systems,3-0-2,4,Core,0,,,,,,,,,,,
1270,Electrical Engineering,M. Tech. in Power and Control Systems (P&CS),2411EE,EE52PQ/EE62PQ,2,DE1II,3-0-0,3,DE3,0,,,,,,,,,,,
1271,Electrical Engineering,M. Tech. in Power and Control Systems (P&CS),2411EE,EE52PQ/EE62PQ,2,DE1V,3-0-0,3,DE4,0,,,,,,,,,,,
1272,Electrical Engineering,M. Tech. in Power and Control Systems (P&CS),2411EE,"EE52PQ/EE62PQ
",2,DE5,3-0-0,3,DE5,0,,,,,,,,,,,
1273,Electrical Engineering,M. Tech. in Power and Control Systems (P&CS),2411EE,RM6201,2,Research Methodology,3-1-0,4,RM,0,,,,,,,,,,,
1274,Electrical Engineering,M. Tech. in Power and Control Systems (P&CS),2411EE,IK6201 ,2,IKS,3-0-0,3,IKS,0,,,,,,,,,,,
1275,Electrical Engineering,M. Tech. in Power and Control Systems (P&CS),2411EE,EE6198,3,Summer internship/Mini Project*,0-0-12,3,SI,0,,,,,,,,,,,
1276,Electrical Engineering,M. Tech. in Power and Control Systems (P&CS),2411EE,"EE6199
",3,Project I,0-0-30,15,P1,0,,,,,,,,,,,
1277,Electrical Engineering,M. Tech. in Power and Control Systems (P&CS),2411EE,"EE6299
",4,Project II,0-0-42,21,P2,0,,,,,,,,,,,
1278,,,,,,,,,,,,,,,,,,,,,
1279,,,,,,,,,,,,,,,,,,,,,
1280,,,,,,,,,,,,,,,,,,,,,
1281,,,,,,,,,,,,,,,,,,,,,
1282,,,,,,,,,,,,,,,,,,,,,
1283,,,,,,,,,,,,,,,,,,,,,
1284,,,,,,,,,,,,,,,,,,,,,
1285,,,,,,,,,,,,,,,,,,,,,
1286,,,,,,,,,,,,,,,,,,,,,
1287,,,,,,,,,,,,,,,,,,,,,
1288,,,,,,,,,,,,,,,,,,,,,
1289,,,,,,,,,,,,,,,,,,,,,
1290,,,,,,,,,,,,,,,,,,,,,
1291,,,,,,,,,,,,,,,,,,,,,
1292,,,,,,,,,,,,,,,,,,,,,
1293,,,,,,,,,,,,,,,,,,,,,
1294,,,,,,,,,,,,,,,,,,,,,
1295,,,,,,,,,,,,,,,,,,,,,
1296,,,,,,,,,,,,,,,,,,,,,
1297,,,,,,,,,,,,,,,,,,,,,
1298,,,,,,,,,,,,,,,,,,,,,
1299,,,,,,,,,,,,,,,,,,,,,
1300,,,,,,,,,,,,,,,,,,,,,
1301,,,,,,,,,,,,,,,,,,,,,
1302,,,,,,,,,,,,,,,,,,,,,
1303,,,,,,,,,,,,,,,,,,,,,
1304,,,,,,,,,,,,,,,,,,,,,
1305,,,,,,,,,,,,,,,,,,,,,
1306,,,,,,,,,,,,,,,,,,,,,
1307,,,,,,,,,,,,,,,,,,,,,
1308,,,,,,,,,,,,,,,,,,,,,
1309,,,,,,,,,,,,,,,,,,,,,
1310,,,,,,,,,,,,,,,,,,,,,
1311,,,,,,,,,,,,,,,,,,,,,
1312,,,,,,,,,,,,,,,,,,,,,
1313,,,,,,,,,,,,,,,,,,,,,
1314,,,,,,,,,,,,,,,,,,,,,
1315,,,,,,,,,,,,,,,,,,,,,
1316,,,,,,,,,,,,,,,,,,,,,
1317,,,,,,,,,,,,,,,,,,,,,
1318,,,,,,,,,,,,,,,,,,,,,
1319,,,,,,,,,,,,,,,,,,,,,
1320,,,,,,,,,,,,,,,,,,,,,
Chitransh Madavi,,,,,,,,,,,,,,,,,,,,,
1321,Electrical Engineering,M. Tech. in VLSI and Embedded System,2411EE,HS5111,1,Technical Writing and Soft Skill ,1-2-2,4,HS,0,,,,,,,,,,,
1322,Electrical Engineering,M. Tech. in VLSI and Embedded System,2411EE,EC5151,1,Digital VLSI System,3-0-2,4,CORE,0,,,,,,,,,,,
1323,Electrical Engineering,M. Tech. in VLSI and Embedded System,2411EE,EC5152,1,Embedded System ,3-0-2,4,CORE,0,,,,,,,,,,,
1324,Electrical Engineering,M. Tech. in VLSI and Embedded System,2411EE,EC5161 ,1,Semiconductor Device Modeling and Simulation ,3-0-2,4,CORE,0,,,,,,,,,,,
1325,Electrical Engineering,M. Tech. in VLSI and Embedded System,2411EE,EC51PQ/EC61PQ,1,DE1,3-0-0,3,DE1,0,,,,,,,,,,,
1326,Electrical Engineering,M. Tech. in VLSI and Embedded System,2411EE,EC51PQ/EC61PQ,1,DE2,3-0-0,3,DE2,0,,,,,,,,,,,
1327,Electrical Engineering,M. Tech. in VLSI and Embedded System,2411EE,XX61PQ ,1,IDE,3-0-0,3,IDE,0,,,,,,,,,,,
1328,Electrical Engineering,M. Tech. in VLSI and Embedded System,2411EE,EC5251,2,Analog and Mixed Signal Integrated Circuits ,3-0-2,4,CORE,0,,,,,,,,,,,
1329,Electrical Engineering,M. Tech. in VLSI and Embedded System,2411EE,EC5252,2,High Performance Embedded Computing system ,3-0-2,4,CORE,0,,,,,,,,,,,
1330,Electrical Engineering,M. Tech. in VLSI and Embedded System,2411EE,EC52PQ/EC62PQ ,2,DE3,3-0-0,3,DE3,0,,,,,,,,,,,
1331,Electrical Engineering,M. Tech. in VLSI and Embedded System,2411EE,EC52PQ/EC62PQ ,2,DE4,3-0-0,3,DE4,0,,,,,,,,,,,
1332,Electrical Engineering,M. Tech. in VLSI and Embedded System,2411EE,EC52PQ/EC62PQ ,2,DE5,3-0-0,3,DE5,0,,,,,,,,,,,
1333,Electrical Engineering,M. Tech. in VLSI and Embedded System,2411EE,RM6201,2,RM,3-1-0,4,RM,0,,,,,,,,,,,
1334,Electrical Engineering,M. Tech. in VLSI and Embedded System,2411EE,IK6201 ,2,IKS,3-0-0,3,IKS,0,,,,,,,,,,,
1335,Electrical Engineering,M. Tech. in VLSI and Embedded System,2411EE,EC6198 ,3,Summer Internship/ Mini Project* ,0-0-12,3,SI,0,,,,,,,,,,,
1336,Electrical Engineering,M. Tech. in VLSI and Embedded System,2411EE,EC6199 ,3,Project I ,0-0-30,15,P1,0,,,,,,,,,,,
1337,Electrical Engineering,M. Tech. in VLSI and Embedded System,2411EE,EC6299 ,4,Project II,0-0-42,21,P2,0,,,,,,,,,,,
1338,,,,,,,,,,,,,,,,,,,,,
1339,,,,,,,,,,,,,,,,,,,,,
1340,,,,,,,,,,,,,,,,,,,,,
1341,,,,,,,,,,,,,,,,,,,,,
1342,,,,,,,,,,,,,,,,,,,,,
1343,,,,,,,,,,,,,,,,,,,,,
1344,,,,,,,,,,,,,,,,,,,,,
1345,,,,,,,,,,,,,,,,,,,,,
1346,,,,,,,,,,,,,,,,,,,,,
1347,,,,,,,,,,,,,,,,,,,,,
1348,,,,,,,,,,,,,,,,,,,,,
1349,,,,,,,,,,,,,,,,,,,,,
1350,,,,,,,,,,,,,,,,,,,,,
1351,,,,,,,,,,,,,,,,,,,,,
1352,,,,,,,,,,,,,,,,,,,,,
1353,,,,,,,,,,,,,,,,,,,,,
1354,,,,,,,,,,,,,,,,,,,,,
1355,,,,,,,,,,,,,,,,,,,,,
1356,,,,,,,,,,,,,,,,,,,,,
1357,,,,,,,,,,,,,,,,,,,,,
1358,,,,,,,,,,,,,,,,,,,,,
1359,,,,,,,,,,,,,,,,,,,,,
1360,,,,,,,,,,,,,,,,,,,,,
1361,,,,,,,,,,,,,,,,,,,,,
1362,,,,,,,,,,,,,,,,,,,,,
1363,,,,,,,,,,,,,,,,,,,,,
1364,,,,,,,,,,,,,,,,,,,,,
1365,,,,,,,,,,,,,,,,,,,,,
1366,,,,,,,,,,,,,,,,,,,,,
1367,,,,,,,,,,,,,,,,,,,,,
1368,,,,,,,,,,,,,,,,,,,,,
1369,,,,,,,,,,,,,,,,,,,,,
1370,,,,,,,,,,,,,,,,,,,,,
1371,,,,,,,,,,,,,,,,,,,,,
1372,,,,,,,,,,,,,,,,,,,,,
1373,,,,,,,,,,,,,,,,,,,,,
1374,,,,,,,,,,,,,,,,,,,,,
1375,,,,,,,,,,,,,,,,,,,,,
1376,,,,,,,,,,,,,,,,,,,,,
1377,,,,,,,,,,,,,,,,,,,,,
1378,,,,,,,,,,,,,,,,,,,,,
1379,,,,,,,,,,,,,,,,,,,,,
1380,,,,,,,,,,,,,,,,,,,,,
Vishal Jaiswal,,,,,,,,,,,,,,,,,,,,,
1381,Mathematics and Computing,M.Tech in Mathematics and Computing,2411MC,HS5111,SEM-1,Technical Writing and Soft Skills,1-2-2,4,HS,0,,,,,,,,,,,
1382,Mathematics and Computing,M.Tech in Mathematics and Computing,2411MC,MC5101,SEM-1,Design and Analysis of Algorithms,3-1-2,5,CORE,0,,,,,,,,,,,
1383,Mathematics and Computing,M.Tech in Mathematics and Computing,2411MC,MC5102,SEM-1,Probability and Statistics,3-0-2,4,CORE,0,,,,,,,,,,,
1384,Mathematics and Computing,M.Tech in Mathematics and Computing,2411MC,XX51PQ/XX61PQ,SEM-1,DE1,3-0-0,3,DE1,0,,,,,,,,,,,
1385,Mathematics and Computing,M.Tech in Mathematics and Computing,2411MC,XX51PQ/XX61PQ,SEM-1,DE2,3-0-0,3,DE2,0,,,,,,,,,,,
1386,Mathematics and Computing,M.Tech in Mathematics and Computing,2411MC,XX51PQ/XX61PQ,SEM-1,DE3,3-0-0,3,DE3,0,,,,,,,,,,,
1387,Mathematics and Computing,M.Tech in Mathematics and Computing,2411MC,XX51PQ/XX61PQ,SEM-1,IDE,3-0-0,3,1DE,0,,,,,,,,,,,
1388,Mathematics and Computing,M.Tech in Mathematics and Computing,2411MC,MC5201,SEM-2,Advanced Artificial Intelligence,3-1-2,5,CORE,0,,,,,,,,,,,
1389,Mathematics and Computing,M.Tech in Mathematics and Computing,2411MC,MC5202,SEM-2,Numerical Linear Algebra and Optimization Techniques,3-0-2,4,CORE,0,,,,,,,,,,,
1390,Mathematics and Computing,M.Tech in Mathematics and Computing,2411MC,XX52PQ/XX62PQ,SEM-2,DE4,3-0-0,3,DE4,0,,,,,,,,,,,
1391,Mathematics and Computing,M.Tech in Mathematics and Computing,2411MC,XX52PQ/XX62PQ,SEM-2,DE5,3-0-0,3,DE5,0,,,,,,,,,,,
1392,Mathematics and Computing,M.Tech in Mathematics and Computing,2411MC,XX52PQ/XX62PQ,SEM-2,DE6,3-0-0,3,DE6,0,,,,,,,,,,,
1393,Mathematics and Computing,M.Tech in Mathematics and Computing,2411MC,RM6201,SEM-2,Research Methodology,3-1-0,4,RM,0,,,,,,,,,,,
1394,Mathematics and Computing,M.Tech in Mathematics and Computing,2411MC,IK6201,SEM-2,Indian Knowledge System,3-0-0,3,IK,0,,,,,,,,,,,
1395,Mathematics and Computing,M.Tech in Mathematics and Computing,2411MC,MC6198,SEM-3,Summer Internship Evaluation / Mini Project,0-0-12,3,SI,0,,,,,,,,,,,
1396,Mathematics and Computing,M.Tech in Mathematics and Computing,2411MC,MC6199,SEM-3,Project I,0-0-30,15,P1,0,,,,,,,,,,,
1397,Mathematics and Computing,M.Tech in Mathematics and Computing,2411MC,MC6299,SEM-4,Project II,0-0-42,21,P2,0,,,,,,,,,,,
1398,,,,,,,,,,,,,,,,,,,,,
1399,,,,,,,,,,,,,,,,,,,,,
1400,,,,,,,,,,,,,,,,,,,,,
1401,,,,,,,,,,,,,,,,,,,,,
1402,,,,,,,,,,,,,,,,,,,,,
1403,,,,,,,,,,,,,,,,,,,,,
1404,,,,,,,,,,,,,,,,,,,,,
1405,,,,,,,,,,,,,,,,,,,,,
1406,,,,,,,,,,,,,,,,,,,,,
1407,,,,,,,,,,,,,,,,,,,,,
1408,,,,,,,,,,,,,,,,,,,,,
1409,,,,,,,,,,,,,,,,,,,,,
1410,,,,,,,,,,,,,,,,,,,,,
1411,,,,,,,,,,,,,,,,,,,,,
1412,,,,,,,,,,,,,,,,,,,,,
1413,,,,,,,,,,,,,,,,,,,,,
1414,,,,,,,,,,,,,,,,,,,,,
1415,,,,,,,,,,,,,,,,,,,,,
1416,,,,,,,,,,,,,,,,,,,,,
1417,,,,,,,,,,,,,,,,,,,,,
1418,,,,,,,,,,,,,,,,,,,,,
1419,,,,,,,,,,,,,,,,,,,,,
1420,,,,,,,,,,,,,,,,,,,,,
1421,,,,,,,,,,,,,,,,,,,,,
1422,,,,,,,,,,,,,,,,,,,,,
1423,,,,,,,,,,,,,,,,,,,,,
1424,,,,,,,,,,,,,,,,,,,,,
1425,,,,,,,,,,,,,,,,,,,,,
1426,,,,,,,,,,,,,,,,,,,,,
1427,,,,,,,,,,,,,,,,,,,,,
1428,,,,,,,,,,,,,,,,,,,,,
1429,,,,,,,,,,,,,,,,,,,,,
1430,,,,,,,,,,,,,,,,,,,,,
1431,,,,,,,,,,,,,,,,,,,,,
1432,,,,,,,,,,,,,,,,,,,,,
1433,,,,,,,,,,,,,,,,,,,,,
1434,,,,,,,,,,,,,,,,,,,,,
1435,,,,,,,,,,,,,,,,,,,,,
1436,,,,,,,,,,,,,,,,,,,,,
1437,,,,,,,,,,,,,,,,,,,,,
1438,,,,,,,,,,,,,,,,,,,,,
1439,,,,,,,,,,,,,,,,,,,,,
1440,,,,,,,,,,,,,,,,,,,,,
Raja Laha,,,,,,,,,,,,,,,,,,,,,
1441,Advanced Manufacturing Technology,Advanced Manufacturing Technology,2411ME,HS5111,1,Technical Writing and Soft Skill,1-2-2,4,HS1,0,,,,,,,,,,,
1442,Advanced Manufacturing Technology,Advanced Manufacturing Technology,2411ME,ME5101,1,Advanced Engineering Mathematics,3-1-0,4,Core,0,,,,,,,,,,,
1443,Advanced Manufacturing Technology,Advanced Manufacturing Technology,2411ME,ME5103,1,Finite Element Analysis,3-0-0,3,Core,0,,,,,,,,,,,
1444,Advanced Manufacturing Technology,Advanced Manufacturing Technology,2411ME,ME5108,1,Deformation-based Manufacturing,3-0-0,3,Core,0,,,,,,,,,,,
1445,Advanced Manufacturing Technology,Advanced Manufacturing Technology,2411ME,ME61PQ,1,DE1,3-0-0,3,DE1,0,,,,,,,,,,,
1446,Advanced Manufacturing Technology,Advanced Manufacturing Technology,2411ME,ME61PQ,1,DE1I,3-0-0,3,DE2,0,,,,,,,,,,,
1447,Advanced Manufacturing Technology,Advanced Manufacturing Technology,2411ME,ME5109,1,Manufacturing Lab - I,0-0-3,1.5,Core,0,,,,,,,,,,,
1448,Advanced Manufacturing Technology,Advanced Manufacturing Technology,2411ME,XX61PQ,1,IDE,3-0-0,3,IDE1,0,,,,,,,,,,,
1449,Advanced Manufacturing Technology,Advanced Manufacturing Technology,2411ME,ME5201,2,Advanced Engineering Software Lab,1-0-4,3,Core,0,,,,,,,,,,,
1450,Advanced Manufacturing Technology,Advanced Manufacturing Technology,2411ME,ME5203,2,Measurement and Instrumentation,3-0-0,3,Core,0,,,,,,,,,,,
1451,Advanced Manufacturing Technology,Advanced Manufacturing Technology,2411ME,ME5207,2,Solidification-based Manufacturing,3-1-0,4,Core,0,,,,,,,,,,,
1452,Advanced Manufacturing Technology,Advanced Manufacturing Technology,2411ME,ME62PQ,2,DE1II,3-0-0,3,DE3,0,,,,,,,,,,,
1453,Advanced Manufacturing Technology,Advanced Manufacturing Technology,2411ME,ME62PQ,2,DE1V,3-0-0,3,DE4,0,,,,,,,,,,,
1454,Advanced Manufacturing Technology,Advanced Manufacturing Technology,2411ME,RM6201,2,RM,3-1-0,4,RM,0,,,,,,,,,,,
1455,Advanced Manufacturing Technology,Advanced Manufacturing Technology,2411ME,ME5208,2,Manufacturing Lab - II,0-0-3,1.5,Core,0,,,,,,,,,,,
1456,Advanced Manufacturing Technology,Advanced Manufacturing Technology,2411ME,IK6201,2,IKS,3-0-0,3,IKS,0,,,,,,,,,,,
1457,Advanced Manufacturing Technology,Advanced Manufacturing Technology,2411ME,ME6198,3,Summer Internship / Mini Project,0-0-12,3,SI,0,,,,,,,,,,,
1458,Advanced Manufacturing Technology,Advanced Manufacturing Technology,2411ME,ME6199,3,Project I,0-0-30,15,P1,0,,,,,,,,,,,
1459,Advanced Manufacturing Technology,Advanced Manufacturing Technology,2411ME,ME6299,4,Project II,0-0-42,21,P2,0,,,,,,,,,,,
1460,,,,,,,,,,,,,,,,,,,,,
1461,,,,,,,,,,,,,,,,,,,,,
1462,,,,,,,,,,,,,,,,,,,,,
1463,,,,,,,,,,,,,,,,,,,,,
1464,,,,,,,,,,,,,,,,,,,,,
1465,,,,,,,,,,,,,,,,,,,,,
1466,,,,,,,,,,,,,,,,,,,,,
1467,,,,,,,,,,,,,,,,,,,,,
1468,,,,,,,,,,,,,,,,,,,,,
1469,,,,,,,,,,,,,,,,,,,,,
1470,,,,,,,,,,,,,,,,,,,,,
1471,,,,,,,,,,,,,,,,,,,,,
1472,,,,,,,,,,,,,,,,,,,,,
1473,,,,,,,,,,,,,,,,,,,,,
1474,,,,,,,,,,,,,,,,,,,,,
1475,,,,,,,,,,,,,,,,,,,,,
1476,,,,,,,,,,,,,,,,,,,,,
1477,,,,,,,,,,,,,,,,,,,,,
1478,,,,,,,,,,,,,,,,,,,,,
1479,,,,,,,,,,,,,,,,,,,,,
1480,,,,,,,,,,,,,,,,,,,,,
1481,,,,,,,,,,,,,,,,,,,,,
1482,,,,,,,,,,,,,,,,,,,,,
1483,,,,,,,,,,,,,,,,,,,,,
1484,,,,,,,,,,,,,,,,,,,,,
1485,,,,,,,,,,,,,,,,,,,,,
1486,,,,,,,,,,,,,,,,,,,,,
1487,,,,,,,,,,,,,,,,,,,,,
1488,,,,,,,,,,,,,,,,,,,,,
1489,,,,,,,,,,,,,,,,,,,,,
1490,,,,,,,,,,,,,,,,,,,,,
1491,,,,,,,,,,,,,,,,,,,,,
1492,,,,,,,,,,,,,,,,,,,,,
1493,,,,,,,,,,,,,,,,,,,,,
1494,,,,,,,,,,,,,,,,,,,,,
1495,,,,,,,,,,,,,,,,,,,,,
1496,,,,,,,,,,,,,,,,,,,,,
1497,,,,,,,,,,,,,,,,,,,,,
1498,,,,,,,,,,,,,,,,,,,,,
1499,,,,,,,,,,,,,,,,,,,,,
1500,,,,,,,,,,,,,,,,,,,,,
Biswajit Sarkar,,,,,,,,,,,,,,,,,,,,,
1501,Mechanical Design,,,HS5111,1,Technical Writing and Soft Skill,1-2-2,4,HS1,0,,,,,,,,,,,
1502,Mechanical Design,,,ME5101,1,Advanced Engineering Mathematics,3-1-0,4,Core,0,,,,,,,,,,,
1503,Mechanical Design,,,ME5102,1,Theory of Elasticity,3-0-0,3,Core,0,,,,,,,,,,,
1504,Mechanical Design,,,ME5103,1,Finite Element Analysis,3-0-0,3,Core,0,,,,,,,,,,,
1505,Mechanical Design,,,ME61PQ,1,DE1,3-0-0,3,DE1,0,,,,,,,,,,,
1506,Mechanical Design,,,ME61PQ,1,DE1I,3-0-0,3,DE2,0,,,,,,,,,,,
1507,Mechanical Design,,,ME5104,1,Design Lab - I,0-0-3,1.5,Core,0,,,,,,,,,,,
1508,Mechanical Design,,,XX61PQ,1,IDE,3-0-0,3,IDE1,0,,,,,,,,,,,
1509,Mechanical Design,,,ME5201,2,Advanced Engineering Software Lab,1-0-4,3,Core,0,,,,,,,,,,,
1510,Mechanical Design,,,ME5202,2,Advanced Dynamics & Vibration,3-1-0,4,Core,0,,,,,,,,,,,
1511,Mechanical Design,,,ME5203,2,Measurement and Instrumentation,3-0-0,3,Core,0,,,,,,,,,,,
1512,Mechanical Design,,,ME62PQ,2,DE1II,3-0-0,3,DE3,0,,,,,,,,,,,
1513,Mechanical Design,,,ME62PQ,2,DE1V,3-0-0,3,DE4,0,,,,,,,,,,,
1514,Mechanical Design,,,RM6201,2,Research Methodology,3-1-0,4,RM1,0,,,,,,,,,,,
1515,Mechanical Design,,,ME5204,2,Design Lab - II,0-0-3,1.5,Core,0,,,,,,,,,,,
1516,Mechanical Design,,,IK6201,2,IKS,3-0-0,3,IKS,0,,,,,,,,,,,
1517,Mechanical Design,,,ME6198,3,Summer Internship / Mini Project*,0-0-12,3,SI,0,,,,,,,,,,,
1518,Mechanical Design,,,ME6199,3,Project I**,0-0-30,15,P1,0,,,,,,,,,,,
1519,Mechanical Design,,,ME6299,4,Project II**,0-0-42,21,P2,0,,,,,,,,,,,
1520,,,,,,,,,,,,,,,,,,,,,
1521,,,,,,,,,,,,,,,,,,,,,
1522,,,,,,,,,,,,,,,,,,,,,
1523,,,,,,,,,,,,,,,,,,,,,
1524,,,,,,,,,,,,,,,,,,,,,
1525,,,,,,,,,,,,,,,,,,,,,
1526,,,,,,,,,,,,,,,,,,,,,
1527,,,,,,,,,,,,,,,,,,,,,
1528,,,,,,,,,,,,,,,,,,,,,
1529,,,,,,,,,,,,,,,,,,,,,
1530,,,,,,,,,,,,,,,,,,,,,
1531,,,,,,,,,,,,,,,,,,,,,
1532,,,,,,,,,,,,,,,,,,,,,
1533,,,,,,,,,,,,,,,,,,,,,
1534,,,,,,,,,,,,,,,,,,,,,
1535,,,,,,,,,,,,,,,,,,,,,
1536,,,,,,,,,,,,,,,,,,,,,
1537,,,,,,,,,,,,,,,,,,,,,
1538,,,,,,,,,,,,,,,,,,,,,
1539,,,,,,,,,,,,,,,,,,,,,
1540,,,,,,,,,,,,,,,,,,,,,
1541,,,,,,,,,,,,,,,,,,,,,
1542,,,,,,,,,,,,,,,,,,,,,
1543,,,,,,,,,,,,,,,,,,,,,
1544,,,,,,,,,,,,,,,,,,,,,
1545,,,,,,,,,,,,,,,,,,,,,
1546,,,,,,,,,,,,,,,,,,,,,
1547,,,,,,,,,,,,,,,,,,,,,
1548,,,,,,,,,,,,,,,,,,,,,
1549,,,,,,,,,,,,,,,,,,,,,
1550,,,,,,,,,,,,,,,,,,,,,
1551,,,,,,,,,,,,,,,,,,,,,
1552,,,,,,,,,,,,,,,,,,,,,
1553,,,,,,,,,,,,,,,,,,,,,
1554,,,,,,,,,,,,,,,,,,,,,
1555,,,,,,,,,,,,,,,,,,,,,
1556,,,,,,,,,,,,,,,,,,,,,
1557,,,,,,,,,,,,,,,,,,,,,
1558,,,,,,,,,,,,,,,,,,,,,
1559,,,,,,,,,,,,,,,,,,,,,
1560,,,,,,,,,,,,,,,,,,,,,
Singam Setty Deshik,,,,,,,,,,,,,,,,,,,,,
1561,Mechanical Engineering,Mechatronics,,HS5111,1,Technical Writing and Soft Skill ,1-2-2,4,HS1,0,,,,,,,,,,,
1562,Mechanical Engineering,Mechatronics,,ME5101,1,Advanced Engineering Mathematics,3-1-0,4,Core,0,,,,,,,,,,,
1563,Mechanical Engineering,Mechatronics,,MH5101,1,Fundamental of Mechatronics,3-0-0,3,Core,0,,,,,,,,,,,
1564,Mechanical Engineering,Mechatronics,,EC5152,1,Embedded System,3-0-2,4,Core,0,,,,,,,,,,,
1565,Mechanical Engineering,Mechatronics,,XX51PQ/XX61PQ,1,Mechatronics Elective - 1,3-0-0,3,DE1,0,XX51PQ/XX61PQ,,,,,,,,,,
1566,Mechanical Engineering,Mechatronics,,XX61PQ,1,Mechatronics Elective - 2,3-0-0,3,DE2,0,,,,,,,,,,,
1567,Mechanical Engineering,Mechatronics,,MH5102,1,Mechatronics Lab - 1,0-0-3,1.5,DE3,0,,,,,,,,,,,
1568,Mechanical Engineering,Mechatronics,,XX61PQ,1,IDE,3-0-0,3,IDE1,0,,,,,,,,,,,
1569,Mechanical Engineering,Mechatronics,,MH5201,2,Sensors and Actuators,3-0-0,3,Core,0,,,,,,,,,,,
1570,Mechanical Engineering,Mechatronics,,MH5202,2,Modeling and Simulation of Mechatronic Systems,3-0-0,3,Core,0,,,,,,,,,,,
1571,Mechanical Engineering,Mechatronics,,XX62PQ,2,Mechatronics Elective - 3,3-0-0,3,DE3,0,,,,,,,,,,,
1572,Mechanical Engineering,Mechatronics,,XX62PQ,2,Mechatronics Elective - 4,3-0-0,3,DE4,0,,,,,,,,,,,
1573,Mechanical Engineering,Mechatronics,,XX52PQ/XX62PQ,2,Mechatronics Elective - 5,3-0-0,3,DE5,0,XX52PQ/XX62PQ,,,,,,,,,,
1574,Mechanical Engineering,Mechatronics,,RM6201,2,Research Methodology,3-1-0,4,RM,0,,,,,,,,,,,
1575,Mechanical Engineering,Mechatronics,,MH5203,2,Mechatronics Lab - 2,0-0-3,1.5,Core,0,,,,,,,,,,,
1576,Mechanical Engineering,Mechatronics,,IK6201,2,IKS,3-0-0,3,IKS,0,,,,,,,,,,,
1577,Mechanical Engineering,Mechatronics,,MH6198,3,Summer Internship/ Mini Project,0-0-12,3,SI,0,,,,,,,,,,,
1578,Mechanical Engineering,Mechatronics,,MH6199,3,Project 1,0-0-30,15,P1,0,,,,,,,,,,,
1579,,,,MH6299,4,Project 2,0-0-42,21,P2,0,,,,,,,,,,,
1580,,,,,,,,,,,,,,,,,,,,,
1581,,,,,,,,,,,,,,,,,,,,,
1582,,,,,,,,,,,,,,,,,,,,,
1583,,,,,,,,,,,,,,,,,,,,,
1584,,,,,,,,,,,,,,,,,,,,,
1585,,,,,,,,,,,,,,,,,,,,,
1586,,,,,,,,,,,,,,,,,,,,,
1587,,,,,,,,,,,,,,,,,,,,,
1588,,,,,,,,,,,,,,,,,,,,,
1589,,,,,,,,,,,,,,,,,,,,,
1590,,,,,,,,,,,,,,,,,,,,,
1591,,,,,,,,,,,,,,,,,,,,,
1592,,,,,,,,,,,,,,,,,,,,,
1593,,,,,,,,,,,,,,,,,,,,,
1594,,,,,,,,,,,,,,,,,,,,,
1595,,,,,,,,,,,,,,,,,,,,,
1596,,,,,,,,,,,,,,,,,,,,,
1597,,,,,,,,,,,,,,,,,,,,,
1598,,,,,,,,,,,,,,,,,,,,,
1599,,,,,,,,,,,,,,,,,,,,,
1600,,,,,,,,,,,,,,,,,,,,,
1601,,,,,,,,,,,,,,,,,,,,,
1602,,,,,,,,,,,,,,,,,,,,,
1603,,,,,,,,,,,,,,,,,,,,,
1604,,,,,,,,,,,,,,,,,,,,,
1605,,,,,,,,,,,,,,,,,,,,,
1606,,,,,,,,,,,,,,,,,,,,,
1607,,,,,,,,,,,,,,,,,,,,,
1608,,,,,,,,,,,,,,,,,,,,,
1609,,,,,,,,,,,,,,,,,,,,,
1610,,,,,,,,,,,,,,,,,,,,,
1611,,,,,,,,,,,,,,,,,,,,,
1612,,,,,,,,,,,,,,,,,,,,,
1613,,,,,,,,,,,,,,,,,,,,,
1614,,,,,,,,,,,,,,,,,,,,,
1615,,,,,,,,,,,,,,,,,,,,,
1616,,,,,,,,,,,,,,,,,,,,,
1617,,,,,,,,,,,,,,,,,,,,,
1618,,,,,,,,,,,,,,,,,,,,,
1619,,,,,,,,,,,,,,,,,,,,,
1620,,,,,,,,,,,,,,,,,,,,,
Aman Verma,,,,,,,,,,,,,,,,,,,,,
1621,Department of Mechanical Engineering,,,HS5111,1,Technical Writing and Soft Skill,1-2-4,4,HS1,0,,,,,,,,,,,
1622,Department of Mechanical Engineering,,,ME5101,1,Advanced Engineering Mathematics,3-1-0,4,Core,0,,,,,,,,,,,
1623,Department of Mechanical Engineering,,,ME5105,1,Advanced Fluid Mechanics,3-0-0,3,Core,0,,,,,,,,,,,
1624,Department of Mechanical Engineering,,,ME5106,1,Gas Dynamics and Propulsion,3-0-0,3,Core,0,,,,,,,,,,,
1625,Department of Mechanical Engineering,,,ME61XX,1,DE1,3-0-0,3,DE1,0,,,,,,,,,,,
1626,Department of Mechanical Engineering,,,ME61XX,1,DE1I,3-0-0,3,DE2,0,,,,,,,,,,,
1627,Department of Mechanical Engineering,,,ME5107,1,Thermo-Fluid Lab-I,0-0-3,1.5,Core,0,,,,,,,,,,,
1628,Department of Mechanical Engineering,,,XX61PQ,1,IDE,3-0-0,3,IDE1,0,,,,,,,,,,,
1629,Department of Mechanical Engineering,,,ME5201,2,Advanced Engineering Software Lab,1-0-4,3,Core,0,,,,,,,,,,,
1630,Department of Mechanical Engineering,,,ME5205,2,Advanced Heat Transfer,3-1-0,4,Core,0,,,,,,,,,,,
1631,Department of Mechanical Engineering,,,ME5203,2,Measurement and Instrumentation,3-0-0,3,Core,0,,,,,,,,,,,
1632,Department of Mechanical Engineering,,,MEX2XX,2,DE1II,3-0-0,3,DE3,0,,,,,,,,,,,
1633,Department of Mechanical Engineering,,,MEX2XX,2,DE1V,3-0-0,3,DE4,0,,,,,,,,,,,
1634,Department of Mechanical Engineering,,,RM6201,2,Research Methodology,3-1-0,4,RM,0,,,,,,,,,,,
1635,Department of Mechanical Engineering,,,ME5206,2,Thermo-Fluid Lab-II,0-0-3,1.5,Core,0,,,,,,,,,,,
1636,Department of Mechanical Engineering,,,IK6201,2,IKS,3-0-0,3,IKS,0,,,,,,,,,,,
1637,Department of Mechanical Engineering,,,ME6198,3,Summer Internship / Mini Project*,0-0-12,3,SI,0,,,,,,,,,,,
1638,Department of Mechanical Engineering,,,ME6199,3,Project I**,0-0-30,15,P1,0,,,,,,,,,,,
1639,Department of Mechanical Engineering,,,ME6299,4,Project II**,0-0-42,21,P2,0,,,,,,,,,,,
1640,,,,,,,,,,,,,,,,,,,,,
1641,,,,,,,,,,,,,,,,,,,,,
1642,,,,,,,,,,,,,,,,,,,,,
1643,,,,,,,,,,,,,,,,,,,,,
1644,,,,,,,,,,,,,,,,,,,,,
1645,,,,,,,,,,,,,,,,,,,,,
1646,,,,,,,,,,,,,,,,,,,,,
1647,,,,,,,,,,,,,,,,,,,,,
1648,,,,,,,,,,,,,,,,,,,,,
1649,,,,,,,,,,,,,,,,,,,,,
1650,,,,,,,,,,,,,,,,,,,,,
1651,,,,,,,,,,,,,,,,,,,,,
1652,,,,,,,,,,,,,,,,,,,,,
1653,,,,,,,,,,,,,,,,,,,,,
1654,,,,,,,,,,,,,,,,,,,,,
1655,,,,,,,,,,,,,,,,,,,,,
1656,,,,,,,,,,,,,,,,,,,,,
1657,,,,,,,,,,,,,,,,,,,,,
1658,,,,,,,,,,,,,,,,,,,,,
1659,,,,,,,,,,,,,,,,,,,,,
1660,,,,,,,,,,,,,,,,,,,,,
1661,,,,,,,,,,,,,,,,,,,,,
1662,,,,,,,,,,,,,,,,,,,,,
1663,,,,,,,,,,,,,,,,,,,,,
1664,,,,,,,,,,,,,,,,,,,,,
1665,,,,,,,,,,,,,,,,,,,,,
1666,,,,,,,,,,,,,,,,,,,,,
1667,,,,,,,,,,,,,,,,,,,,,
1668,,,,,,,,,,,,,,,,,,,,,
1669,,,,,,,,,,,,,,,,,,,,,
1670,,,,,,,,,,,,,,,,,,,,,
1671,,,,,,,,,,,,,,,,,,,,,
1672,,,,,,,,,,,,,,,,,,,,,
1673,,,,,,,,,,,,,,,,,,,,,
1674,,,,,,,,,,,,,,,,,,,,,
1675,,,,,,,,,,,,,,,,,,,,,
1676,,,,,,,,,,,,,,,,,,,,,
1677,,,,,,,,,,,,,,,,,,,,,
1678,,,,,,,,,,,,,,,,,,,,,
1679,,,,,,,,,,,,,,,,,,,,,
1680,,,,,,,,,,,,,,,,,,,,,
Aishez Singh,,,,,,,,,,,,,,,,,,,,,
1681,Metallurgical and Materials Engineering,M. Tech. in Materials Science and Engineering,2411MM,HS5111,1,Technical Writing and Soft Skill,1-2-2,4,Core,0,,,,,,,,,,,
1682,Metallurgical and Materials Engineering,M. Tech. in Materials Science and Engineering,2411MM,MM5101,1,Thermodynamics and Phase Transformation,3-1-0,4,Core,0,,,,,,,,,,,
1683,Metallurgical and Materials Engineering,M. Tech. in Materials Science and Engineering,2411MM,MM5102,1,Concepts in Materials Science,3-0-0,3,Core,0,,,,,,,,,,,
1684,Metallurgical and Materials Engineering,M. Tech. in Materials Science and Engineering,2411MM,MM5103,1,Mechanical Behavior of Materials,3-0-2,4,Core,0,,,,,,,,,,,
1685,Metallurgical and Materials Engineering,M. Tech. in Materials Science and Engineering,2411MM,MM5104,1,Nano-structured Materials,3-0-0,3,Core,0,,,,,,,,,,,
1686,Metallurgical and Materials Engineering,M. Tech. in Materials Science and Engineering,2411MM,MM61PQ,1,DE1,3-0-0,3,DE1,0,,,,,,,,,,,
1687,Metallurgical and Materials Engineering,M. Tech. in Materials Science and Engineering,2411MM,XX61PQ,1,IDE,3-0-0,3,IDE,0,,,,,,,,,,,
1688,Metallurgical and Materials Engineering,M. Tech. in Materials Science and Engineering,2411MM,MM5205,2,Advanced Polymer Technology,3-0-2,4,Core,0,,,,,,,,,,,
1689,Metallurgical and Materials Engineering,M. Tech. in Materials Science and Engineering,2411MM,MM5206,2,Advanced Engineering Materials,3-0-2,4,Core,0,,,,,,,,,,,
1690,Metallurgical and Materials Engineering,M. Tech. in Materials Science and Engineering,2411MM,MM62PQ,2,DE1I,3-0-0,3,DE2,0,,,,,,,,,,,
1691,Metallurgical and Materials Engineering,M. Tech. in Materials Science and Engineering,2411MM,MM62PQ,2,DE1II,3-0-0,3,DE3,0,,,,,,,,,,,
1692,Metallurgical and Materials Engineering,M. Tech. in Materials Science and Engineering,2411MM,MM62PQ,2,DE1V,3-0-0,3,DE4,0,,,,,,,,,,,
1693,Metallurgical and Materials Engineering,M. Tech. in Materials Science and Engineering,2411MM,RM6201,2,Research Methodology,3-1-0,4,RM,0,,,,,,,,,,,
1694,Metallurgical and Materials Engineering,M. Tech. in Materials Science and Engineering,2411MM,IK6201,2,IKS,3-0-0,3,IKS,0,,,,,,,,,,,
1695,Metallurgical and Materials Engineering,M. Tech. in Materials Science and Engineering,2411MM,MM6198,3,Summer Internship/ Mini Project*,0-0-12,3,SI/P,0,,,,,12,3,,,,,
1696,Metallurgical and Materials Engineering,M. Tech. in Materials Science and Engineering,2411MM,MM6199,3,Project I,0-0-30,15,P1,0,,,,,30,15,,,,,
1697,Metallurgical and Materials Engineering,M. Tech. in Materials Science and Engineering,2411MM,MM6299,4,Project II,0-0-42,21,P2,0,,,,,,21,,,,,
1698,,,,,,,,,,,,,,,,,,,,,
1699,,,,,,,,,,,,,,,,,,,,,
1700,,,,,,,,,,,,,,,,,,,,,
1701,,,,,,,,,,,,,,,,,,,,,
1702,,,,,,,,,,,,,,,,,,,,,
1703,,,,,,,,,,,,,,,,,,,,,
1704,,,,,,,,,,,,,,,,,,,,,
1705,,,,,,,,,,,,,,,,,,,,,
1706,,,,,,,,,,,,,,,,,,,,,
1707,,,,,,,,,,,,,,,,,,,,,
1708,,,,,,,,,,,,,,,,,,,,,
1709,,,,,,,,,,,,,,,,,,,,,
1710,,,,,,,,,,,,,,,,,,,,,
1711,,,,,,,,,,,,,,,,,,,,,
1712,,,,,,,,,,,,,,,,,,,,,
1713,,,,,,,,,,,,,,,,,,,,,
1714,,,,,,,,,,,,,,,,,,,,,
1715,,,,,,,,,,,,,,,,,,,,,
1716,,,,,,,,,,,,,,,,,,,,,
1717,,,,,,,,,,,,,,,,,,,,,
1718,,,,,,,,,,,,,,,,,,,,,
1719,,,,,,,,,,,,,,,,,,,,,
1720,,,,,,,,,,,,,,,,,,,,,
1721,,,,,,,,,,,,,,,,,,,,,
1722,,,,,,,,,,,,,,,,,,,,,
1723,,,,,,,,,,,,,,,,,,,,,
1724,,,,,,,,,,,,,,,,,,,,,
1725,,,,,,,,,,,,,,,,,,,,,
1726,,,,,,,,,,,,,,,,,,,,,
1727,,,,,,,,,,,,,,,,,,,,,
1728,,,,,,,,,,,,,,,,,,,,,
1729,,,,,,,,,,,,,,,,,,,,,
1730,,,,,,,,,,,,,,,,,,,,,
1731,,,,,,,,,,,,,,,,,,,,,
1732,,,,,,,,,,,,,,,,,,,,,
1733,,,,,,,,,,,,,,,,,,,,,
1734,,,,,,,,,,,,,,,,,,,,,
1735,,,,,,,,,,,,,,,,,,,,,
1736,,,,,,,,,,,,,,,,,,,,,
1737,,,,,,,,,,,,,,,,,,,,,
1738,,,,,,,,,,,,,,,,,,,,,
1739,,,,,,,,,,,,,,,,,,,,,
1740,,,,,,,,,,,,,,,,,,,,,
Ashutosh Kumar Singh,Department of Chemistry,M. Sc. in Chemistry,2412CH,CH4101,1,Quantum Chemistry,3-1-0,4,Core,0,,,,,,,,,,,
1741,Department of Chemistry,M. Sc. in Chemistry,2412CH,CH4102,1,Organic Chemistry-I,3-1-0,4,Core,0,,,,,,,,,,,
1742,Department of Chemistry,M. Sc. in Chemistry,2412CH,CH4103,1,Inorganic Chemistry-I,3-1-0,4,Core,0,,,,,,,,,,,
1743,Department of Chemistry,M. Sc. in Chemistry,2412CH,CH4104,1,Principles of Molecular Spectroscopy,3-0-0,3,Core,0,,,,,,,,,,,
1744,Department of Chemistry,M. Sc. in Chemistry,2412CH,CH4105,1,Symmetry & Group Theory,3-0-0,3,Core,0,,,,,,,,,,,
1745,Department of Chemistry,M. Sc. in Chemistry,2412CH,CH4106,1,Organic Chemistry Lab,0-0-6,3,Core,0,,,,,,,,,,,
1746,Department of Chemistry,M. Sc. in Chemistry,2412CH,HS4111,1,Soft Skills for Employability,1-2-0,3,HS1,0,,,,,,,,,,,
1747,Department of Chemistry,M. Sc. in Chemistry,2412CH,CH4201,2,Thermodynamics,3-1-0,4,Core,0,,,,,,,,,,,
1748,Department of Chemistry,M. Sc. in Chemistry,2412CH,CH4202,2,Organic Chemistry-II,3-0-0,3,Core,0,,,,,,,,,,,
1749,Department of Chemistry,M. Sc. in Chemistry,2412CH,CH4203,2,Inorganic Chemistry-II,3-0-0,3,Core,0,,,,,,,,,,,
1750,Department of Chemistry,M. Sc. in Chemistry,2412CH,CH4204,2,Chemical Kinetics,3-0-0,3,Core,0,,,,,,,,,,,
1751,Department of Chemistry,M. Sc. in Chemistry,2412CH,CH4205,2,Modern Methods of Analysis,3-1-0,4,Core,0,,,,,,,,,,,
1752,Department of Chemistry,M. Sc. in Chemistry,2412CH,CH4206,2,Inorganic Chemistry Lab,0-0-6,3,Core,0,,,,,,,,,,,
1753,Department of Chemistry,M. Sc. in Chemistry,2412CH,CH5101,3,Physical Chemistry Lab,0-0-6,3,Core,0,,,,,,,,,,,
1754,Department of Chemistry,M. Sc. in Chemistry,2412CH,CH5102,3,Inorganic Chemistry-III,3-0-0,3,Core,0,,,,,,,,,,,
1755,Department of Chemistry,M. Sc. in Chemistry,2412CH,CH5103,3,Organic Chemistry-III,3-0-0,3,Core,0,,,,,,,,,,,
1756,Department of Chemistry,M. Sc. in Chemistry,2412CH,CH5199,3,Project-I,0-0-12,6,P1,0,,,,,,,,,,,
1757,Department of Chemistry,M. Sc. in Chemistry,2412CH,CH51xx/ CH61xx,3,Department Elective 1,3-0-0,3,DE1,0,,,,,,,,,,,
1758,Department of Chemistry,M. Sc. in Chemistry,2412CH,CH61xx,3,Interdisciplinary Elective 1,3-0-0,3,IDE1,0,,,,,,,,,,,
1759,Department of Chemistry,M. Sc. in Chemistry,2412CH,CH6201,4,Computer Programming for Chemists,2-0-2,3,Core,0,,,,,,,,,,,
1760,Department of Chemistry,M. Sc. in Chemistry,2412CH,CH5299,4,Project-II,0-0-16,8,P2,0,,,,,,,,,,,
1761,Department of Chemistry,M. Sc. in Chemistry,2412CH,CH52xx/ CH62xx,4,Department Elective 2,3-0-0,3,DE2,0,,,,,,,,,,,
1762,Department of Chemistry,M. Sc. in Chemistry,2412CH,CH52xx/ CH62xx,4,Interdisciplinary Elective 2,3-0-0,3,IDE2,0,,,,,,,,,,,
1763,Department of Chemistry,M. Sc. in Chemistry,2412CH,IK52xx,4,Indian Knowledge System,2-0-0,2,IKS,0,,,,,,,,,,,
1764,,,,,,,,,,,,,,,,,,,,,
1765,,,,,,,,,,,,,,,,,,,,,
1766,,,,,,,,,,,,,,,,,,,,,
1767,,,,,,,,,,,,,,,,,,,,,
1768,,,,,,,,,,,,,,,,,,,,,
1769,,,,,,,,,,,,,,,,,,,,,
1770,,,,,,,,,,,,,,,,,,,,,
1771,,,,,,,,,,,,,,,,,,,,,
1772,,,,,,,,,,,,,,,,,,,,,
1773,,,,,,,,,,,,,,,,,,,,,
1774,,,,,,,,,,,,,,,,,,,,,
1775,,,,,,,,,,,,,,,,,,,,,
1776,,,,,,,,,,,,,,,,,,,,,
1777,,,,,,,,,,,,,,,,,,,,,
1778,,,,,,,,,,,,,,,,,,,,,
1779,,,,,,,,,,,,,,,,,,,,,
1780,,,,,,,,,,,,,,,,,,,,,
1781,,,,,,,,,,,,,,,,,,,,,
1782,,,,,,,,,,,,,,,,,,,,,
1783,,,,,,,,,,,,,,,,,,,,,
1784,,,,,,,,,,,,,,,,,,,,,
1785,,,,,,,,,,,,,,,,,,,,,
1786,,,,,,,,,,,,,,,,,,,,,
1787,,,,,,,,,,,,,,,,,,,,,
1788,,,,,,,,,,,,,,,,,,,,,
1789,,,,,,,,,,,,,,,,,,,,,
1790,,,,,,,,,,,,,,,,,,,,,
1791,,,,,,,,,,,,,,,,,,,,,
1792,,,,,,,,,,,,,,,,,,,,,
1793,,,,,,,,,,,,,,,,,,,,,
1794,,,,,,,,,,,,,,,,,,,,,
1795,,,,,,,,,,,,,,,,,,,,,
1796,,,,,,,,,,,,,,,,,,,,,
1797,,,,,,,,,,,,,,,,,,,,,
1798,,,,,,,,,,,,,,,,,,,,,
1799,,,,,,,,,,,,,,,,,,,,,
1800,,,,,,,,,,,,,,,,,,,,,
Surya Teja,,,,,,,,,,,,,,,,,,,,,
1801,Mathematics,M. Sc. in Mathematics,2412MA,MA4101,1,Computer Programming,2-0-4,4,Core,0,,,,,,,,,,,
1802,Mathematics,M. Sc. in Mathematics,2412MA,MA4102,1,Linear Algebra,3-1-0,4,Core,0,,,,,,,,,,,
1803,Mathematics,M. Sc. in Mathematics,2412MA,MA4103,1,Real Analysis,3-1-0,4,Core,0,,,,,,,,,,,
1804,Mathematics,M. Sc. in Mathematics,2412MA,MA4104,1,Algebra,3-1-0,4,Core,0,,,,,,,,,,,
1805,Mathematics,M. Sc. in Mathematics,2412MA,MA4105,1,Ordinary Differential Equations,3-1-0,4,Core,0,,,,,,,,,,,
1806,Mathematics,M. Sc. in Mathematics,2412MA,HS4111,1,Soft Skills for Employability,1-2-0,3,HS,0,,,,,,,,,,,
1807,Mathematics,M. Sc. in Mathematics,2412MA,MA4201,2,Topology,3-0-0,3,Core,0,,,,,,,,,,,
1808,Mathematics,M. Sc. in Mathematics,2412MA,MA4202,2,Numerical Analysis,3-0-2,4,Core,0,,,,,,,,,,,
1809,Mathematics,M. Sc. in Mathematics,2412MA,MA4203,2,Complex Analysis,3-1-0,4,Core,0,,,,,,,,,,,
1810,Mathematics,M. Sc. in Mathematics,2412MA,MA4204,2,Linear Optimization Techniques,3-0-2,4,Core,0,,,,,,,,,,,
1811,Mathematics,M. Sc. in Mathematics,2412MA,MA4205,2,Probability and Statistics,3-0-0,3,Core,0,,,,,,,,,,,
1812,Mathematics,M. Sc. in Mathematics,2412MA,MA5101,3,Measure Theory,3-0-0,3,Core,0,,,,,,,,,,,
1813,Mathematics,M. Sc. in Mathematics,2412MA,MA5102,3,Functional Analysis,3-0-0,3,Core,0,,,,,,,,,,,
1814,Mathematics,M. Sc. in Mathematics,2412MA,MA5103,3,Partial Differential Equations,3-0-0,3,Core,0,,,,,,,,,,,
1815,Mathematics,M. Sc. in Mathematics,2412MA,MA51xx/ MA61xx,3,DE1,3-0-0,3,DE1,0,,,,,,,,,,,
1816,Mathematics,M. Sc. in Mathematics,2412MA,MA61xx,3,IDE1,3-0-0,3,IDE1,0,,,,,,,,,,,
1817,Mathematics,M. Sc. in Mathematics,2412MA,MA5199,3,Project I,0-0-12,6,P1,0,,,,,,,,,,,
1818,Mathematics,M. Sc. in Mathematics,2412MA,MA52xx/ MA62xx,4,DE1I,3-0-0,3,DE2,0,,,,,,,,,,,
1819,Mathematics,M. Sc. in Mathematics,2412MA,MA52xx/ MA62xx,4,DE1II,3-0-0,3,DE3,0,,,,,,,,,,,
1820,Mathematics,M. Sc. in Mathematics,2412MA,MA52xx/ MA62xx,4,DE1V,3-0-0,3,DE4,0,,,,,,,,,,,
1821,Mathematics,M. Sc. in Mathematics,2412MA,MA52xx/ MA62xx,4,IDE1I,3-0-0,3,IDE2,0,,,,,,,,,,,
1822,Mathematics,M. Sc. in Mathematics,2412MA,MA5299,4,Project II,0-0-16,8,P2,0,,,,,,,,,,,
1823,Mathematics,M. Sc. in Mathematics,2412MA,IK52xx,4,Indian Knowledge System,2-0-0,2,IKS,0,,,,,,,,,,,
1824,,,,,,,,,,,,,,,,,,,,,
1825,,,,,,,,,,,,,,,,,,,,,
1826,,,,,,,,,,,,,,,,,,,,,
1827,,,,,,,,,,,,,,,,,,,,,
1828,,,,,,,,,,,,,,,,,,,,,
1829,,,,,,,,,,,,,,,,,,,,,
1830,,,,,,,,,,,,,,,,,,,,,
1831,,,,,,,,,,,,,,,,,,,,,
1832,,,,,,,,,,,,,,,,,,,,,
1833,,,,,,,,,,,,,,,,,,,,,
1834,,,,,,,,,,,,,,,,,,,,,
1835,,,,,,,,,,,,,,,,,,,,,
1836,,,,,,,,,,,,,,,,,,,,,
1837,,,,,,,,,,,,,,,,,,,,,
1838,,,,,,,,,,,,,,,,,,,,,
1839,,,,,,,,,,,,,,,,,,,,,
1840,,,,,,,,,,,,,,,,,,,,,
1841,,,,,,,,,,,,,,,,,,,,,
1842,,,,,,,,,,,,,,,,,,,,,
1843,,,,,,,,,,,,,,,,,,,,,
1844,,,,,,,,,,,,,,,,,,,,,
1845,,,,,,,,,,,,,,,,,,,,,
1846,,,,,,,,,,,,,,,,,,,,,
1847,,,,,,,,,,,,,,,,,,,,,
1848,,,,,,,,,,,,,,,,,,,,,
1849,,,,,,,,,,,,,,,,,,,,,
1850,,,,,,,,,,,,,,,,,,,,,
1851,,,,,,,,,,,,,,,,,,,,,
1852,,,,,,,,,,,,,,,,,,,,,
1853,,,,,,,,,,,,,,,,,,,,,
1854,,,,,,,,,,,,,,,,,,,,,
1855,,,,,,,,,,,,,,,,,,,,,
1856,,,,,,,,,,,,,,,,,,,,,
1857,,,,,,,,,,,,,,,,,,,,,
1858,,,,,,,,,,,,,,,,,,,,,
1859,,,,,,,,,,,,,,,,,,,,,
1860,,,,,,,,,,,,,,,,,,,,,
DASARI PARDHA SARADHI,,,,,,,,,,,,,,,,,,,,,
1861,Physics,M.Sc. in Physics,2412PH,PH4101,1,Mathematical Physics-I,3-1-0,4,Core,0,,,,,,,,,,,
1862,Physics,M.Sc. in Physics,2412PH,PH4102,1,Classical Mechanics,3-1-0,4,Core,0,,,,,,,,,,,
1863,Physics,M.Sc. in Physics,2412PH,PH4103,1,Quantum Mechanics-I,3-1-0,4,Core,0,,,,,,,,,,,
1864,Physics,M.Sc. in Physics,2412PH,PH4104,1,Numerical Techniques,2-0-2,3,Core,0,,,,,,,,,,,
1865,Physics,M.Sc. in Physics,2412PH,PH4105,1,Electronics,3-0-4,5,Core,0,,,,,,,,,,,
1866,Physics,M.Sc. in Physics,2412PH,HS4111,1,Soft Skills for Employability,1-2-0,3,HS,0,,,,,,,,,,,
1867,Physics,M.Sc. in Physics,2412PH,PH4201,2,Electrodynamics-I,3-1-0,4,Core,0,,,,,,,,,,,
1868,Physics,M.Sc. in Physics,2412PH,PH4202,2,Statistical Physics,3-1-0,4,Core,0,,,,,,,,,,,
1869,Physics,M.Sc. in Physics,2412PH,PH4203,2,Modern Optics,3-0-4,5,Core,0,,,,,,,,,,,
1870,Physics,M.Sc. in Physics,2412PH,PH4204,2,Introduction to Nuclear and Particle Physics,3-0-0,3,Core,0,,,,,,,,,,,
1871,Physics,M.Sc. in Physics,2412PH,PH42xx,2,DE1,2-1-0,3,DE1,0,,,,,,,,,,,
1872,Physics,M.Sc. in Physics,2412PH,PH5101,3,Atomic and Molecular Physics,3-1-0,4,Core,0,,,,,,,,,,,
1873,Physics,M.Sc. in Physics,2412PH,PH5102,3,Condensed Matter Physics-I,3-0-0,3,Core,0,,,,,,,,,,,
1874,Physics,M.Sc. in Physics,2412PH,PH5103,3,"Atomic, Molecular and Nuclear Physics Laboratory",0-0-4,2,Core,0,,,,,,,,,,,
1875,Physics,M.Sc. in Physics,2412PH,PH5199,3,P1,0-0-12,6,P1,0,,,,,,,,,,,
1876,Physics,M.Sc. in Physics,2412PH,PH51xx/ PH52xx,3,DE2,X-X-X,3*,DE2,0,,,,,,,,,,,
1877,Physics,M.Sc. in Physics,2412PH,PH61xx/ PH62xx,3,IDE1,3-0-0,3*,IDE1,0,,,,,,,,,,,
1878,Physics,M.Sc. in Physics,2412PH,PH5210,4,Condensed Matter Physics Lab,0-0-4,2,Core,0,,,,,,,,,,,
1879,Physics,M.Sc. in Physics,2412PH,PH5299,4,P2,0-0-16,8,P2,0,,,,,,,,,,,
1880,Physics,M.Sc. in Physics,2412PH,PH51xx/ PH52xx,4,DE3,X-X-X,3*,DE3,0,,,,,,,,,,,
1881,Physics,M.Sc. in Physics,2412PH,PH51xx/ PH52xx,4,DE4,X-X-X,3*,DE4,0,,,,,,,,,,,
1882,Physics,M.Sc. in Physics,2412PH,PH61xx/ PH62xx,4,IDE2,3-0-0,3*,IDE2,0,,,,,,,,,,,
1883,Physics,M.Sc. in Physics,2412PH,IK52xx,4,IKS,X-X-X,2,IKS,0,,,,,,,,,,,
1884,,,,,,,,,,,,,,,,,,,,,
1885,,,,,,,,,,,,,,,,,,,,,
1886,,,,,,,,,,,,,,,,,,,,,
1887,,,,,,,,,,,,,,,,,,,,,
1888,,,,,,,,,,,,,,,,,,,,,
1889,,,,,,,,,,,,,,,,,,,,,
1890,,,,,,,,,,,,,,,,,,,,,
1891,,,,,,,,,,,,,,,,,,,,,
1892,,,,,,,,,,,,,,,,,,,,,
1893,,,,,,,,,,,,,,,,,,,,,
1894,,,,,,,,,,,,,,,,,,,,,
1895,,,,,,,,,,,,,,,,,,,,,
1896,,,,,,,,,,,,,,,,,,,,,
1897,,,,,,,,,,,,,,,,,,,,,
1898,,,,,,,,,,,,,,,,,,,,,
1899,,,,,,,,,,,,,,,,,,,,,
1900,,,,,,,,,,,,,,,,,,,,,
1901,,,,,,,,,,,,,,,,,,,,,
1902,,,,,,,,,,,,,,,,,,,,,
1903,,,,,,,,,,,,,,,,,,,,,
1904,,,,,,,,,,,,,,,,,,,,,
1905,,,,,,,,,,,,,,,,,,,,,
1906,,,,,,,,,,,,,,,,,,,,,
1907,,,,,,,,,,,,,,,,,,,,,
1908,,,,,,,,,,,,,,,,,,,,,
1909,,,,,,,,,,,,,,,,,,,,,
1910,,,,,,,,,,,,,,,,,,,,,
1911,,,,,,,,,,,,,,,,,,,,,
1912,,,,,,,,,,,,,,,,,,,,,
1913,,,,,,,,,,,,,,,,,,,,,
1914,,,,,,,,,,,,,,,,,,,,,
1915,,,,,,,,,,,,,,,,,,,,,
1916,,,,,,,,,,,,,,,,,,,,,
1917,,,,,,,,,,,,,,,,,,,,,
1918,,,,,,,,,,,,,,,,,,,,,
1919,,,,,,,,,,,,,,,,,,,,,
1920,,,,,,,,,,,,,,,,,,,,,
Satyam Vyas,,,,,,,,,,,,,,,,,,,,,
1921,Civil and Environmental Engineering,B. Tech. – M. Tech. Dual Degree in Environmental Engineering,2401CE,MA1101,1,Calculus and Linear Algebra,3-1-0,4,Core,0,,,,,,,,,,,
1922,Civil and Environmental Engineering,B. Tech. – M. Tech. Dual Degree in Environmental Engineering,2401CE,CS1101,1,Foundations of Programming ,3-0-3,4.5,Core,0,,,,,,,,,,,
1923,Civil and Environmental Engineering,B. Tech. – M. Tech. Dual Degree in Environmental Engineering,2401CE,PH1101/PH1201,1,Physics,3-1-3,5.5,Core,0,,,,,,,,,,,
1924,Civil and Environmental Engineering,B. Tech. – M. Tech. Dual Degree in Environmental Engineering,2401CE,CE1101/CE1201,1,Engineering Graphics,1-0-3,2.5,Core,0,,,,,,,,,,,
1925,Civil and Environmental Engineering,B. Tech. – M. Tech. Dual Degree in Environmental Engineering,2401CE,EE1101/EE1201,1,Electrical Sciences,3-0-3,4.5,Core,0,,,,,,,,,,,
1926,Civil and Environmental Engineering,B. Tech. – M. Tech. Dual Degree in Environmental Engineering,2401CE,HS1101,1,English for Professionals,2-0-1,2.5,Core,0,,,,,,,,,,,
1927,Civil and Environmental Engineering,B. Tech. – M. Tech. Dual Degree in Environmental Engineering,2401CE,MA1201,2,Probability Theory and Ordinary Differential Equations,3-1-0,4,Core,0,,,,,,,,,,,
1928,Civil and Environmental Engineering,B. Tech. – M. Tech. Dual Degree in Environmental Engineering,2401CE,CS1201,2,Data Structure,3-0-3,4.5,Core,0,,,,,,,,,,,
1929,Civil and Environmental Engineering,B. Tech. – M. Tech. Dual Degree in Environmental Engineering,2401CE,CH1201/CH1101,2,Chemistry,3-1-3,5.5,Core,0,,,,,,,,,,,
1930,Civil and Environmental Engineering,B. Tech. – M. Tech. Dual Degree in Environmental Engineering,2401CE,ME1201/ME1101,2,Mechanical Fabrication,0-0-3,1.5,Core,0,,,,,,,,,,,
1931,Civil and Environmental Engineering,B. Tech. – M. Tech. Dual Degree in Environmental Engineering,2401CE,ME1202/ME1102,2,Engineering Mechanics,3-1-0,4,Core,0,,,,,,,,,,,
1932,Civil and Environmental Engineering,B. Tech. – M. Tech. Dual Degree in Environmental Engineering,2401CE,IK1101,2,Indian Knowledge System(IKS),3-0-0,3,IKS,0,,,,,,,,,,,
1933,Civil and Environmental Engineering,B. Tech. – M. Tech. Dual Degree in Environmental Engineering,2401CE,CE2101,3,Geomatics Engineering,3-1-2,5,Core,0,,,,,,,,,,,
1934,Civil and Environmental Engineering,B. Tech. – M. Tech. Dual Degree in Environmental Engineering,2401CE,CE2102,3,Structural Mechanics,3-1-0,4,Core,1,,,,,,,,,,,
1935,Civil and Environmental Engineering,B. Tech. – M. Tech. Dual Degree in Environmental Engineering,2401CE,CE2103,3,Fluid Mechanics ,3-1-2,5,Core,0,,,,,,,,,,,
1936,Civil and Environmental Engineering,B. Tech. – M. Tech. Dual Degree in Environmental Engineering,2401CE,CE2104,3,Geology for Engineers ,3-0-2,4,Core,0,,,,,,,,,,,
1937,Civil and Environmental Engineering,B. Tech. – M. Tech. Dual Degree in Environmental Engineering,2401CE,HS21PQ,3,HSS Elective I ,3-0-0,3,HS1,0,,,,,,,,,,,
1938,Civil and Environmental Engineering,B. Tech. – M. Tech. Dual Degree in Environmental Engineering,2401CE,CE2201,4,Structural Analysis ,3-0-2,4,Core,0,,,,,,,,,,,
1939,Civil and Environmental Engineering,B. Tech. – M. Tech. Dual Degree in Environmental Engineering,2401CE,CE2202,4,Soil Mechanics,3-0-2,4,Core,0,,,,,,,,,,,
1940,Civil and Environmental Engineering,B. Tech. – M. Tech. Dual Degree in Environmental Engineering,2401CE,CE2203,4,Civil Engineering Materials,3-0-2,4,Core,1,,,,,,,,,,,
1941,Civil and Environmental Engineering,B. Tech. – M. Tech. Dual Degree in Environmental Engineering,2401CE,CE2204,4,Water Resource Engineering - 1,3-0-0,3,Core,0,,,,,,,,,,,
1942,Civil and Environmental Engineering,B. Tech. – M. Tech. Dual Degree in Environmental Engineering,2401CE,CE2205,4,Numerical Methods in Civil Engineering,3-0-0,3,Core,0,,,,,,,,,,,
1943,Civil and Environmental Engineering,B. Tech. – M. Tech. Dual Degree in Environmental Engineering,2401CE,CE22PQ,4,IDE1,3-0-0,3,IDE1,0,,,,,,,,,,,
1944,Civil and Environmental Engineering,B. Tech. – M. Tech. Dual Degree in Environmental Engineering,2401CE,CE3101,5,Design of Reinforced Concrete Structures,3-0-2,4,Core,0,,,,,,,,,,,
1945,Civil and Environmental Engineering,B. Tech. – M. Tech. Dual Degree in Environmental Engineering,2401CE,CE3102,5,Foundation Engineering  ,3-0-2,4,Core,0,,,,,,,,,,,
1946,Civil and Environmental Engineering,B. Tech. – M. Tech. Dual Degree in Environmental Engineering,2401CE,CE3103,5,Transportation Engineering - 1,3-1-2,5,Core,1,,,,,,,,,,,
1947,Civil and Environmental Engineering,B. Tech. – M. Tech. Dual Degree in Environmental Engineering,2401CE,CE3104,5,Environmental Engineering - 1,3-0-2,4,Core,0,,,,,,,,,,,
1948,Civil and Environmental Engineering,B. Tech. – M. Tech. Dual Degree in Environmental Engineering,2401CE,CE3190,5,IDE2,3-0-0,3,IDE2,0,,,,,,,,,,,
1949,Civil and Environmental Engineering,B. Tech. – M. Tech. Dual Degree in Environmental Engineering,2401CE,CE3201,6,Design of Steel Structures,3-1-0,4,Core,0,,,,,,,,,,,
1950,Civil and Environmental Engineering,B. Tech. – M. Tech. Dual Degree in Environmental Engineering,2401CE,CE3202,6,Infrastructure Drawing and Estimation ,1-2-0,3,Core,1,,,,,,,,,,,
1951,Civil and Environmental Engineering,B. Tech. – M. Tech. Dual Degree in Environmental Engineering,2401CE,CE3203,6,Construction Planning & Management,3-0-0,3,Core,0,,,,,,,,,,,
1952,Civil and Environmental Engineering,B. Tech. – M. Tech. Dual Degree in Environmental Engineering,2401CE,CE3204,6,Environmental Engineering - 2,3-1-0,4,Core,0,,,,,,,,,,,
1953,Civil and Environmental Engineering,B. Tech. – M. Tech. Dual Degree in Environmental Engineering,2401CE,CE3205,6,Water Resource Engineering - 2,3-0-2,4,Core,0,,,,,,,,,,,
1954,Civil and Environmental Engineering,B. Tech. – M. Tech. Dual Degree in Environmental Engineering,2401CE,CE3206,6,Transportation Engineering - 2,3-0-0,3,Core,0,,,,,,,,,,,
1955,Civil and Environmental Engineering,B. Tech. – M. Tech. Dual Degree in Environmental Engineering,2401CE,CE41PQ,7,B. Tech. Elective - I,3-0-0,3,BTE1,0,,,,,,,,,,,
1956,Civil and Environmental Engineering,B. Tech. – M. Tech. Dual Degree in Environmental Engineering,2401CE,CE41PQ,7,B. Tech. Elective II,3-0-0,3,BTE2,0,,,,,,,,,,,
1957,Civil and Environmental Engineering,B. Tech. – M. Tech. Dual Degree in Environmental Engineering,2401CE,XX41PQ,7,IDE - III,3-0-0,3,IDE3,0,,,,,,,,,,,
1958,Civil and Environmental Engineering,B. Tech. – M. Tech. Dual Degree in Environmental Engineering,2401CE,HS41XX,7,HSS Elective - II,3-0-0,3,HS2,0,,,,,,,,,,,
1959,Civil and Environmental Engineering,B. Tech. – M. Tech. Dual Degree in Environmental Engineering,2401CE,XX4198,7,Summer Internship*,0-0-12,3,SI,0,,,,,,,,,,,
1960,Civil and Environmental Engineering,B. Tech. – M. Tech. Dual Degree in Environmental Engineering,2401CE,XX4199,7,Project I,0-0-12,6,P1,0,,,,,,,,,,,
1961,Civil and Environmental Engineering,B. Tech. – M. Tech. Dual Degree in Environmental Engineering,2401CE,CE5102,7,Physico-Chemical Principles and Processes,3-0-0,3,Core,0,,,,,,,,,,,
1962,Civil and Environmental Engineering,B. Tech. – M. Tech. Dual Degree in Environmental Engineering,2401CE,RM6201,8,Research Methodology,3-1-0,4,RM,0,,,,,,,,,,,
1963,Civil and Environmental Engineering,B. Tech. – M. Tech. Dual Degree in Environmental Engineering,2401CE,CE5201,8,Biological Principles and Processes,3-0-0,3,Core,0,,,,,,,,,,,
1964,Civil and Environmental Engineering,B. Tech. – M. Tech. Dual Degree in Environmental Engineering,2401CE,CE5202,8,Air Pollution and Control,3-0-2,4,Core,0,,,,,,,,,,,
1965,Civil and Environmental Engineering,B. Tech. – M. Tech. Dual Degree in Environmental Engineering,2401CE,CE52PQ/CE62PQ,8,M. Tech. Elective - I,3-0-0,3,MTE1,0,,,,,,,,,,,
1966,Civil and Environmental Engineering,B. Tech. – M. Tech. Dual Degree in Environmental Engineering,2401CE,CE4299,8,Project - II,0-0-12,6,P2,0,,,,,,,,,,,
1967,Civil and Environmental Engineering,B. Tech. – M. Tech. Dual Degree in Environmental Engineering,2401CE,CE51PQ/CE61PQ,9,M. Tech. Elective - II,3-0-0,3,MTE2,0,,,,,,,,,,,
1968,Civil and Environmental Engineering,B. Tech. – M. Tech. Dual Degree in Environmental Engineering,2401CE,CE51PQ/CE61PQ,9,M. Tech. Elective - III,3-0-0,3,MTE3,0,,,,,,,,,,,
1969,Civil and Environmental Engineering,B. Tech. – M. Tech. Dual Degree in Environmental Engineering,2401CE,CE51PQ/CE61PQ,9,M. Tech. Elective - IV,3-0-0,3,MTE4,0,,,,,,,,,,,
1970,Civil and Environmental Engineering,B. Tech. – M. Tech. Dual Degree in Environmental Engineering,2401CE,CE5199,9,Project - III,0-0-16,8,P3,0,,,,,,,,,,,
1971,Civil and Environmental Engineering,B. Tech. – M. Tech. Dual Degree in Environmental Engineering,2401CE,CE5299,10,Project - IV,0-0-36,18,P4,0,,,,,,,,,,,
1972,,,,,,,,,,,,,,,,,,,,,
1973,,,,,,,,,,,,,,,,,,,,,
1974,,,,,,,,,,,,,,,,,,,,,
1975,,,,,,,,,,,,,,,,,,,,,
1976,,,,,,,,,,,,,,,,,,,,,
1977,,,,,,,,,,,,,,,,,,,,,
1978,,,,,,,,,,,,,,,,,,,,,
1979,,,,,,,,,,,,,,,,,,,,,
1980,,,,,,,,,,,,,,,,,,,,,
Anshika Chourasia,,,,,,,,,,,,,,,,,,,,,
1981,Civil and Environmental Engineering,B. Tech. – M. Tech. Dual Degree in Geotechnical Engineering,2402GT,MA1101,1,Calculus and Linear Algebra,3-1-0,4,Core,0,,,,,,,,,,,
1982,Civil and Environmental Engineering,B. Tech. – M. Tech. Dual Degree in Geotechnical Engineering,2402GT,CS1101,1,Foundations of Programming ,3-0-3,4.5,Core,0,,,,,,,,,,,
1983,Civil and Environmental Engineering,B. Tech. – M. Tech. Dual Degree in Geotechnical Engineering,2402GT,PH1101/PH1201,1,Physics,3-1-3,5.5,Core,0,,,,,,,,,,,
1984,Civil and Environmental Engineering,B. Tech. – M. Tech. Dual Degree in Geotechnical Engineering,2402GT,CE1101/CE1201,1,Engineering Graphics,1-0-3,2.5,Core,0,,,,,,,,,,,
1985,Civil and Environmental Engineering,B. Tech. – M. Tech. Dual Degree in Geotechnical Engineering,2402GT,EE1101/EE1201,1,Electrical Sciences,3-0-3,4.5,Core,0,,,,,,,,,,,
1986,Civil and Environmental Engineering,B. Tech. – M. Tech. Dual Degree in Geotechnical Engineering,2402GT,HS1101,1,English for Professionals,2-0-1,2.5,Core,0,,,,,,,,,,,
1987,Civil and Environmental Engineering,B. Tech. – M. Tech. Dual Degree in Geotechnical Engineering,2402GT,MA1201,2,Probability Theory and Ordinary Differential Equations,3-1-0,4,Core,0,,,,,,,,,,,
1988,Civil and Environmental Engineering,B. Tech. – M. Tech. Dual Degree in Geotechnical Engineering,2402GT,CS1201,2,Data Structure,3-0-3,4.5,Core,0,,,,,,,,,,,
1989,Civil and Environmental Engineering,B. Tech. – M. Tech. Dual Degree in Geotechnical Engineering,2402GT,CH1201/CH1101,2,Chemistry,3-1-3,5.5,Core,0,,,,,,,,,,,
1990,Civil and Environmental Engineering,B. Tech. – M. Tech. Dual Degree in Geotechnical Engineering,2402GT,ME1201/ME1101,2,Mechanical Fabrication,0-0-3,1.5,Core,0,,,,,,,,,,,
1991,Civil and Environmental Engineering,B. Tech. – M. Tech. Dual Degree in Geotechnical Engineering,2402GT,ME1202/ME1102,2,Engineering Mechanics,3-1-0,4,Core,0,,,,,,,,,,,
1992,Civil and Environmental Engineering,B. Tech. – M. Tech. Dual Degree in Geotechnical Engineering,2402GT,IK1101,2,Indian Knowledge System(IKS),3-0-0,3,IKS,0,,,,,,,,,,,
1993,Civil and Environmental Engineering,B. Tech. – M. Tech. Dual Degree in Geotechnical Engineering,2402GT,CE2101,3,Geomatics Engineering,3-1-2,5,Core,0,,,,,,,,,,,
1994,Civil and Environmental Engineering,B. Tech. – M. Tech. Dual Degree in Geotechnical Engineering,2402GT,CE2102,3,Structural Mechanics,3-1-0,4,Core,1,,,,,,,,,,,
1995,Civil and Environmental Engineering,B. Tech. – M. Tech. Dual Degree in Geotechnical Engineering,2402GT,CE2103,3,Fluid Mechanics ,3-1-2,5,Core,0,,,,,,,,,,,
1996,Civil and Environmental Engineering,B. Tech. – M. Tech. Dual Degree in Geotechnical Engineering,2402GT,CE2104,3,Geology for Engineers ,3-0-2,4,Core,0,,,,,,,,,,,
1997,Civil and Environmental Engineering,B. Tech. – M. Tech. Dual Degree in Geotechnical Engineering,2402GT,HS21PQ,3,HSS Elective I ,3-0-0,3,HS1,0,,,,,,,,,,,
1998,Civil and Environmental Engineering,B. Tech. – M. Tech. Dual Degree in Geotechnical Engineering,2402GT,CE2201,4,Structural Analysis ,3-0-2,4,Core,0,,,,,,,,,,,
1999,Civil and Environmental Engineering,B. Tech. – M. Tech. Dual Degree in Geotechnical Engineering,2402GT,CE2202,4,Soil Mechanics,3-0-2,4,Core,0,,,,,,,,,,,
2000,Civil and Environmental Engineering,B. Tech. – M. Tech. Dual Degree in Geotechnical Engineering,2402GT,CE2203,4,Civil Engineering Materials,3-0-2,4,Core,1,,,,,,,,,,,
2001,Civil and Environmental Engineering,B. Tech. – M. Tech. Dual Degree in Geotechnical Engineering,2402GT,CE2204,4,Water Resource Engineering - 1,3-0-0,3,Core,0,,,,,,,,,,,
2002,Civil and Environmental Engineering,B. Tech. – M. Tech. Dual Degree in Geotechnical Engineering,2402GT,CE2205,4,Numerical Methods in Civil Engineering,3-0-0,3,Core,0,,,,,,,,,,,
2003,Civil and Environmental Engineering,B. Tech. – M. Tech. Dual Degree in Geotechnical Engineering,2402GT,CE22PQ,4,IDE1,3-0-0,3,IDE1,0,,,,,,,,,,,
2004,Civil and Environmental Engineering,B. Tech. – M. Tech. Dual Degree in Geotechnical Engineering,2402GT,CE3101,5,Design of Reinforced Concrete Structures,3-0-2,4,Core,0,,,,,,,,,,,
2005,Civil and Environmental Engineering,B. Tech. – M. Tech. Dual Degree in Geotechnical Engineering,2402GT,CE3102,5,Foundation Engineering  ,3-0-2,4,Core,0,,,,,,,,,,,
2006,Civil and Environmental Engineering,B. Tech. – M. Tech. Dual Degree in Geotechnical Engineering,2402GT,CE3103,5,Transportation Engineering - 1,3-1-2,5,Core,1,,,,,,,,,,,
2007,Civil and Environmental Engineering,B. Tech. – M. Tech. Dual Degree in Geotechnical Engineering,2402GT,CE3104,5,Environmental Engineering - 1,3-0-2,4,Core,0,,,,,,,,,,,
2008,Civil and Environmental Engineering,B. Tech. – M. Tech. Dual Degree in Geotechnical Engineering,2402GT,CE3190,5,IDE2,3-0-0,3,IDE2,0,,,,,,,,,,,
2009,Civil and Environmental Engineering,B. Tech. – M. Tech. Dual Degree in Geotechnical Engineering,2402GT,CE3201,6,Design of Steel Structures,3-1-0,4,Core,0,,,,,,,,,,,
2010,Civil and Environmental Engineering,B. Tech. – M. Tech. Dual Degree in Geotechnical Engineering,2402GT,CE3202,6,Infrastructure Drawing and Estimation ,1-2-0,3,Core,1,,,,,,,,,,,
2011,Civil and Environmental Engineering,B. Tech. – M. Tech. Dual Degree in Geotechnical Engineering,2402GT,CE3203,6,Construction Planning & Management,3-0-0,3,Core,0,,,,,,,,,,,
2012,Civil and Environmental Engineering,B. Tech. – M. Tech. Dual Degree in Geotechnical Engineering,2402GT,CE3204,6,Environmental Engineering - 2,3-1-0,4,Core,0,,,,,,,,,,,
2013,Civil and Environmental Engineering,B. Tech. – M. Tech. Dual Degree in Geotechnical Engineering,2402GT,CE3205,6,Water Resource Engineering - 2,3-0-2,4,Core,0,,,,,,,,,,,
2014,Civil and Environmental Engineering,B. Tech. – M. Tech. Dual Degree in Geotechnical Engineering,2402GT,CE3206,6,Transportation Engineering - 2,3-0-0,3,Core,0,,,,,,,,,,,
2015,Civil and Environmental Engineering,B. Tech. – M. Tech. Dual Degree in Geotechnical Engineering,2402GT,XX41PQ,7,BTE1,3-0-0,3,BTE1,0,,,,,,,,,,,
2016,Civil and Environmental Engineering,B. Tech. – M. Tech. Dual Degree in Geotechnical Engineering,2402GT,XX41PQ,7,BTE2,3-0-0,3,BTE2,0,,,,,,,,,,,
2017,Civil and Environmental Engineering,B. Tech. – M. Tech. Dual Degree in Geotechnical Engineering,2402GT,XX41PQ,7,IDE3,3-0-0,3,IDE3,0,,,,,,,,,,,
2018,Civil and Environmental Engineering,B. Tech. – M. Tech. Dual Degree in Geotechnical Engineering,2402GT,HS41PQ,7,HS2,3-0-0,3,HS2,0,,,,,,,,,,,
2019,Civil and Environmental Engineering,B. Tech. – M. Tech. Dual Degree in Geotechnical Engineering,2402GT,XX4198,7,SI,0-0-12,3,SI,0,,,,,,,,,,,
2020,Civil and Environmental Engineering,B. Tech. – M. Tech. Dual Degree in Geotechnical Engineering,2402GT,XX4199,7,P1,0-0-12,6,P1,0,,,,,,,,,,,
2021,Civil and Environmental Engineering,B. Tech. – M. Tech. Dual Degree in Geotechnical Engineering,2402GT,CE5105,7,Advanced Soil Mechanics,3-0-0,3,Core,0,,,,,,,,,,,
2022,Civil and Environmental Engineering,B. Tech. – M. Tech. Dual Degree in Geotechnical Engineering,2402GT,RM6201,8,RM,3-1-0,4,RM,0,,,,,,,,,,,
2023,Civil and Environmental Engineering,B. Tech. – M. Tech. Dual Degree in Geotechnical Engineering,2402GT,CE5204,8,Advanced Foundation Engineering,3-0-0,3,Core,0,,,,,,,,,,,
2024,Civil and Environmental Engineering,B. Tech. – M. Tech. Dual Degree in Geotechnical Engineering,2402GT,CE5205,8,Computational Geomechanics,3-0-2,4,Core,0,,,,,,,,,,,
2025,Civil and Environmental Engineering,B. Tech. – M. Tech. Dual Degree in Geotechnical Engineering,2402GT,CE52PQ/CE62PQ,8,MTE1,3-0-0,3,MTE1,0,,,,,,,,,,,
2026,Civil and Environmental Engineering,B. Tech. – M. Tech. Dual Degree in Geotechnical Engineering,2402GT,CE4299,8,P2,0-0-12,6,P2,0,,,,,,,,,,,
2027,Civil and Environmental Engineering,B. Tech. – M. Tech. Dual Degree in Geotechnical Engineering,2402GT,CE51PQ/CE61PQ,9,MTE2,3-0-0,3,MTE2,0,,,,,,,,,,,
2028,Civil and Environmental Engineering,B. Tech. – M. Tech. Dual Degree in Geotechnical Engineering,2402GT,CE51PQ/CE61PQ,9,MTE3,3-0-0,3,MTE3,0,,,,,,,,,,,
2029,Civil and Environmental Engineering,B. Tech. – M. Tech. Dual Degree in Geotechnical Engineering,2402GT,CE51PQ/CE61PQ,9,MTE4,3-0-0,3,MTE4,0,,,,,,,,,,,
2030,Civil and Environmental Engineering,B. Tech. – M. Tech. Dual Degree in Geotechnical Engineering,2402GT,CE5199,9,P3,0-0-16,8,P3,0,,,,,,,,,,,
2031,Civil and Environmental Engineering,B. Tech. – M. Tech. Dual Degree in Geotechnical Engineering,2402GT,CE5299,10,P4,0-0-36,18,P4,0,,,,,,,,,,,
2032,,,,,,,,,,,,,,,,,,,,,
2033,,,,,,,,,,,,,,,,,,,,,
2034,,,,,,,,,,,,,,,,,,,,,
2035,,,,,,,,,,,,,,,,,,,,,
2036,,,,,,,,,,,,,,,,,,,,,
2037,,,,,,,,,,,,,,,,,,,,,
2038,,,,,,,,,,,,,,,,,,,,,
2039,,,,,,,,,,,,,,,,,,,,,
2040,,,,,,,,,,,,,,,,,,,,,
Rudraksh Jaiswal,,,,,,,,,,,,,,,,,,,,,
2041,Civil and Environmental Engineering,Btech-Mtech Dual Degree in Structural Engineering,2402ST,MA1101,1,Calculus and Linear Algebra,3-1-0,4,Core,0,,,,,,,,,,,
2042,Civil and Environmental Engineering,Btech-Mtech Dual Degree in Structural Engineering,2402ST,CS1101,1,Foundations of Programming ,3-0-3,4.5,Core,0,,,,,,,,,,,
2043,Civil and Environmental Engineering,Btech-Mtech Dual Degree in Structural Engineering,2402ST,PH1101/PH1201,1,Physics,3-1-3,5.5,Core,0,,,,,,,,,,,
2044,Civil and Environmental Engineering,Btech-Mtech Dual Degree in Structural Engineering,2402ST,CE1101/CE1201,1,Engineering Graphics,1-0-3,2.5,Core,0,,,,,,,,,,,
2045,Civil and Environmental Engineering,Btech-Mtech Dual Degree in Structural Engineering,2402ST,EE1101/EE1201,1,Electrical Sciences,3-0-3,4.5,Core,0,,,,,,,,,,,
2046,Civil and Environmental Engineering,Btech-Mtech Dual Degree in Structural Engineering,2402ST,HS1101,1,English for Professionals,2-0-1,2.5,Core,0,,,,,,,,,,,
2047,Civil and Environmental Engineering,Btech-Mtech Dual Degree in Structural Engineering,2402ST,MA1201,2,Probability Theory and Ordinary Differential Equations,3-1-0,4,Core,0,,,,,,,,,,,
2048,Civil and Environmental Engineering,Btech-Mtech Dual Degree in Structural Engineering,2402ST,CS1201,2,Data Structure,3-0-3,4.5,Core,0,,,,,,,,,,,
2049,Civil and Environmental Engineering,Btech-Mtech Dual Degree in Structural Engineering,2402ST,CH1201/CH1101,2,Chemistry,3-1-3,5.5,Core,0,,,,,,,,,,,
2050,Civil and Environmental Engineering,Btech-Mtech Dual Degree in Structural Engineering,2402ST,ME1201/ME1101,2,Mechanical Fabrication,0-0-3,1.5,Core,0,,,,,,,,,,,
2051,Civil and Environmental Engineering,Btech-Mtech Dual Degree in Structural Engineering,2402ST,ME1202/ME1102,2,Engineering Mechanics,3-1-0,4,Core,0,,,,,,,,,,,
2052,Civil and Environmental Engineering,Btech-Mtech Dual Degree in Structural Engineering,2402ST,IK1101,2,Indian Knowledge System(IKS),3-0-0,3,IKS,0,,,,,,,,,,,
2053,Civil and Environmental Engineering,Btech-Mtech Dual Degree in Structural Engineering,2402ST,HS5111,3,Technical Writing and Soft Skill,1-2-2,4,HS,0,,,,,,,,,,,
2054,Civil and Environmental Engineering,Btech-Mtech Dual Degree in Structural Engineering,2402ST,CE5108,3,Advanced Structural Analysis,3-0-2,4,Core,0,,,,,,,,,,,
2055,Civil and Environmental Engineering,Btech-Mtech Dual Degree in Structural Engineering,2402ST,CE5109,3,Structural Dynamics,3-0-2,4,Core,0,,,,,,,,,,,
2056,Civil and Environmental Engineering,Btech-Mtech Dual Degree in Structural Engineering,2402ST,CE5110,3,Theory of Plates and Shells,3-0-0,3,Core,0,,,,,,,,,,,
2057,Civil and Environmental Engineering,Btech-Mtech Dual Degree in Structural Engineering,2402ST,CE51PQ/ CE61PQ,3,DE- I: Structure Elective,3-0-0,3,DE1,0,,,,,,,,,,,
2058,Civil and Environmental Engineering,Btech-Mtech Dual Degree in Structural Engineering,2402ST,CE51PQ/ CE61PQ,3,DE- II: Structure / Department Elective,3-0-0,3,DE2,0,,,,,,,,,,,
2059,Civil and Environmental Engineering,Btech-Mtech Dual Degree in Structural Engineering,2402ST,XX61PQ,3,IDE,3-0-0,3,IDE1,0,,,,,,,,,,,
2060,Civil and Environmental Engineering,Btech-Mtech Dual Degree in Structural Engineering,2402ST,CE5209,4,Advanced Concrete Design,3-0-2,4,Core,0,,,,,,,,,,,
2061,Civil and Environmental Engineering,Btech-Mtech Dual Degree in Structural Engineering,2402ST,CE5210,4,Earthquake Resistant Design of Structures,3-0-2,4,Core,0,,,,,,,,,,,
2062,Civil and Environmental Engineering,Btech-Mtech Dual Degree in Structural Engineering,2402ST,CE5211,4,Stability of Structures,3-0-0,3,Core,0,,,,,,,,,,,
2063,Civil and Environmental Engineering,Btech-Mtech Dual Degree in Structural Engineering,2402ST,CE52PQ/ CE62PQ,4,DE-3: Structure Elective,3-0-0,3,DE3,0,,,,,,,,,,,
2064,Civil and Environmental Engineering,Btech-Mtech Dual Degree in Structural Engineering,2402ST,CE52PQ/ CE62PQ,4,DE-4: Structure / Department Elective,3-0-0,3,DE4,0,,,,,,,,,,,
2065,Civil and Environmental Engineering,Btech-Mtech Dual Degree in Structural Engineering,2402ST,RM6201,4,Research Methodology,3-1-0,4,RM,0,,,,,,,,,,,
2066,Civil and Environmental Engineering,Btech-Mtech Dual Degree in Structural Engineering,2402ST,IK6201,4,IKS,3-0-0,3,IKS,0,,,,,,,,,,,
2067,Civil and Environmental Engineering,Btech-Mtech Dual Degree in Structural Engineering,2402ST,CE6198,5,Summer Internship/Mini Project*,0-0-12,3,SI,0,,,,,,,,,,,
2068,Civil and Environmental Engineering,Btech-Mtech Dual Degree in Structural Engineering,2402ST,CE6199,5,Project I,0-0-30,15,P1,0,,,,,,,,,,,
2069,Civil and Environmental Engineering,Btech-Mtech Dual Degree in Structural Engineering,2402ST,CE6299,6,Project II,0-0-42,21,P2,0,,,,,,,,,,,
2070,Civil and Environmental Engineering,Btech-Mtech Dual Degree in Structural Engineering,2402ST,CE41PQ,7,BTE1,3-0-0,3,BTE1,0,,,,,,,,,,,
2071,Civil and Environmental Engineering,Btech-Mtech Dual Degree in Structural Engineering,2402ST,CE41PQ,7,BTE2,3-0-1,3,BTE2,0,,,,,,,,,,,
2072,Civil and Environmental Engineering,Btech-Mtech Dual Degree in Structural Engineering,2402ST,XX41PQ,7,IDE3,3-0-2,3,IDE3,0,,,,,,,,,,,
2073,Civil and Environmental Engineering,Btech-Mtech Dual Degree in Structural Engineering,2402ST,HS41PQ,7,HS2,3-0-3,3,HS2,0,,,,,,,,,,,
2074,Civil and Environmental Engineering,Btech-Mtech Dual Degree in Structural Engineering,2402ST,CE4198,7,SI,0-0-12,3,SI,0,,,,,,,,,,,
2075,Civil and Environmental Engineering,Btech-Mtech Dual Degree in Structural Engineering,2402ST,CE4199,7,P1,0-0-12,6,P1,0,,,,,,,,,,,
2076,Civil and Environmental Engineering,Btech-Mtech Dual Degree in Structural Engineering,2402ST,CE5109,7,Structural Dynamics,3-0-2,4,Core,0,,,,,,,,,,,
2077,Civil and Environmental Engineering,Btech-Mtech Dual Degree in Structural Engineering,2402ST,RM6201,8,Research Methodology,3-1-0,4,Core,0,,,,,,,,,,,
2078,Civil and Environmental Engineering,Btech-Mtech Dual Degree in Structural Engineering,2402ST,CE5209,8,Advanced Concrete Design,3-0-2,4,Core,0,,,,,,,,,,,
2079,Civil and Environmental Engineering,Btech-Mtech Dual Degree in Structural Engineering,2402ST,CE5210,8,Earthquake Resistant Design of Structures,3-0-2,4,Core,0,,,,,,,,,,,
2080,Civil and Environmental Engineering,Btech-Mtech Dual Degree in Structural Engineering,2402ST,CE52PQ/CE62PQ,8,MTE1,3-0-0,3,MTE1,0,,,,,,,,,,,
2081,Civil and Environmental Engineering,Btech-Mtech Dual Degree in Structural Engineering,2402ST,CE4299,8,P2,0-0-12,6,P2,0,,,,,,,,,,,
2082,Civil and Environmental Engineering,Btech-Mtech Dual Degree in Structural Engineering,2402ST,CE52PQ/CE62PQ,9,MTE2,3-0-0,3,MTE2,0,,,,,,,,,,,
2083,Civil and Environmental Engineering,Btech-Mtech Dual Degree in Structural Engineering,2402ST,CE52PQ/CE62PQ,9,MTE3,3-0-0,3,MTE3,0,,,,,,,,,,,
2084,Civil and Environmental Engineering,Btech-Mtech Dual Degree in Structural Engineering,2402ST,CE52PQ/CE62PQ,9,MTE4,3-0-0,3,MTE4,0,,,,,,,,,,,
2085,Civil and Environmental Engineering,Btech-Mtech Dual Degree in Structural Engineering,2402ST,CE5199,9,P3,0-0-16,8,P3,0,,,,,,,,,,,
2086,Civil and Environmental Engineering,Btech-Mtech Dual Degree in Structural Engineering,2402ST,XX5299,10,P4,0-0-36,18,P4,0,,,,,,,,,,,
2087,,,,,,,,,,,,,,,,,,,,,
2088,,,,,,,,,,,,,,,,,,,,,
2089,,,,,,,,,,,,,,,,,,,,,
2090,,,,,,,,,,,,,,,,,,,,,
2091,,,,,,,,,,,,,,,,,,,,,
2092,,,,,,,,,,,,,,,,,,,,,
2093,,,,,,,,,,,,,,,,,,,,,
2094,,,,,,,,,,,,,,,,,,,,,
2095,,,,,,,,,,,,,,,,,,,,,
2096,,,,,,,,,,,,,,,,,,,,,
2097,,,,,,,,,,,,,,,,,,,,,
2098,,,,,,,,,,,,,,,,,,,,,
2099,,,,,,,,,,,,,,,,,,,,,
2100,,,,,,,,,,,,,,,,,,,,,
Neha Pramanick,Civil and Environmental Engineering,B. Tech. – M. Tech. Dual Degree in Transportation Engineering,,MA1101,1,Calculus and Linear Algebra,3-1-0,4,Core,0,,,,,,,,,,,
2101,Civil and Environmental Engineering,B. Tech. – M. Tech. Dual Degree in Transportation Engineering,,CS1101,1,Foundations of Programming ,3-0-3,4.5,Core,0,,,,,,,,,,,
2102,Civil and Environmental Engineering,B. Tech. – M. Tech. Dual Degree in Transportation Engineering,,PH1101/PH1201,1,Physics,3-1-3,5.5,Core,0,,,,,,,,,,,
2103,Civil and Environmental Engineering,B. Tech. – M. Tech. Dual Degree in Transportation Engineering,,CE1101/CE1201,1,Engineering Graphics,1-0-3,2.5,Core,0,,,,,,,,,,,
2104,Civil and Environmental Engineering,B. Tech. – M. Tech. Dual Degree in Transportation Engineering,,EE1101/EE1201,1,Electrical Sciences,3-0-3,4.5,Core,0,,,,,,,,,,,
2105,Civil and Environmental Engineering,B. Tech. – M. Tech. Dual Degree in Transportation Engineering,,HS1101,1,English for Professionals,2-0-1,2.5,Core,0,,,,,,,,,,,
2106,Civil and Environmental Engineering,B. Tech. – M. Tech. Dual Degree in Transportation Engineering,,MA1201,2,Probability Theory and Ordinary Differential Equations,3-1-0,4,Core,0,,,,,,,,,,,
2107,Civil and Environmental Engineering,B. Tech. – M. Tech. Dual Degree in Transportation Engineering,,CS1201,2,Data Structure,3-0-3,4.5,Core,0,,,,,,,,,,,
2108,Civil and Environmental Engineering,B. Tech. – M. Tech. Dual Degree in Transportation Engineering,,CH1201/CH1101,2,Chemistry,3-1-3,5.5,Core,0,,,,,,,,,,,
2109,Civil and Environmental Engineering,B. Tech. – M. Tech. Dual Degree in Transportation Engineering,,ME1201/ME1101,2,Mechanical Fabrication,0-0-3,1.5,Core,0,,,,,,,,,,,
2110,Civil and Environmental Engineering,B. Tech. – M. Tech. Dual Degree in Transportation Engineering,,ME1202/ME1102,2,Engineering Mechanics,3-1-0,4,Core,0,,,,,,,,,,,
2111,Civil and Environmental Engineering,B. Tech. – M. Tech. Dual Degree in Transportation Engineering,,IK1101,2,Indian Knowledge System(IKS),3-0-0,3,IKS,0,,,,,,,,,,,
2112,Civil and Environmental Engineering,B. Tech. – M. Tech. Dual Degree in Transportation Engineering,,CE2101,3,Geomatics Engineering,3-1-2,5,Core,0,,,,,,,,,,,
2113,Civil and Environmental Engineering,B. Tech. – M. Tech. Dual Degree in Transportation Engineering,,CE2102,3,Structural Mechanics,3-1-0,4,Core,1,,,,,,,,,,,
2114,Civil and Environmental Engineering,B. Tech. – M. Tech. Dual Degree in Transportation Engineering,,CE2103,3,Fluid Mechanics ,3-1-2,5,Core,0,,,,,,,,,,,
2115,Civil and Environmental Engineering,B. Tech. – M. Tech. Dual Degree in Transportation Engineering,,CE2104,3,Geology for Engineers ,3-0-2,4,Core,0,,,,,,,,,,,
2116,Civil and Environmental Engineering,B. Tech. – M. Tech. Dual Degree in Transportation Engineering,,HS21PQ,3,HSS Elective I ,3-0-0,3,HS1,0,,,,,,,,,,,
2117,Civil and Environmental Engineering,B. Tech. – M. Tech. Dual Degree in Transportation Engineering,,CE2201,4,Structural Analysis ,3-0-2,4,Core,0,,,,,,,,,,,
2118,Civil and Environmental Engineering,B. Tech. – M. Tech. Dual Degree in Transportation Engineering,,CE2202,4,Soil Mechanics,3-0-2,4,Core,0,,,,,,,,,,,
2119,Civil and Environmental Engineering,B. Tech. – M. Tech. Dual Degree in Transportation Engineering,,CE2203,4,Civil Engineering Materials,3-0-2,4,Core,1,,,,,,,,,,,
2120,Civil and Environmental Engineering,B. Tech. – M. Tech. Dual Degree in Transportation Engineering,,CE2204,4,Water Resource Engineering - 1,3-0-0,3,Core,0,,,,,,,,,,,
2121,Civil and Environmental Engineering,B. Tech. – M. Tech. Dual Degree in Transportation Engineering,,CE2205,4,Numerical Methods in Civil Engineering,3-0-0,3,Core,0,,,,,,,,,,,
2122,Civil and Environmental Engineering,B. Tech. – M. Tech. Dual Degree in Transportation Engineering,,CE22PQ,4,IDE1,3-0-0,3,IDE1,0,,,,,,,,,,,
2123,Civil and Environmental Engineering,B. Tech. – M. Tech. Dual Degree in Transportation Engineering,,CE3101,5,Design of Reinforced Concrete Structures,3-0-2,4,Core,0,,,,,,,,,,,
2124,Civil and Environmental Engineering,B. Tech. – M. Tech. Dual Degree in Transportation Engineering,,CE3102,5,Foundation Engineering  ,3-0-2,4,Core,0,,,,,,,,,,,
2125,Civil and Environmental Engineering,B. Tech. – M. Tech. Dual Degree in Transportation Engineering,,CE3103,5,Transportation Engineering - 1,3-1-2,5,Core,1,,,,,,,,,,,
2126,Civil and Environmental Engineering,B. Tech. – M. Tech. Dual Degree in Transportation Engineering,,CE3104,5,Environmental Engineering - 1,3-0-2,4,Core,0,,,,,,,,,,,
2127,Civil and Environmental Engineering,B. Tech. – M. Tech. Dual Degree in Transportation Engineering,,CE3190,5,IDE2,3-0-0,3,IDE2,0,,,,,,,,,,,
2128,Civil and Environmental Engineering,B. Tech. – M. Tech. Dual Degree in Transportation Engineering,,CE3201,6,Design of Steel Structures,3-1-0,4,Core,0,,,,,,,,,,,
2129,Civil and Environmental Engineering,B. Tech. – M. Tech. Dual Degree in Transportation Engineering,,CE3202,6,Infrastructure Drawing and Estimation ,1-2-0,3,Core,1,,,,,,,,,,,
2130,Civil and Environmental Engineering,B. Tech. – M. Tech. Dual Degree in Transportation Engineering,,CE3203,6,Construction Planning & Management,3-0-0,3,Core,0,,,,,,,,,,,
2131,Civil and Environmental Engineering,B. Tech. – M. Tech. Dual Degree in Transportation Engineering,,CE3204,6,Environmental Engineering - 2,3-1-0,4,Core,0,,,,,,,,,,,
2132,Civil and Environmental Engineering,B. Tech. – M. Tech. Dual Degree in Transportation Engineering,,CE3205,6,Water Resource Engineering - 2,3-0-2,4,Core,0,,,,,,,,,,,
2133,Civil and Environmental Engineering,B. Tech. – M. Tech. Dual Degree in Transportation Engineering,,CE3206,6,Transportation Engineering - 2,3-0-0,3,Core,0,,,,,,,,,,,
2134,Civil and Environmental Engineering,B. Tech. – M. Tech. Dual Degree in Transportation Engineering,,XX41PQ,7,B. Tech. Elective - I,3-0-0,3,BTE1,0,,,,,,,,,,,
2135,Civil and Environmental Engineering,B. Tech. – M. Tech. Dual Degree in Transportation Engineering,,XX41PQ,7,B. Tech. Elective - II,3-0-0,3,BTE2,0,,,,,,,,,,,
2136,Civil and Environmental Engineering,B. Tech. – M. Tech. Dual Degree in Transportation Engineering,,XX41PQ,7,IDE - III,3-0-0,3,IDE3,0,,,,,,,,,,,
2137,Civil and Environmental Engineering,B. Tech. – M. Tech. Dual Degree in Transportation Engineering,,HS41PQ,7,HSS Elective – II,3-0-0,3,HS2,0,,,,,,,,,,,
2138,Civil and Environmental Engineering,B. Tech. – M. Tech. Dual Degree in Transportation Engineering,,XX4198,7,Summer Internship*,0-0-12,3,SI,0,,,,,,,,,,,
2139,Civil and Environmental Engineering,B. Tech. – M. Tech. Dual Degree in Transportation Engineering,,XX4199,7,Project – I,0-0-12,6,P1,0,,,,,,,,,,,
2140,Civil and Environmental Engineering,B. Tech. – M. Tech. Dual Degree in Transportation Engineering,,CE5105,7,Advanced Soil Mechanics,3-0-0,3,Core,0,,,,,,,,,,,
2141,Civil and Environmental Engineering,B. Tech. – M. Tech. Dual Degree in Transportation Engineering,,RM6201,8,Research Methodology,3-1-0,4,RM,0,,,,,,,,,,,
2142,Civil and Environmental Engineering,B. Tech. – M. Tech. Dual Degree in Transportation Engineering,,CE5204,8,Advanced Foundation Engineering,3-0-0,3,Core,0,,,,,,,,,,,
2143,Civil and Environmental Engineering,B. Tech. – M. Tech. Dual Degree in Transportation Engineering,,CE5205,8,Computational Geomechanics,3-0-2,4,Core,0,,,,,,,,,,,
2144,Civil and Environmental Engineering,B. Tech. – M. Tech. Dual Degree in Transportation Engineering,,CE52PQ/CE62PQ,8,M Tech Elective - I,3-0-0,3,MTE1,0,,,,,,,,,,,
2145,Civil and Environmental Engineering,B. Tech. – M. Tech. Dual Degree in Transportation Engineering,,CE4299,8,Project - II,0-0-12,6,P2,0,,,,,,,,,,,
2146,Civil and Environmental Engineering,B. Tech. – M. Tech. Dual Degree in Transportation Engineering,,CE51PQ/CE61PQ,9,M Tech Elective - II,3-0-0,3,MTE2,0,,,,,,,,,,,
2147,Civil and Environmental Engineering,B. Tech. – M. Tech. Dual Degree in Transportation Engineering,,CE51PQ/CE61PQ,9,M Tech Elective - III,3-0-0,3,MTE3,0,,,,,,,,,,,
2148,Civil and Environmental Engineering,B. Tech. – M. Tech. Dual Degree in Transportation Engineering,,CE51PQ/CE61PQ,9,M Tech Elective - IV,3-0-0,3,MTE4,0,,,,,,,,,,,
2149,Civil and Environmental Engineering,B. Tech. – M. Tech. Dual Degree in Transportation Engineering,,CE5199,9,Project - III,0-0-16,8,P3,0,,,,,,,,,,,
2150,Civil and Environmental Engineering,B. Tech. – M. Tech. Dual Degree in Transportation Engineering,,CE5299,10,Project - IV,0-0-36,18,P4,0,,,,,,,,,,,
2151,,,,,,,,,,,,,,,,,,,,,
2152,,,,,,,,,,,,,,,,,,,,,
2153,,,,,,,,,,,,,,,,,,,,,
2154,,,,,,,,,,,,,,,,,,,,,
2155,,,,,,,,,,,,,,,,,,,,,
2156,,,,,,,,,,,,,,,,,,,,,
2157,,,,,,,,,,,,,,,,,,,,,
2158,,,,,,,,,,,,,,,,,,,,,
2159,,,,,,,,,,,,,,,,,,,,,
2160,,,,,,,,,,,,,,,,,,,,,
Abhinav Reddy Kotha,,,,,,,,,,,,,,,,,,,,,
2161,Department of Computer Science & Engineering,B. Tech. – M. Tech. Dual Degree in Computer Science and Engineering,NS,MA1101,1,Calculus and Linear Algebra,3-1-0,4,Core,0,,,,,,,,,,,
2162,Department of Computer Science & Engineering,B. Tech. – M. Tech. Dual Degree in Computer Science and Engineering,NS,CS1101,1,Foundations of Programming ,3-0-3,4.5,Core,0,,,,,,,,,,,
2163,Department of Computer Science & Engineering,B. Tech. – M. Tech. Dual Degree in Computer Science and Engineering,NS,PH1101/PH1201,1,Physics,3-1-3,5.5,Core,0,,,,,,,,,,,
2164,Department of Computer Science & Engineering,B. Tech. – M. Tech. Dual Degree in Computer Science and Engineering,NS,CE1101/CE1201,1,Engineering Graphics,1-0-3,2.5,Core,0,,,,,,,,,,,
2165,Department of Computer Science & Engineering,B. Tech. – M. Tech. Dual Degree in Computer Science and Engineering,NS,EE1101/EE1201,1,Electrical Sciences,3-0-3,4.5,Core,0,,,,,,,,,,,
2166,Department of Computer Science & Engineering,B. Tech. – M. Tech. Dual Degree in Computer Science and Engineering,NS,HS1101,1,English for Professionals,2-0-1,2.5,Core,0,,,,,,,,,,,
2167,Department of Computer Science & Engineering,B. Tech. – M. Tech. Dual Degree in Computer Science and Engineering,NS,MA1201,2,Probability Theory and Ordinary Differential Equations,3-1-0,4,Core,0,,,,,,,,,,,
2168,Department of Computer Science & Engineering,B. Tech. – M. Tech. Dual Degree in Computer Science and Engineering,NS,CS1201,2,Data Structure,3-0-3,4.5,Core,0,,,,,,,,,,,
2169,Department of Computer Science & Engineering,B. Tech. – M. Tech. Dual Degree in Computer Science and Engineering,NS,CH1201/CH1101,2,Chemistry,3-1-3,5.5,Core,0,,,,,,,,,,,
2170,Department of Computer Science & Engineering,B. Tech. – M. Tech. Dual Degree in Computer Science and Engineering,NS,ME1201/ME1101,2,Mechanical Fabrication,0-0-3,1.5,Core,0,,,,,,,,,,,
2171,Department of Computer Science & Engineering,B. Tech. – M. Tech. Dual Degree in Computer Science and Engineering,NS,ME1202/ME1102,2,Engineering Mechanics,3-1-0,4,Core,0,,,,,,,,,,,
2172,Department of Computer Science & Engineering,B. Tech. – M. Tech. Dual Degree in Computer Science and Engineering,NS,IK1101,2,Indian Knowledge System(IKS),3-0-0,3,IKS,0,,,,,,,,,,,
2173,Department of Computer Science & Engineering,B. Tech. – M. Tech. Dual Degree in Computer Science and Engineering,NS,CS2101,3,Algorithm,3-0-3,4.5,Core,0,,,,,,,,,,,
2174,Department of Computer Science & Engineering,B. Tech. – M. Tech. Dual Degree in Computer Science and Engineering,NS,CS2102,3,Digital Logic and Computer Organization,3-0-3,4.5,Core,0,,,,,,,,,,,
2175,Department of Computer Science & Engineering,B. Tech. – M. Tech. Dual Degree in Computer Science and Engineering,NS,CS2103,3,Artificial Intelligence Concepts,2-0-2,3,Core,0,,,,,,,,,,,
2176,Department of Computer Science & Engineering,B. Tech. – M. Tech. Dual Degree in Computer Science and Engineering,NS,CS2104,3,Discrete Mathematics,3-0-0,3,Core,0,,,,,,,,,,,
2177,Department of Computer Science & Engineering,B. Tech. – M. Tech. Dual Degree in Computer Science and Engineering,NS,CS2105,3,Optimization Techniques,3-0-0,3,Core,0,,,,,,,,,,,
2178,Department of Computer Science & Engineering,B. Tech. – M. Tech. Dual Degree in Computer Science and Engineering,NS,HS21PQ,3,HSS Elective - I,3-0-0,3,HS-I,0,,,,,,,,,,,
2179,Department of Computer Science & Engineering,B. Tech. – M. Tech. Dual Degree in Computer Science and Engineering,NS,CS2201,4,Formal Language and Automata Theory,3-0-0,3,Core,0,,,,,,,,,,,
2180,Department of Computer Science & Engineering,B. Tech. – M. Tech. Dual Degree in Computer Science and Engineering,NS,CS2202,4,Database and Warehousing,3-0-2,4,Core,0,,,,,,,,,,,
2181,Department of Computer Science & Engineering,B. Tech. – M. Tech. Dual Degree in Computer Science and Engineering,NS,CS2203,4,Artificial Intelligence,3-0-3,4.5,Core,0,,,,,,,,,,,
2182,Department of Computer Science & Engineering,B. Tech. – M. Tech. Dual Degree in Computer Science and Engineering,NS,CS2204,4,IT Workshop,0-2-2,3,Core,0,,,,,,,,,,,
2183,Department of Computer Science & Engineering,B. Tech. – M. Tech. Dual Degree in Computer Science and Engineering,NS,CS2205,4,Computer Architecture,3-0-3,4.5,Core,0,,,,,,,,,,,
2184,Department of Computer Science & Engineering,B. Tech. – M. Tech. Dual Degree in Computer Science and Engineering,NS,CS2209,4,IDE I (Introduction to Data Science),3-0-0,3,IDE1,0,,,,,,,,,,,
2185,Department of Computer Science & Engineering,B. Tech. – M. Tech. Dual Degree in Computer Science and Engineering,NS,CS3101,5,Operating System,3-0-3,4.5,Core,0,,,,,,,,,,,
2186,Department of Computer Science & Engineering,B. Tech. – M. Tech. Dual Degree in Computer Science and Engineering,NS,CS3102,5,Computer Network,3-0-3,4.5,Core,0,,,,,,,,,,,
2187,Department of Computer Science & Engineering,B. Tech. – M. Tech. Dual Degree in Computer Science and Engineering,NS,CS3103,5,Machine Learning,3-0-3,4.5,Core,0,,,,,,,,,,,
2188,Department of Computer Science & Engineering,B. Tech. – M. Tech. Dual Degree in Computer Science and Engineering,NS,CS3104,5,Compiler,3-0-3,4.5,Core,0,,,,,,,,,,,
2189,Department of Computer Science & Engineering,B. Tech. – M. Tech. Dual Degree in Computer Science and Engineering,NS,CS3109,5,IDE II (Computer Graphics),3-0-0,3,IDE1I,0,,,,,,,,,,,
2190,Department of Computer Science & Engineering,B. Tech. – M. Tech. Dual Degree in Computer Science and Engineering,NS,CS3201,6,Cyber Security,3-0-2,4,Core,0,,,,,,,,,,,
2191,Department of Computer Science & Engineering,B. Tech. – M. Tech. Dual Degree in Computer Science and Engineering,NS,CS3202,6,Deep Learning,3-0-3,4.5,Core,0,,,,,,,,,,,
2192,Department of Computer Science & Engineering,B. Tech. – M. Tech. Dual Degree in Computer Science and Engineering,NS,CS3203,6,Internet of Things,3-0-3,4.5,Core,0,,,,,,,,,,,
2193,Department of Computer Science & Engineering,B. Tech. – M. Tech. Dual Degree in Computer Science and Engineering,NS,CS32PQ,6,B. Tech. Elective - I,3-0-0,3,BTE_I,0,,,,,,,,,,,
2194,Department of Computer Science & Engineering,B. Tech. – M. Tech. Dual Degree in Computer Science and Engineering,NS,CS3299,6,Capstone Project,0-0-6,3,Core,0,,,,,,,,,,,
2195,Department of Computer Science & Engineering,B. Tech. – M. Tech. Dual Degree in Computer Science and Engineering,NS,CS5101,7,Design and Analysis of Algorithms,3-1-0,4,Core,0,,,,,,,,,,,
2196,Department of Computer Science & Engineering,B. Tech. – M. Tech. Dual Degree in Computer Science and Engineering,NS,CS41PQ,7,B. Tech. Elective – II,3-0-0,3,BTE-II,0,,,,,,,,,,,
2197,Department of Computer Science & Engineering,B. Tech. – M. Tech. Dual Degree in Computer Science and Engineering,NS,CS41PQ,7,B. Tech. Elective – III,3-0-0,3,BTE-III,0,,,,,,,,,,,
2198,Department of Computer Science & Engineering,B. Tech. – M. Tech. Dual Degree in Computer Science and Engineering,NS,CS4109,7,IDE1II (Data Analysis and Visualization),3-0-0,3,IDE1II,0,,,,,,,,,,,
2199,Department of Computer Science & Engineering,B. Tech. – M. Tech. Dual Degree in Computer Science and Engineering,NS,HS41PQ,7,HSS Elective - II,3-0-0,3,HS-II,0,,,,,,,,,,,
2200,Department of Computer Science & Engineering,B. Tech. – M. Tech. Dual Degree in Computer Science and Engineering,NS,CS4198,7,Summer Internship/ Mini Project*,0-0-12,3,SI,0,,,,,,,,,,,
2201,Department of Computer Science & Engineering,B. Tech. – M. Tech. Dual Degree in Computer Science and Engineering,NS,CS4199,7,Project - I,0-0-12,6,P1,0,,,,,,,,,,,
2202,Department of Computer Science & Engineering,B. Tech. – M. Tech. Dual Degree in Computer Science and Engineering,NS,CS5201,8,Advanced Artificial Intelligence,3-0-0,3,Core,0,,,,,,,,,,,
2203,Department of Computer Science & Engineering,B. Tech. – M. Tech. Dual Degree in Computer Science and Engineering,NS,CS5202,8,Theoretical Computer Science,3-0-0,3,Core,0,,,,,,,,,,,
2204,Department of Computer Science & Engineering,B. Tech. – M. Tech. Dual Degree in Computer Science and Engineering,NS,CS62PQ,8,M. Tech. Elective – I,3-0-0,3,MTE-I,0,,,,,,,,,,,
2205,Department of Computer Science & Engineering,B. Tech. – M. Tech. Dual Degree in Computer Science and Engineering,NS,RM6201,8,Research Methodology,3-1-0,4,RM,0,,,,,,,,,,,
2206,Department of Computer Science & Engineering,B. Tech. – M. Tech. Dual Degree in Computer Science and Engineering,NS,CS4299,8,Project II,0-0-12,6,P2,0,,,,,,,,,,,
2207,Department of Computer Science & Engineering,B. Tech. – M. Tech. Dual Degree in Computer Science and Engineering,NS,CS61PQ,9,M. Tech. Elective – II,3-0-0,3,MTE-II,0,,,,,,,,,,,
2208,Department of Computer Science & Engineering,B. Tech. – M. Tech. Dual Degree in Computer Science and Engineering,NS,CS61PQ,9,M. Tech. Elective – III,3-0-0,3,MTE-III,0,,,,,,,,,,,
2209,Department of Computer Science & Engineering,B. Tech. – M. Tech. Dual Degree in Computer Science and Engineering,NS,CS61PQ,9,M. Tech. Elective – IV,3-0-0,3,MTE-IV,0,,,,,,,,,,,
2210,Department of Computer Science & Engineering,B. Tech. – M. Tech. Dual Degree in Computer Science and Engineering,NS,CS6190,9,Project - III,0-0-16,8,P3,0,,,,,,,,,,,
2211,Department of Computer Science & Engineering,B. Tech. – M. Tech. Dual Degree in Computer Science and Engineering,NS,CS6290,10,Project-IV,0-0-36,18,P4,0,,,,,,,,,,,
2212,,,,,,,,,,,,,,,,,,,,,
2213,,,,,,,,,,,,,,,,,,,,,
2214,,,,,,,,,,,,,,,,,,,,,
2215,,,,,,,,,,,,,,,,,,,,,
2216,,,,,,,,,,,,,,,,,,,,,
2217,,,,,,,,,,,,,,,,,,,,,
2218,,,,,,,,,,,,,,,,,,,,,
2219,,,,,,,,,,,,,,,,,,,,,
2220,,,,,,,,,,,,,,,,,,,,,
Indra Narayana Krishna Teja Kuchimanchi,,,,,,,,,,,,,,,,,,,,,
2221,Electrical and Electronics Engineering (EEE),B. Tech. in Electrical and Electronics Engineering (EEE) and M. Tech. in Power and Control System,NS,MA1101,1,Calculus and Linear Algebra,3-1-0,4,Core,0,,,,,,,,,,,
2222,Electrical and Electronics Engineering (EEE),B. Tech. in Electrical and Electronics Engineering (EEE) and M. Tech. in Power and Control System,NS,CS1101,1,Foundations of Programming ,3-0-3,4.5,Core,0,,,,,,,,,,,
2223,Electrical and Electronics Engineering (EEE),B. Tech. in Electrical and Electronics Engineering (EEE) and M. Tech. in Power and Control System,NS,PH1101/PH1201,1,Physics,3-1-3,5.5,Core,0,,,,,,,,,,,
2224,Electrical and Electronics Engineering (EEE),B. Tech. in Electrical and Electronics Engineering (EEE) and M. Tech. in Power and Control System,NS,CE1101/CE1201,1,Engineering Graphics,1-0-3,2.5,Core,0,,,,,,,,,,,
2225,Electrical and Electronics Engineering (EEE),B. Tech. in Electrical and Electronics Engineering (EEE) and M. Tech. in Power and Control System,NS,EE1101/EE1201,1,Electrical Sciences,3-0-3,4.5,Core,0,,,,,,,,,,,
2226,Electrical and Electronics Engineering (EEE),B. Tech. in Electrical and Electronics Engineering (EEE) and M. Tech. in Power and Control System,NS,HS1101,1,English for Professionals,2-0-1,2.5,Core,0,,,,,,,,,,,
2227,Electrical and Electronics Engineering (EEE),B. Tech. in Electrical and Electronics Engineering (EEE) and M. Tech. in Power and Control System,NS,MA1201,2,Probability Theory and Ordinary Differential Equations,3-1-0,4,Core,0,,,,,,,,,,,
2228,Electrical and Electronics Engineering (EEE),B. Tech. in Electrical and Electronics Engineering (EEE) and M. Tech. in Power and Control System,NS,CS1201,2,Data Structure,3-0-3,4.5,Core,0,,,,,,,,,,,
2229,Electrical and Electronics Engineering (EEE),B. Tech. in Electrical and Electronics Engineering (EEE) and M. Tech. in Power and Control System,NS,CH1201/CH1101,2,Chemistry,3-1-3,5.5,Core,0,,,,,,,,,,,
2230,Electrical and Electronics Engineering (EEE),B. Tech. in Electrical and Electronics Engineering (EEE) and M. Tech. in Power and Control System,NS,ME1201/ME1101,2,Mechanical Fabrication,0-0-3,1.5,Core,0,,,,,,,,,,,
2231,Electrical and Electronics Engineering (EEE),B. Tech. in Electrical and Electronics Engineering (EEE) and M. Tech. in Power and Control System,NS,ME1202/ME1102,2,Engineering Mechanics,3-1-0,4,Core,0,,,,,,,,,,,
2232,Electrical and Electronics Engineering (EEE),B. Tech. in Electrical and Electronics Engineering (EEE) and M. Tech. in Power and Control System,NS,IK1101,2,Indian Knowledge System(IKS),3-0-0,3,IKS,0,,,,,,,,,,,
2233,Electrical and Electronics Engineering (EEE),B. Tech. in Electrical and Electronics Engineering (EEE) and M. Tech. in Power and Control System,NS,EE2101,3,Measurements and Instrumentation,3-0-2,4,Core,,,,,,,,,,,,
2234,Electrical and Electronics Engineering (EEE),B. Tech. in Electrical and Electronics Engineering (EEE) and M. Tech. in Power and Control System,NS,EE2102,3,Network Analysis and Synthesis,3-0-0,3,Core,,,,,,,,,,,,
2235,Electrical and Electronics Engineering (EEE),B. Tech. in Electrical and Electronics Engineering (EEE) and M. Tech. in Power and Control System,NS,EC2101,3,Analog Circuits,3-0-2,4,Core,,,,,,,,,,,,
2236,Electrical and Electronics Engineering (EEE),B. Tech. in Electrical and Electronics Engineering (EEE) and M. Tech. in Power and Control System,NS,EC2102,3,Signals and Systems,3-1-0,4,Core,,,,,,,,,,,,
2237,Electrical and Electronics Engineering (EEE),B. Tech. in Electrical and Electronics Engineering (EEE) and M. Tech. in Power and Control System,NS,EE2103,3,Electrical Machines – I,2-0-2,3,Core,,,,,,,,,,,,
2238,Electrical and Electronics Engineering (EEE),B. Tech. in Electrical and Electronics Engineering (EEE) and M. Tech. in Power and Control System,NS,HS21PQ,3,HSS Elective I,3-0-0,3,HS1,,,,,,,,,,,,
2239,Electrical and Electronics Engineering (EEE),B. Tech. in Electrical and Electronics Engineering (EEE) and M. Tech. in Power and Control System,NS,EC2201,4,Digital Electronics,3-0-2,4,Core,,,,,,,,,,,,
2240,Electrical and Electronics Engineering (EEE),B. Tech. in Electrical and Electronics Engineering (EEE) and M. Tech. in Power and Control System,NS,EC2202,4,Microprocessor,2-0-2,3,Core,,,,,,,,,,,,
2241,Electrical and Electronics Engineering (EEE),B. Tech. in Electrical and Electronics Engineering (EEE) and M. Tech. in Power and Control System,NS,EE2201,4,Control Systems,3-0-2,4,Core,,,,,,,,,,,,
2242,Electrical and Electronics Engineering (EEE),B. Tech. in Electrical and Electronics Engineering (EEE) and M. Tech. in Power and Control System,NS,EE2202,4,Electrical Machines-II,2-0-2,3,Core,,,,,,,,,,,,
2243,Electrical and Electronics Engineering (EEE),B. Tech. in Electrical and Electronics Engineering (EEE) and M. Tech. in Power and Control System,NS,EC2204,4,Internet of Things,3-0-0,3,Core,,,,,,,,,,,,
2244,Electrical and Electronics Engineering (EEE),B. Tech. in Electrical and Electronics Engineering (EEE) and M. Tech. in Power and Control System,NS,XX22PQ,4,IDE I,3-0-0,3,IDE1,,,,,,,,,,,,
2245,Electrical and Electronics Engineering (EEE),B. Tech. in Electrical and Electronics Engineering (EEE) and M. Tech. in Power and Control System,NS,EC3101,5,Microcontroller and Embedded System,3-0-2,4,Core,,,,,,,,,,,,
2246,Electrical and Electronics Engineering (EEE),B. Tech. in Electrical and Electronics Engineering (EEE) and M. Tech. in Power and Control System,NS,EE3101,5,Power Systems-I,2-0-2,3,Core,,,,,,,,,,,,
2247,Electrical and Electronics Engineering (EEE),B. Tech. in Electrical and Electronics Engineering (EEE) and M. Tech. in Power and Control System,NS,EE3102,5,Modern Control Theory,3-0-2,4,Core,,,,,,,,,,,,
2248,Electrical and Electronics Engineering (EEE),B. Tech. in Electrical and Electronics Engineering (EEE) and M. Tech. in Power and Control System,NS,EC3104,5,Engineering Electromagnetics,3-0-0,3,Core,,,,,,,,,,,,
2249,Electrical and Electronics Engineering (EEE),B. Tech. in Electrical and Electronics Engineering (EEE) and M. Tech. in Power and Control System,NS,EC3105,5,Random Signals and Stochastic Processes,3-0-0,3,Core,,,,,,,,,,,,
2250,Electrical and Electronics Engineering (EEE),B. Tech. in Electrical and Electronics Engineering (EEE) and M. Tech. in Power and Control System,NS,XX31PQ,5,IDE II,3-0-0,3,IDE2,,,,,,,,,,,,
2251,Electrical and Electronics Engineering (EEE),B. Tech. in Electrical and Electronics Engineering (EEE) and M. Tech. in Power and Control System,NS,EE3201,6,Fundamentals of Electric Drives,3-0-2,4,Core,,,,,,,,,,,,
2252,Electrical and Electronics Engineering (EEE),B. Tech. in Electrical and Electronics Engineering (EEE) and M. Tech. in Power and Control System,NS,EC3202,6,Digital Signal Processing,3-0-2,4,Core,,,,,,,,,,,,
2253,Electrical and Electronics Engineering (EEE),B. Tech. in Electrical and Electronics Engineering (EEE) and M. Tech. in Power and Control System,NS,EC3203,6,Introduction to AI/ML,3-0-0,3,Core,,,,,,,,,,,,
2254,Electrical and Electronics Engineering (EEE),B. Tech. in Electrical and Electronics Engineering (EEE) and M. Tech. in Power and Control System,NS,EE3202,6,Power System II,3-0-2,4,Core,,,,,,,,,,,,
2255,Electrical and Electronics Engineering (EEE),B. Tech. in Electrical and Electronics Engineering (EEE) and M. Tech. in Power and Control System,NS,EE3203,6,Power Electronics,3-0-2,4,Core,,,,,,,,,,,,
2256,Electrical and Electronics Engineering (EEE),B. Tech. in Electrical and Electronics Engineering (EEE) and M. Tech. in Power and Control System,NS,EE3204,6,Electrical Machine Design,1-0-2,2,Core,,,,,,,,,,,,
2257,Electrical and Electronics Engineering (EEE),B. Tech. in Electrical and Electronics Engineering (EEE) and M. Tech. in Power and Control System,NS,EE41xx,7,B. Tech. Elective – I,3-0-0,3,BTE1,,,,,,,,,,,,
2258,Electrical and Electronics Engineering (EEE),B. Tech. in Electrical and Electronics Engineering (EEE) and M. Tech. in Power and Control System,NS,EE41xx,7,B. Tech. Elective – II,3-0-0,3,BTE2,,,,,,,,,,,,
2259,Electrical and Electronics Engineering (EEE),B. Tech. in Electrical and Electronics Engineering (EEE) and M. Tech. in Power and Control System,NS,HS41PQ,7,HSS Elective - II,3-0-0,3,HS2,,,,,,,,,,,,
2260,Electrical and Electronics Engineering (EEE),B. Tech. in Electrical and Electronics Engineering (EEE) and M. Tech. in Power and Control System,NS,XX41PQ,7,IDE - III,3-0-0,3,IDE3,,,,,,,,,,,,
2261,Electrical and Electronics Engineering (EEE),B. Tech. in Electrical and Electronics Engineering (EEE) and M. Tech. in Power and Control System,NS,EE4196,7,Summer Internship*,0-0-12,3,SI,,,,,,,,,,,,
2262,Electrical and Electronics Engineering (EEE),B. Tech. in Electrical and Electronics Engineering (EEE) and M. Tech. in Power and Control System,NS,EE4197,7,Project – I,0-0-12,6,P1,,,,,,,,,,,,
2263,Electrical and Electronics Engineering (EEE),B. Tech. in Electrical and Electronics Engineering (EEE) and M. Tech. in Power and Control System,NS,EE5101,7,Computer Aided Power System Analysis,3-0-2,4,Core,,,,,,,,,,,,
2264,Electrical and Electronics Engineering (EEE),B. Tech. in Electrical and Electronics Engineering (EEE) and M. Tech. in Power and Control System,NS,EE5201,8,"Power System Dynamics, Control and Protection",3-0-2,4,Core,,,,,,,,,,,,
2265,Electrical and Electronics Engineering (EEE),B. Tech. in Electrical and Electronics Engineering (EEE) and M. Tech. in Power and Control System,NS,EE5202,8,Nonlinear Dynamical Systems,3-0-2,4,Core,,,,,,,,,,,,
2266,Electrical and Electronics Engineering (EEE),B. Tech. in Electrical and Electronics Engineering (EEE) and M. Tech. in Power and Control System,NS,XX52PQ/XX62PQ,8,M. Tech. Elective – I,3-0-0,3,MTE1,,,,,,,,,,,,
2267,Electrical and Electronics Engineering (EEE),B. Tech. in Electrical and Electronics Engineering (EEE) and M. Tech. in Power and Control System,NS,EE4297,8,Project – II,0-0-12,6,P2,,,,,,,,,,,,
2268,Electrical and Electronics Engineering (EEE),B. Tech. in Electrical and Electronics Engineering (EEE) and M. Tech. in Power and Control System,NS,RM6201,8,Research Methodology,3-1-0,4,RM,,,,,,,,,,,,
2269,Electrical and Electronics Engineering (EEE),B. Tech. in Electrical and Electronics Engineering (EEE) and M. Tech. in Power and Control System,NS,XX52PQ/XX62PQ,9,M. Tech. Elective – II,3-0-0,3,MTE2,,,,,,,,,,,,
2270,Electrical and Electronics Engineering (EEE),B. Tech. in Electrical and Electronics Engineering (EEE) and M. Tech. in Power and Control System,NS,XX52PQ/XX62PQ,9,M. Tech. Elective – III,3-0-0,3,MTE3,,,,,,,,,,,,
2271,Electrical and Electronics Engineering (EEE),B. Tech. in Electrical and Electronics Engineering (EEE) and M. Tech. in Power and Control System,NS,XX52PQ/XX62PQ,9,M. Tech. Elective – IV,3-0-0,3,MTE4,,,,,,,,,,,,
2272,Electrical and Electronics Engineering (EEE),B. Tech. in Electrical and Electronics Engineering (EEE) and M. Tech. in Power and Control System,NS,EE5197,9,Project – III,0-0-16,8,P3,,,,,,,,,,,,
2273,Electrical and Electronics Engineering (EEE),B. Tech. in Electrical and Electronics Engineering (EEE) and M. Tech. in Power and Control System,NS,EE5297,10,Project IV,0-0-36,18,P4,,,,,,,,,,,,
2274,,,,,,,,,,,,,,,,,,,,,
2275,,,,,,,,,,,,,,,,,,,,,
2276,,,,,,,,,,,,,,,,,,,,,
2277,,,,,,,,,,,,,,,,,,,,,
2278,,,,,,,,,,,,,,,,,,,,,
2279,,,,,,,,,,,,,,,,,,,,,
2280,,,,,,,,,,,,,,,,,,,,,
Lokesh Singla,,,,,,,,,,,,,,,,,,,,,
2281,Electrical Engineering,B. Tech.–M. Tech. Dual Degree in Communication System and Signal Processing (CSSP),NS,MA1101,1,Calculus and Linear Algebra,3-1-0,4,Core,0,,,,,,,,,,,
2282,Electrical Engineering,B. Tech.–M. Tech. Dual Degree in Communication System and Signal Processing (CSSP),NS,CS1101,1,Foundations of Programming ,3-0-3,4.5,Core,0,,,,,,,,,,,
2283,Electrical Engineering,B. Tech.–M. Tech. Dual Degree in Communication System and Signal Processing (CSSP),NS,PH1101/PH1201,1,Physics,3-1-3,5.5,Core,0,,,,,,,,,,,
2284,Electrical Engineering,B. Tech.–M. Tech. Dual Degree in Communication System and Signal Processing (CSSP),NS,CE1101/CE1201,1,Engineering Graphics,1-0-3,2.5,Core,0,,,,,,,,,,,
2285,Electrical Engineering,B. Tech.–M. Tech. Dual Degree in Communication System and Signal Processing (CSSP),NS,EE1101/EE1201,1,Electrical Sciences,3-0-3,4.5,Core,0,,,,,,,,,,,
2286,Electrical Engineering,B. Tech.–M. Tech. Dual Degree in Communication System and Signal Processing (CSSP),NS,HS1101,1,English for Professionals,2-0-1,2.5,Core,0,,,,,,,,,,,
2287,Electrical Engineering,B. Tech.–M. Tech. Dual Degree in Communication System and Signal Processing (CSSP),NS,MA1201,2,Probability Theory and Ordinary Differential Equations,3-1-0,4,Core,0,,,,,,,,,,,
2288,Electrical Engineering,B. Tech.–M. Tech. Dual Degree in Communication System and Signal Processing (CSSP),NS,CS1201,2,Data Structure,3-0-3,4.5,Core,0,,,,,,,,,,,
2289,Electrical Engineering,B. Tech.–M. Tech. Dual Degree in Communication System and Signal Processing (CSSP),NS,CH1201/CH1101,2,Chemistry,3-1-3,5.5,Core,0,,,,,,,,,,,
2290,Electrical Engineering,B. Tech.–M. Tech. Dual Degree in Communication System and Signal Processing (CSSP),NS,ME1201/ME1101,2,Mechanical Fabrication,0-0-3,1.5,Core,0,,,,,,,,,,,
2291,Electrical Engineering,B. Tech.–M. Tech. Dual Degree in Communication System and Signal Processing (CSSP),NS,ME1202/ME1102,2,Engineering Mechanics,3-1-0,4,Core,0,,,,,,,,,,,
2292,Electrical Engineering,B. Tech.–M. Tech. Dual Degree in Communication System and Signal Processing (CSSP),NS,IK1101,2,Indian Knowledge System(IKS),3-0-0,3,IKS,0,,,,,,,,,,,
2293,Electrical Engineering,B. Tech.–M. Tech. Dual Degree in Communication System and Signal Processing (CSSP),NS,EE2101,3,Measurements and Instrumentation,3-0-2,4,Core,0,,,,,,,,,,,
2294,Electrical Engineering,B. Tech.–M. Tech. Dual Degree in Communication System and Signal Processing (CSSP),NS,EE2102,3,Network Analysis and Synthesis,3-0-0,3,Core,0,,,,,,,,,,,
2295,Electrical Engineering,B. Tech.–M. Tech. Dual Degree in Communication System and Signal Processing (CSSP),NS,EC2101,3,Analog Circuits,3-0-2,4,Core,0,,,,,,,,,,,
2296,Electrical Engineering,B. Tech.–M. Tech. Dual Degree in Communication System and Signal Processing (CSSP),NS,EC2102,3,Signals and Systems,3-1-0,4,Core,0,,,,,,,,,,,
2297,Electrical Engineering,B. Tech.–M. Tech. Dual Degree in Communication System and Signal Processing (CSSP),NS,EC2103,3,Semiconductor Devices,3-0-2,4,Core,0,,,,,,,,,,,
2298,Electrical Engineering,B. Tech.–M. Tech. Dual Degree in Communication System and Signal Processing (CSSP),NS,HS21PQ,3,HSS Elective - I,3-0-0,3,HS1,0,,,,,,,,,,,
2299,Electrical Engineering,B. Tech.–M. Tech. Dual Degree in Communication System and Signal Processing (CSSP),NS,EC2201,4,Digital Electronics,3-0-2,4,Core,0,,,,,,,,,,,
2300,Electrical Engineering,B. Tech.–M. Tech. Dual Degree in Communication System and Signal Processing (CSSP),NS,EC2202,4,Microprocessor,2-0-2,3,Core,0,,,,,,,,,,,
2301,Electrical Engineering,B. Tech.–M. Tech. Dual Degree in Communication System and Signal Processing (CSSP),NS,EE2201,4,Control Systems,3-0-2,4,Core,0,,,,,,,,,,,
2302,Electrical Engineering,B. Tech.–M. Tech. Dual Degree in Communication System and Signal Processing (CSSP),NS,EC2203,4,Computer Organization and Architecture,3-0-0,3,Core,0,,,,,,,,,,,
2303,Electrical Engineering,B. Tech.–M. Tech. Dual Degree in Communication System and Signal Processing (CSSP),NS,EC2204,4,Internet of Things,3-0-0,3,Core,0,,,,,,,,,,,
2304,Electrical Engineering,B. Tech.–M. Tech. Dual Degree in Communication System and Signal Processing (CSSP),NS,XX22PQ,4,IDE - I,3-0-0,3,IDE1,0,,,,,,,,,,,
2305,Electrical Engineering,B. Tech.–M. Tech. Dual Degree in Communication System and Signal Processing (CSSP),NS,EC3101,5,Microcontroller and Embedded System,3-0-2,4,Core,0,,,,,,,,,,,
2306,Electrical Engineering,B. Tech.–M. Tech. Dual Degree in Communication System and Signal Processing (CSSP),NS,EE3102,5,VLSI Design,3-0-2,4,Core,0,,,,,,,,,,,
2307,Electrical Engineering,B. Tech.–M. Tech. Dual Degree in Communication System and Signal Processing (CSSP),NS,EC3103,5,Analog Communication,3-0-2,4,Core,0,,,,,,,,,,,
2308,Electrical Engineering,B. Tech.–M. Tech. Dual Degree in Communication System and Signal Processing (CSSP),NS,EC3104,5,Engineering Electromagnetics,3-0-0,3,Core,0,,,,,,,,,,,
2309,Electrical Engineering,B. Tech.–M. Tech. Dual Degree in Communication System and Signal Processing (CSSP),NS,EC3105,5,Random Signals and Stochastic Processes,3-0-0,3,Core,0,,,,,,,,,,,
2310,Electrical Engineering,B. Tech.–M. Tech. Dual Degree in Communication System and Signal Processing (CSSP),NS,XX31PQ,5,IDE - II,3-0-0,3,IDE2,0,,,,,,,,,,,
2311,Electrical Engineering,B. Tech.–M. Tech. Dual Degree in Communication System and Signal Processing (CSSP),NS,EC3201,6,Digital Communication,3-0-2,4,Core,0,,,,,,,,,,,
2312,Electrical Engineering,B. Tech.–M. Tech. Dual Degree in Communication System and Signal Processing (CSSP),NS,EC3202,6,Digital Signal Processing,3-0-2,4,Core,0,,,,,,,,,,,
2313,Electrical Engineering,B. Tech.–M. Tech. Dual Degree in Communication System and Signal Processing (CSSP),NS,EC3203,6,Introduction to AI/ML,3-0-0,3,Core,0,,,,,,,,,,,
2314,Electrical Engineering,B. Tech.–M. Tech. Dual Degree in Communication System and Signal Processing (CSSP),NS,EC3204,6,Low     Power     MOSFETs     Design     and Modeling,3-0-0,3,Core,0,,,,,,,,,,,
2315,Electrical Engineering,B. Tech.–M. Tech. Dual Degree in Communication System and Signal Processing (CSSP),NS,EC3205,6,Introduction to Wireless Communications,3-0-0,3,Core,0,,,,,,,,,,,
2316,Electrical Engineering,B. Tech.–M. Tech. Dual Degree in Communication System and Signal Processing (CSSP),NS,EC3206,6,RF Systems,3-0-0,3,Core,0,,,,,,,,,,,
2317,Electrical Engineering,B. Tech.–M. Tech. Dual Degree in Communication System and Signal Processing (CSSP),NS,EC41XX,7,B. Tech. Elective - I,3-0-0,3,BTE1,0,,,,,,,,,,,
2318,Electrical Engineering,B. Tech.–M. Tech. Dual Degree in Communication System and Signal Processing (CSSP),NS,EC41XX,7,B. Tech. Elective - II,3-0-0,3,BTE2,0,,,,,,,,,,,
2319,Electrical Engineering,B. Tech.–M. Tech. Dual Degree in Communication System and Signal Processing (CSSP),NS,XX41PQ,7,IDE - III,3-0-0,3,IDE3,0,,,,,,,,,,,
2320,Electrical Engineering,B. Tech.–M. Tech. Dual Degree in Communication System and Signal Processing (CSSP),NS,HS41PQ,7,HSS Elective - II,3-0-0,3,HS2,0,,,,,,,,,,,
2321,Electrical Engineering,B. Tech.–M. Tech. Dual Degree in Communication System and Signal Processing (CSSP),NS,EC4196,7,Summer Internship*,0-0-12,3,SI,0,,,,,,,,,,,
2322,Electrical Engineering,B. Tech.–M. Tech. Dual Degree in Communication System and Signal Processing (CSSP),NS,EC4197,7,Project – I,0-0-12,6,P1,0,,,,,,,,,,,
2323,Electrical Engineering,B. Tech.–M. Tech. Dual Degree in Communication System and Signal Processing (CSSP),NS,EC5101,7,Information Theory and Coding,3-1-0,4,Core,0,,,,,,,,,,,
2324,Electrical Engineering,B. Tech.–M. Tech. Dual Degree in Communication System and Signal Processing (CSSP),NS,RM6201,8,Research Methodology,3-1-0,4,RM,0,,,,,,,,,,,
2325,Electrical Engineering,B. Tech.–M. Tech. Dual Degree in Communication System and Signal Processing (CSSP),NS,EC5201,8,Wireless Communication,3-0-2,4,Core,0,,,,,,,,,,,
2326,Electrical Engineering,B. Tech.–M. Tech. Dual Degree in Communication System and Signal Processing (CSSP),NS,EC5202,8,Advanced Communication Systems,3-0-2,4,Core,0,,,,,,,,,,,
2327,Electrical Engineering,B. Tech.–M. Tech. Dual Degree in Communication System and Signal Processing (CSSP),NS,XX52PQ/XX62 PQ,8,M. Tech. Elective - I,3-0-0,3,MTE1,0,,,,,,,,,,,
2328,Electrical Engineering,B. Tech.–M. Tech. Dual Degree in Communication System and Signal Processing (CSSP),NS,EC4297,8,Project - II,0-0-12,6,P2,0,,,,,,,,,,,
2329,Electrical Engineering,B. Tech.–M. Tech. Dual Degree in Communication System and Signal Processing (CSSP),NS,XX52PQ/XX62 PQ,9,M. Tech. Elective - II,3-0-0,3,MTE2,0,,,,,,,,,,,
2330,Electrical Engineering,B. Tech.–M. Tech. Dual Degree in Communication System and Signal Processing (CSSP),NS,XX52PQ/XX62 PQ,9,M Tech Elective - III,3-0-0,3,MTE3,0,,,,,,,,,,,
2331,Electrical Engineering,B. Tech.–M. Tech. Dual Degree in Communication System and Signal Processing (CSSP),NS,XX52PQ/XX62 PQ,9,M Tech Elective - IV,3-0-0,3,MTE4,0,,,,,,,,,,,
2332,Electrical Engineering,B. Tech.–M. Tech. Dual Degree in Communication System and Signal Processing (CSSP),NS,EC5197,9,Project III,0-0-16,8,P3,0,,,,,,,,,,,
2333,Electrical Engineering,B. Tech.–M. Tech. Dual Degree in Communication System and Signal Processing (CSSP),NS,EC5297,10,Project IV,0-0-36,18,P4,0,,,,,,,,,,,
2334,,,,,,,,,,,,,,,,,,,,,
2335,,,,,,,,,,,,,,,,,,,,,
2336,,,,,,,,,,,,,,,,,,,,,
2337,,,,,,,,,,,,,,,,,,,,,
2338,,,,,,,,,,,,,,,,,,,,,
2339,,,,,,,,,,,,,,,,,,,,,
2340,,,,,,,,,,,,,,,,,,,,,
Hrishikesh Choudhary,,,,,,,,,,,,,,,,,,,,,
2341,Electrical Engineering,B. Tech. in Electronics and Communication Engineering (ECE) and M. Tech. in VLSI and Embedded Systems,NS,MA1101,1,Calculus and Linear Algebra,3-1-0,4,Core,0,,,,,,,,,,,
2342,Electrical Engineering,B. Tech. in Electronics and Communication Engineering (ECE) and M. Tech. in VLSI and Embedded Systems,NS,CS1101,1,Foundations of Programming ,3-0-3,4.5,Core,0,,,,,,,,,,,
2343,Electrical Engineering,B. Tech. in Electronics and Communication Engineering (ECE) and M. Tech. in VLSI and Embedded Systems,NS,PH1101/PH1201,1,Physics,3-1-3,5.5,Core,0,,,,,,,,,,,
2344,Electrical Engineering,B. Tech. in Electronics and Communication Engineering (ECE) and M. Tech. in VLSI and Embedded Systems,NS,CE1101/CE1201,1,Engineering Graphics,1-0-3,2.5,Core,0,,,,,,,,,,,
2345,Electrical Engineering,B. Tech. in Electronics and Communication Engineering (ECE) and M. Tech. in VLSI and Embedded Systems,NS,EE1101/EE1201,1,Electrical Sciences,3-0-3,4.5,Core,0,,,,,,,,,,,
2346,Electrical Engineering,B. Tech. in Electronics and Communication Engineering (ECE) and M. Tech. in VLSI and Embedded Systems,NS,HS1101,1,English for Professionals,2-0-1,2.5,Core,0,,,,,,,,,,,
2347,Electrical Engineering,B. Tech. in Electronics and Communication Engineering (ECE) and M. Tech. in VLSI and Embedded Systems,NS,MA1201,2,Probability Theory and Ordinary Differential Equations,3-1-0,4,Core,0,,,,,,,,,,,
2348,Electrical Engineering,B. Tech. in Electronics and Communication Engineering (ECE) and M. Tech. in VLSI and Embedded Systems,NS,CS1201,2,Data Structure,3-0-3,4.5,Core,0,,,,,,,,,,,
2349,Electrical Engineering,B. Tech. in Electronics and Communication Engineering (ECE) and M. Tech. in VLSI and Embedded Systems,NS,CH1201/CH1101,2,Chemistry,3-1-3,5.5,Core,0,,,,,,,,,,,
2350,Electrical Engineering,B. Tech. in Electronics and Communication Engineering (ECE) and M. Tech. in VLSI and Embedded Systems,NS,ME1201/ME1101,2,Mechanical Fabrication,0-0-3,1.5,Core,0,,,,,,,,,,,
2351,Electrical Engineering,B. Tech. in Electronics and Communication Engineering (ECE) and M. Tech. in VLSI and Embedded Systems,NS,ME1202/ME1102,2,Engineering Mechanics,3-1-0,4,Core,0,,,,,,,,,,,
2352,Electrical Engineering,B. Tech. in Electronics and Communication Engineering (ECE) and M. Tech. in VLSI and Embedded Systems,NS,IK1101,2,Indian Knowledge System(IKS),3-0-0,3,IKS,0,,,,,,,,,,,
2353,Electrical Engineering,B. Tech. in Electronics and Communication Engineering (ECE) and M. Tech. in VLSI and Embedded Systems,NS,EE2101,3,Measurements and Instrumentation,3-0-2,4,Core,0,,,,,,,,,,,
2354,Electrical Engineering,B. Tech. in Electronics and Communication Engineering (ECE) and M. Tech. in VLSI and Embedded Systems,NS,EE2102,3,Network Analysis and Synthesis,3-0-0,3,Core,0,,,,,,,,,,,
2355,Electrical Engineering,B. Tech. in Electronics and Communication Engineering (ECE) and M. Tech. in VLSI and Embedded Systems,NS,EC2101,3,Analog Circuits,3-0-2,4,Core,0,,,,,,,,,,,
2356,Electrical Engineering,B. Tech. in Electronics and Communication Engineering (ECE) and M. Tech. in VLSI and Embedded Systems,NS,EC2102,3,Signals and Systems,3-1-0,4,Core,0,,,,,,,,,,,
2357,Electrical Engineering,B. Tech. in Electronics and Communication Engineering (ECE) and M. Tech. in VLSI and Embedded Systems,NS,EC2103,3,Semiconductor Devices,3-0-2,4,Core,0,,,,,,,,,,,
2358,Electrical Engineering,B. Tech. in Electronics and Communication Engineering (ECE) and M. Tech. in VLSI and Embedded Systems,NS,HS21PQ,3,HSS Elective - I,3-0-0,3,HS1,0,,,,,,,,,,,
2359,Electrical Engineering,B. Tech. in Electronics and Communication Engineering (ECE) and M. Tech. in VLSI and Embedded Systems,NS,EC2201,4,Digital Electronics,3-0-2,4,Core,0,,,,,,,,,,,
2360,Electrical Engineering,B. Tech. in Electronics and Communication Engineering (ECE) and M. Tech. in VLSI and Embedded Systems,NS,EC2202,4,Microprocessor,2-0-2,3,Core,0,,,,,,,,,,,
2361,Electrical Engineering,B. Tech. in Electronics and Communication Engineering (ECE) and M. Tech. in VLSI and Embedded Systems,NS,EE2201,4,Control Systems,3-0-2,4,Core,0,,,,,,,,,,,
2362,Electrical Engineering,B. Tech. in Electronics and Communication Engineering (ECE) and M. Tech. in VLSI and Embedded Systems,NS,EC2203,4,Computer Organization and Architecture,3-0-0,3,Core,0,,,,,,,,,,,
2363,Electrical Engineering,B. Tech. in Electronics and Communication Engineering (ECE) and M. Tech. in VLSI and Embedded Systems,NS,EC2204,4,Internet of Things,3-0-0,3,Core,0,,,,,,,,,,,
2364,Electrical Engineering,B. Tech. in Electronics and Communication Engineering (ECE) and M. Tech. in VLSI and Embedded Systems,NS,XX22PQ,4,IDE - I,3-0-0,3,IDE1,0,,,,,,,,,,,
2365,Electrical Engineering,B. Tech. in Electronics and Communication Engineering (ECE) and M. Tech. in VLSI and Embedded Systems,NS,EC3101,5,Microcontroller and Embedded System,3-0-2,4,Core,0,,,,,,,,,,,
2366,Electrical Engineering,B. Tech. in Electronics and Communication Engineering (ECE) and M. Tech. in VLSI and Embedded Systems,NS,EE3102,5,VLSI Design,3-0-2,4,Core,0,,,,,,,,,,,
2367,Electrical Engineering,B. Tech. in Electronics and Communication Engineering (ECE) and M. Tech. in VLSI and Embedded Systems,NS,EC3103,5,Analog Communication,3-0-2,4,Core,0,,,,,,,,,,,
2368,Electrical Engineering,B. Tech. in Electronics and Communication Engineering (ECE) and M. Tech. in VLSI and Embedded Systems,NS,EC3104,5,Engineering Electromagnetics,3-0-0,3,Core,0,,,,,,,,,,,
2369,Electrical Engineering,B. Tech. in Electronics and Communication Engineering (ECE) and M. Tech. in VLSI and Embedded Systems,NS,EC3105,5,Random Signals and Stochastic Processes,3-0-0,3,Core,0,,,,,,,,,,,
2370,Electrical Engineering,B. Tech. in Electronics and Communication Engineering (ECE) and M. Tech. in VLSI and Embedded Systems,NS,XX31PQ,5,IDE - II,3-0-0,3,IDE2,0,,,,,,,,,,,
2371,Electrical Engineering,B. Tech. in Electronics and Communication Engineering (ECE) and M. Tech. in VLSI and Embedded Systems,NS,EC3201,6,Digital Communication,3-0-2,4,Core,0,,,,,,,,,,,
2372,Electrical Engineering,B. Tech. in Electronics and Communication Engineering (ECE) and M. Tech. in VLSI and Embedded Systems,NS,EC3202,6,Digital Signal Processing,3-0-2,4,Core,0,,,,,,,,,,,
2373,Electrical Engineering,B. Tech. in Electronics and Communication Engineering (ECE) and M. Tech. in VLSI and Embedded Systems,NS,EC3203,6,Introduction to AI/ML,3-0-0,3,Core,0,,,,,,,,,,,
2374,Electrical Engineering,B. Tech. in Electronics and Communication Engineering (ECE) and M. Tech. in VLSI and Embedded Systems,NS,EC3204,6,Low Power MOSFETs Design and Modelling,3-0-0,3,Core,0,,,,,,,,,,,
2375,Electrical Engineering,B. Tech. in Electronics and Communication Engineering (ECE) and M. Tech. in VLSI and Embedded Systems,NS,EC3205,6,Introduction to Wireless Communications,3-0-0,3,Core,0,,,,,,,,,,,
2376,Electrical Engineering,B. Tech. in Electronics and Communication Engineering (ECE) and M. Tech. in VLSI and Embedded Systems,NS,EC3206,6,RF Systems,3-0-0,3,Core,0,,,,,,,,,,,
2377,Electrical Engineering,B. Tech. in Electronics and Communication Engineering (ECE) and M. Tech. in VLSI and Embedded Systems,NS,EC41PQ,7,B. Tech. Elective - I,3-0-0,3,BTE1,0,,,,,,,,,,,
2378,Electrical Engineering,B. Tech. in Electronics and Communication Engineering (ECE) and M. Tech. in VLSI and Embedded Systems,NS,EC41PQ,7,B. Tech. Elective  - II,3-0-0,3,BTE2,0,,,,,,,,,,,
2379,Electrical Engineering,B. Tech. in Electronics and Communication Engineering (ECE) and M. Tech. in VLSI and Embedded Systems,NS,XX41PQ,7,IDE - III,3-0-0,3,IDE3,0,,,,,,,,,,,
2380,Electrical Engineering,B. Tech. in Electronics and Communication Engineering (ECE) and M. Tech. in VLSI and Embedded Systems,NS,HS41PQ,7,HSS Elective - II,3-0-0,3,HS2,0,,,,,,,,,,,
2381,Electrical Engineering,B. Tech. in Electronics and Communication Engineering (ECE) and M. Tech. in VLSI and Embedded Systems,NS,EC4194,7,Summer Internship,0-0-6,3,SI,0,,,,,,,,,,,
2382,Electrical Engineering,B. Tech. in Electronics and Communication Engineering (ECE) and M. Tech. in VLSI and Embedded Systems,NS,EC4195,7,Project - I,0-0-12,6,P1,0,,,,,,,,,,,
2383,Electrical Engineering,B. Tech. in Electronics and Communication Engineering (ECE) and M. Tech. in VLSI and Embedded Systems,NS,EC5151,7,Digital VLSI Systems,3-0-2,4,Core,0,,,,,,,,,,,
2384,Electrical Engineering,B. Tech. in Electronics and Communication Engineering (ECE) and M. Tech. in VLSI and Embedded Systems,NS,RM6201,8,Research Methodology,3-1-0,4,RM,0,,,,,,,,,,,
2385,Electrical Engineering,B. Tech. in Electronics and Communication Engineering (ECE) and M. Tech. in VLSI and Embedded Systems,NS,EC5251,8,Analog and Mixed Signal Integrated Circuits,3-0-2,4,Core,0,,,,,,,,,,,
2386,Electrical Engineering,B. Tech. in Electronics and Communication Engineering (ECE) and M. Tech. in VLSI and Embedded Systems,NS,EC5252,8,High Performance Embedded Computing system,3-0-2,4,Core,0,,,,,,,,,,,
2387,Electrical Engineering,B. Tech. in Electronics and Communication Engineering (ECE) and M. Tech. in VLSI and Embedded Systems,NS,EC52PQ,8,M. Tech. Elective - I,3-0-0,3,MTE1,0,,,,,,,,,,,
2388,Electrical Engineering,B. Tech. in Electronics and Communication Engineering (ECE) and M. Tech. in VLSI and Embedded Systems,NS,EC4295,8,Project - II,0-0-12,6,P2,0,,,,,,,,,,,
2389,Electrical Engineering,B. Tech. in Electronics and Communication Engineering (ECE) and M. Tech. in VLSI and Embedded Systems,NS,EC51PQ/EC61PQ,9,M. Tech. Elective – II,3-0-0,3,MTE2,0,,,,,,,,,,,
2390,Electrical Engineering,B. Tech. in Electronics and Communication Engineering (ECE) and M. Tech. in VLSI and Embedded Systems,NS,XX51PQ/XX61PQ,9,M. Tech. Elective – III,3-0-0,3,MTE3,0,,,,,,,,,,,
2391,Electrical Engineering,B. Tech. in Electronics and Communication Engineering (ECE) and M. Tech. in VLSI and Embedded Systems,NS,EC51PQ/EC61PQ,9,M. Tech. Elective - IV,3-0-0,3,MTE4,0,,,,,,,,,,,
2392,Electrical Engineering,B. Tech. in Electronics and Communication Engineering (ECE) and M. Tech. in VLSI and Embedded Systems,NS,EC5195,9,Project – III,0--0-16,8,P3,0,,,,,,,,,,,
2393,Electrical Engineering,B. Tech. in Electronics and Communication Engineering (ECE) and M. Tech. in VLSI and Embedded Systems,NS,EC5295,10,Project – IV,0-0-36,18,P4,0,,,,,,,,,,,
2394,,,,,,,,,,,,,,,,,,,,,
2395,,,,,,,,,,,,,,,,,,,,,
2396,,,,,,,,,,,,,,,,,,,,,
2397,,,,,,,,,,,,,,,,,,,,,
2398,,,,,,,,,,,,,,,,,,,,,
2399,,,,,,,,,,,,,,,,,,,,,
2400,,,,,,,,,,,,,,,,,,,,,
Isha Jaiswal,,,,,,,,,,,,,,,,,,,,,
2401,Mechanical Engineering and Mechatronics,,NS,MA1101,1,Calculus and Linear Algebra,3-1-0,4,Core,0,,,,,,,,,,,
2402,Mechanical Engineering and Mechatronics,,NS,CS1101,1,Foundations of Programming,3-0-3,4.5,Core,0,,,,,,,,,,,
2403,Mechanical Engineering and Mechatronics,,NS,PH1101/PH1201,1,Physics,3-1-3,5.5,Core,0,,,,,,,,,,,
2404,Mechanical Engineering and Mechatronics,,NS,CE1101/CE1201,1,Engineering Graphics,1-0-3,2.5,Core,0,,,,,,,,,,,
2405,Mechanical Engineering and Mechatronics,,NS,EE1101/EE1201,1,Electrical Sciences,3-0-3,4.5,Core,0,,,,,,,,,,,
2406,Mechanical Engineering and Mechatronics,,NS,HS1101,1,English for Professionals,2-0-1,2.5,HS,0,,,,,,,,,,,
2407,Mechanical Engineering and Mechatronics,,NS,MA1201,2,Probability Theory and Ordinary Differential Equations,3-1-0,4,Core,0,,,,,,,,,,,
2408,Mechanical Engineering and Mechatronics,,NS,CS1201,2,Data Structure,3-0-3,4.5,Core,0,,,,,,,,,,,
2409,Mechanical Engineering and Mechatronics,,NS,CH1201/CH1101,2,Chemistry,3-1-3,5.5,Core,0,,,,,,,,,,,
2410,Mechanical Engineering and Mechatronics,,NS,ME1201/ME1101,2,Mechanical Fabrication,0-0-3,1.5,Core,0,,,,,,,,,,,
2411,Mechanical Engineering and Mechatronics,,NS,ME1202/ME1102,2,Engineering Mechanics,3-1-0,4,Core,0,,,,,,,,,,,
2412,Mechanical Engineering and Mechatronics,,NS,IK1101,2,Indian Knowledge System (IKS),3-0-0,3,IKS,0,,,,,,,,,,,
2413,Mechanical Engineering and Mechatronics,,NS,ME2101,3,Dynamics,3-1-0,4,Core,0,,,,,,,,,,,
2414,Mechanical Engineering and Mechatronics,,NS,ME2102,3,Thermodynamics,3-1-0,4,Core,0,,,,,,,,,,,
2415,Mechanical Engineering and Mechatronics,,NS,ME2103,3,Fluid Mechanics,3-1-2,5,Core,0,,,,,,,,,,,
2416,Mechanical Engineering and Mechatronics,,NS,ME2104,3,Engineering Materials,3-0-2,4,Core,0,,,,,,,,,,,
2417,Mechanical Engineering and Mechatronics,,NS,HS21PQ,3,HSS Elective – I,3-0-0,3,HS1,0,,,,,,,,,,,
2418,Mechanical Engineering and Mechatronics,,NS,ME2201,4,Kinematics and Dynamics of Mechanisms,3-1-2,5,Core,0,,,,,,,,,,,
2419,Mechanical Engineering and Mechatronics,,NS,ME2202,4,Heat and Mass Transfer,3-1-2,5,Core,0,,,,,,,,,,,
2420,Mechanical Engineering and Mechatronics,,NS,ME2203,4,Mechanics of Solids,3-1-0,4,Core,0,,,,,,,,,,,
2421,Mechanical Engineering and Mechatronics,,NS,ME2204,4,Mechanical Measurements and Instrumentation,3-0-2,4,Core,0,,,,,,,,,,,
2422,Mechanical Engineering and Mechatronics,,NS,XX22PQ,4,IDE1,3-0-0,3,IDE1,0,,,,,,,,,,,
2423,Mechanical Engineering and Mechatronics,,NS,ME3101 ,5,Data Analytics and Machine Learning Tools for Engineers,1-2-1,3.5,Core,0,,,,,,,,,,,
2424,Mechanical Engineering and Mechatronics,,NS,ME3102,5,Design of Machine Elements,3-0-3,4.5,Core,0,,,,,,,,,,,
2425,Mechanical Engineering and Mechatronics,,NS,ME3103,5,Manufacturing Technology- I,3-0-2,4,Core,0,,,,,,,,,,,
2426,Mechanical Engineering and Mechatronics,,NS,ME3104,5,Engineering Software Laboratory,1-0-3,2.5,Core,0,,,,,,,,,,,
2427,Mechanical Engineering and Mechatronics,,NS,ME3105,5,Numerical Methods for Engineer,3-0-0,3,Core,0,,,,,,,,,,,
2428,Mechanical Engineering and Mechatronics,,NS,XX31PQ,5,IDE1I,3-0-0,3,IDE2,0,,,,,,,,,,,
2429,Mechanical Engineering and Mechatronics,,NS,ME3201,6,Applied Thermodynamics and Turbomachinery,3-1-2,5,Core,0,,,,,,,,,,,
2430,Mechanical Engineering and Mechatronics,,NS,ME3202,6,System Dynamics and Control,3-1-2,5,Core,0,,,,,,,,,,,
2431,Mechanical Engineering and Mechatronics,,NS,ME3203,6,Manufacturing Technology -II,3-0-3,4.5,Core,0,,,,,,,,,,,
2432,Mechanical Engineering and Mechatronics,,NS,ME3204,6,Industrial Engineering and Operations Research,3-1-0,4,Core,0,,,,,,,,,,,
2433,Mechanical Engineering and Mechatronics,,NS,ME3205,6,Technical Writing and Presentations,0-0-4,2,Core,0,,,,,,,,,,,
2434,Mechanical Engineering and Mechatronics,,NS,ME41XX,7,Department Elective - I,3-0-0,3,DE1,0,,,,,,,,,,,
2435,Mechanical Engineering and Mechatronics,,NS,ME41XX,7,Department Elective - II,3-0-0,3,DE2,0,,,,,,,,,,,
2436,Mechanical Engineering and Mechatronics,,NS,XX41PQ,7,IDE - III,3-0-0,3,IDE3,0,,,,,,,,,,,
2437,Mechanical Engineering and Mechatronics,,NS,HS41PQ,7,HSS Elective - II,3-0-0,3,HS2,0,,,,,,,,,,,
2438,Mechanical Engineering and Mechatronics,,NS,ME4198,7,Summer Internship,0-0-12,3,SI,0,,,,,,,,,,,
2439,Mechanical Engineering and Mechatronics,,NS,MH4199 ,7,Mechatronics Project-I,0-0-12,6,P1,0,,,,,,,,,,,
2440,Mechanical Engineering and Mechatronics,,NS,MH5101,7,Fundamentals of Mechatronics,3-0-0,3,Core,0,,,,,,,,,,,
2441,Mechanical Engineering and Mechatronics,,NS,EC5152,7,Embedded System,3-0-2,4,Core,0,,,,,,,,,,,
2442,Mechanical Engineering and Mechatronics,,NS,RM6201 ,8,Research Methodology,3-1-0,4,RM,0,,,,,,,,,,,
2443,Mechanical Engineering and Mechatronics,,NS,MH520,8,Sensors and Actuators,3-0-0,3,Core,0,,,,,,,,,,,
2444,Mechanical Engineering and Mechatronics,,NS,MH5202,8,Modeling and Simulation of Mechatronics Systems,3-0-0,3,Core,0,,,,,,,,,,,
2445,Mechanical Engineering and Mechatronics,,NS,XX62PQ,8,Mechatronics Elective – I,3-0-0,3,MTE1,0,,,,,,,,,,,
2446,Mechanical Engineering and Mechatronics,,NS,MH4299,8,Project-II,0-0-12,6,P2,0,,,,,,,,,,,
2447,Mechanical Engineering and Mechatronics,,NS,ME51XX/ME61XX,9,M. Tech. Elective - II,3-0-0,3,MTE2,0,,,,,,,,,,,
2448,Mechanical Engineering and Mechatronics,,NS,ME51XX/ME61XX,9,M. Tech. Elective - III,3-0-0,3,MTE3,0,,,,,,,,,,,
2449,Mechanical Engineering and Mechatronics,,NS,ME51XX/EE51XX,9,M. Tech. / Program Elective - IV,3-0-0,3,MTE4,0,,,,,,,,,,,
2450,Mechanical Engineering and Mechatronics,,NS,MH5199,9,Mechatronics Project-III,0-0-16,8,P3,0,,,,,,,,,,,
2451,Mechanical Engineering and Mechatronics,,NS,MH5299 ,10,Mechatronics Project-IV,0-0-36,18,P4,0,,,,,,,,,,,
2452,,,,,,,,,,,,,,,,,,,,,
2453,,,,,,,,,,,,,,,,,,,,,
2454,,,,,,,,,,,,,,,,,,,,,
2455,,,,,,,,,,,,,,,,,,,,,
2456,,,,,,,,,,,,,,,,,,,,,
2457,,,,,,,,,,,,,,,,,,,,,
2458,,,,,,,,,,,,,,,,,,,,,
2459,,,,,,,,,,,,,,,,,,,,,
2460,,,,,,,,,,,,,,,,,,,,,
Jatin Singla,,,,,,,,,,,,,,,,,,,,,
2461,BS in Economics,BS in Economics,NS,MA1101,1,Calculus and Linear Algebra,3-1-0,4,Core,0,,,,,,,,,,,
2462,BS in Economics,BS in Economics,NS,CS1101,1,Foundations of Programming,3-0-3,4.5,Core,0,,,,,,,,,,,
2463,BS in Economics,BS in Economics,NS,PH1101/PH1201,1,Physics,3-1-3,5.5,Core,0,,,,,,,,,,,
2464,BS in Economics,BS in Economics,NS,CE1101/CE1201,1,Engineering Graphics,1-0-3,2.5,Core,0,,,,,,,,,,,
2465,BS in Economics,BS in Economics,NS,EE1101/EE1201,1,Electrical Sciences,3-0-3,4.5,Core,0,,,,,,,,,,,
2466,BS in Economics,BS in Economics,NS,HS1101,1,English for Professionals,2-0-1,2.5,HS,0,,,,,,,,,,,
2467,BS in Economics,BS in Economics,NS,MA1201,2,Probability Theory and Ordinary Differential Equations,3-1-0,4,Core,0,,,,,,,,,,,
2468,BS in Economics,BS in Economics,NS,CS1201,2,Data Structure,3-0-3,4.5,Core,0,,,,,,,,,,,
2469,BS in Economics,BS in Economics,NS,CH1201/CH1101,2,Chemistry,3-1-3,5.5,Core,0,,,,,,,,,,,
2470,BS in Economics,BS in Economics,NS,ME1201/ME1101,2,Mechanical Fabrication,0-0-3,1.5,Core,0,,,,,,,,,,,
2471,BS in Economics,BS in Economics,NS,ME1202/ME1102,2,Engineering Mechanics,3-1-0,4,Core,0,,,,,,,,,,,
2472,BS in Economics,BS in Economics,NS,IK1101,2,Indian Knowledge System (IKS),3-0-0,3,IKS,0,,,,,,,,,,,
2473,BS in Economics,BS in Economics,NS,HS2101,3,Mathematical Statistics,3-1-0,4,Core,0,,,,,,,,,,,
2474,BS in Economics,BS in Economics,NS,HS2102,3,Fundamentals of Economics,3-1-0,4,Core,0,,,,,,,,,,,
2475,BS in Economics,BS in Economics,NS,HS21**,3,HSS Elective-I,3-0-0,3,HS1,0,,,,,,,,,,,
2476,BS in Economics,BS in Economics,NS,HS2103,3,Multivariate Analysis and Basic Econometrics,3-0-0,3,Core,0,,,,,,,,,,,
2477,BS in Economics,BS in Economics,NS,HS2104,3,History of Economic Thought,3-0-0,3,Core,0,,,,,,,,,,,
2478,BS in Economics,BS in Economics,NS,MA2102,3,Probability and Stochastic Processes,3-1-0,4,Core,0,,,,,,,,,,,
2479,BS in Economics,BS in Economics,NS,HS2201,4,Growth and Development,3-1-0,4,Core,0,,,,,,,,,,,
2480,BS in Economics,BS in Economics,NS,HS2202,4,Microeconomic Theory,3-1-0,4,Core,0,,,,,,,,,,,
2481,BS in Economics,BS in Economics,NS,HS2203,4,Macroeconomic Theory,3-1-0,4,Core,0,,,,,,,,,,,
2482,BS in Economics,BS in Economics,NS,HS2204,4,Econometrics-I,3-1-0,4,E1,0,,,,,,,,,,,
2483,BS in Economics,BS in Economics,NS,****,4,IDE-1,3-0-0,3,IDE1,0,,,,,,,,,,,
2484,BS in Economics,BS in Economics,NS,HS3101,5,Econometrics – II,3-1-2,5,E2,0,,,,,,,,,,,
2485,BS in Economics,BS in Economics,NS,HS3102,5,Mathematical Economics,3-1-0,4,Core,0,,,,,,,,,,,
2486,BS in Economics,BS in Economics,NS,HS3103,5,International Trade and Investment,3-1-0,4,Core,0,,,,,,,,,,,
2487,BS in Economics,BS in Economics,NS,HS3104,5,Debate in Indian Economy,3-1-0,4,Core,0,,,,,,,,,,,
2488,BS in Economics,BS in Economics,NS,HSXXXX,5,IDE1I,3-0-0,3,IDE2,0,,,,,,,,,,,
2489,BS in Economics,BS in Economics,NS,HS3201,6,Categorical Data Analysis,3-1-2,5,Core,0,,,,,,,,,,,
2490,BS in Economics,BS in Economics,NS,HS3202,6,Environmental Economics,3-1-0,4,Core,0,,,,,,,,,,,
2491,BS in Economics,BS in Economics,NS,HS3203,6,Critical Economic Reading and Seminar,3-3-0,6,Core,0,,,,,,,,,,,
2492,BS in Economics,BS in Economics,NS,HS3204,6,Indian Financial System,3-1-0,4,Core,0,,,,,,,,,,,
2493,BS in Economics,BS in Economics,NS,HS3205,6,Health Economics,3-0-0,3,Core,0,,,,,,,,,,,
2494,BS in Economics,BS in Economics,NS,HS41**,7,Specialization Elective 1,3-1-0,4,SE1,0,,,,,,,,,,,
2495,BS in Economics,BS in Economics,NS,HS41**,7,Specialization Elective 2,3-1-0,4,SE2,0,,,,,,,,,,,
2496,BS in Economics,BS in Economics,NS,HS41**,7,HSS Elective II,3-0-0,3,HS2,0,,,,,,,,,,,
2497,BS in Economics,BS in Economics,NS,HSXXXX,7,IDE1II,3-0-0,3,IDE3,0,,,,,,,,,,,
2498,BS in Economics,BS in Economics,NS,HS4198,7,Summer Internship*,0-0-12,3,SI,0,,,,,,,,,,,
2499,BS in Economics,BS in Economics,NS,HS4199,7,Project-I (Lab based project / Industry oriented  problem  solving  /  Academic internship   /   Case   Study   /   Design thinking-based  project-Capstone Project),0-0-12,6,P1,0,,,,,,,,,,,
2500,BS in Economics,BS in Economics,NS,HS42**,8,Specialization Elective 3,3-1-0,4,SE3,0,,,,,,,,,,,
2501,BS in Economics,BS in Economics,NS,HS42**,8,Specialization Elective 4,3-1-0,4,SE4,0,,,,,,,,,,,
2502,BS in Economics,BS in Economics,NS,HS4299,8,Project-II (Lab based project / Industry oriented problem solving / Academic internship / Case Study / Design thinking-based project- Capstone Project),0-0-16,8,P2,0,,,,,,,,,,,
2503,,,,,,,,,,,,,,,,,,,,,
2504,,,,,,,,,,,,,,,,,,,,,
2505,,,,,,,,,,,,,,,,,,,,,
2506,,,,,,,,,,,,,,,,,,,,,
2507,,,,,,,,,,,,,,,,,,,,,
2508,,,,,,,,,,,,,,,,,,,,,
2509,,,,,,,,,,,,,,,,,,,,,
2510,,,,,,,,,,,,,,,,,,,,,
2511,,,,,,,,,,,,,,,,,,,,,
2512,,,,,,,,,,,,,,,,,,,,,
2513,,,,,,,,,,,,,,,,,,,,,
2514,,,,,,,,,,,,,,,,,,,,,
2515,,,,,,,,,,,,,,,,,,,,,
2516,,,,,,,,,,,,,,,,,,,,,
2517,,,,,,,,,,,,,,,,,,,,,
2518,,,,,,,,,,,,,,,,,,,,,
2519,,,,,,,,,,,,,,,,,,,,,