Parent Department,Specialization,Roll Number,Course Code,Semester #,Course Name,LTP,Credit,Type
Department of Chemical and Biochemical Engineering,B. Tech. in Chemical Engineering and Minor in Chemical Engineering.,,CB3211,6,Catalysis Science and Engineering,3-0-0,3.0,DE1
Department of Chemical and Biochemical Engineering,B. Tech. in Chemical Engineering and Minor in Chemical Engineering.,,CB3212,6,Biopharmaceutical Downstream Processing,3-0-0,3.0,DE1
Department of Chemical and Biochemical Engineering,B. Tech. in Chemical Engineering and Minor in Chemical Engineering.,,CB3213,6,Material Science and Engineering,3-0-0,3.0,DE1
Department of Chemical and Biochemical Engineering,B. Tech. in Chemical Engineering and Minor in Chemical Engineering.,,CB3214,6, Introduction to Microfluidics Technology,3-0-0,3.0,DE1
Department of Chemical and Biochemical Engineering,B. Tech. in Chemical Engineering and Minor in Chemical Engineering.,,CB4111,7,Industrial Pollution Control,3-0-0,3.0,DE2
Department of Chemical and Biochemical Engineering,B. Tech. in Chemical Engineering and Minor in Chemical Engineering.,,CB4112,7,Introduction to Computational Biology,3-0-0,3.0,DE2
Department of Chemical and Biochemical Engineering,B. Tech. in Chemical Engineering and Minor in Chemical Engineering.,,CB4113,7,Molecular Modeling and Simulation,3-0-0,3.0,DE2
Department of Chemical and Biochemical Engineering,B. Tech. in Chemical Engineering and Minor in Chemical Engineering.,,CB4114,7,Electrochemical Energy Systems,3-0-0,3.0,DE3
Department of Chemical and Biochemical Engineering,B. Tech. in Chemical Engineering and Minor in Chemical Engineering.,,CB4115,7,Fertilizer Technology,3-0-0,3.0,DE3
Department of Chemical and Biochemical Engineering,B. Tech. in Chemical Engineering and Minor in Chemical Engineering.,,CB4116,7,Nanomaterials,3-0-0,3.0,DE3
Department of Chemical and Biochemical Engineering,B. Tech. in Chemical Engineering and Minor in Chemical Engineering.,,CB4117,7, Combustion Engineering and Technology,3-0-0,3.0,DE3
Department of Chemical and Biochemical Engineering,B. Tech. in Chemical Engineering and Minor in Chemical Engineering.,,CB4211,8,Membrane Separation,3-0-0,3.0,DE4
Department of Chemical and Biochemical Engineering,B. Tech. in Chemical Engineering and Minor in Chemical Engineering.,,CB4212,8,Energy Storage: Technologies and Applications,3-0-0,3.0,DE4
Department of Chemical and Biochemical Engineering,B. Tech. in Chemical Engineering and Minor in Chemical Engineering.,,CB4213,8,Process Integration,3-0-0,3.0,DE4
Department of Chemical and Biochemical Engineering,B. Tech. in Chemical Engineering and Minor in Chemical Engineering.,,CB4214,8,Renewable Energy Sources,3-0-0,3.0,DE5
Department of Chemical and Biochemical Engineering,B. Tech. in Chemical Engineering and Minor in Chemical Engineering.,,CB4215,8,Advanced Separation Processes,3-0-0,3.0,DE5
Department of Chemical and Biochemical Engineering,B. Tech. in Chemical Engineering and Minor in Chemical Engineering.,,CB4216,8,Fluidization Engineering,3-0-0,3.0,DE5
Department of Chemical and Biochemical Engineering,B. Tech. in Chemical Engineering and Minor in Chemical Engineering.,,CB4217,8,Energy Management,3-0-0,3.0,DE6
Department of Chemical and Biochemical Engineering,B. Tech. in Chemical Engineering and Minor in Chemical Engineering.,,CB4218,8,Heterogeneous Catalysis: Fundamentals and Applications,3-0-0,3.0,DE6
Department of Chemical and Biochemical Engineering,B. Tech. in Chemical Engineering and Minor in Chemical Engineering.,,CB4219,8,Polymer Science and Technology,3-0-0,3.0,DE6
Department of Chemical and Biochemical Engineering,B. Tech. in Chemical Engineering and Minor in Chemical Engineering.,,CB4220,8,Petroleum Refinery Engineering,3-0-0,3.0,DE6
Department of Chemical and Biochemical Engineering,B. Tech. in Chemical Engineering and Minor in Chemical Engineering.,,CB2280,4,Environmental Science and Engineering,3-0-0,3.0,IDE1
Department of Chemical and Biochemical Engineering,B. Tech. in Chemical Engineering and Minor in Chemical Engineering.,,CB3180,5,Introduction to Sustainable Engineering,3-0-0,3.0,IDE2
Department of Chemical and Biochemical Engineering,B. Tech. in Chemical Engineering and Minor in Chemical Engineering.,,CB4180,7,Bioprocess Engineering,3-0-0,3.0,IDE3
Civil and Environmental Engineering,B. Tech. in Civil Engineering and Minor in Infrastructure Engineering,2401CE,CE2290,4,Construction Technology and Management,3-0-0,3.0,IDE1
Civil and Environmental Engineering,B. Tech. in Civil Engineering and Minor in Infrastructure Engineering,2401CE,CE3190,5,Green Building,3-0-0,3.0,IDE2
Civil and Environmental Engineering,B. Tech. in Civil Engineering and Minor in Infrastructure Engineering,2401CE,CE4190,7,Smart Transportation,3-0-0,3.0,IDE3
Civil and Environmental Engineering,B. Tech. in Civil Engineering and Minor in Infrastructure Engineering,2401CE,CE4191,7,Industrial Pollution and Control,3-0-0,3.0,IDE3
Civil and Environmental Engineering,B. Tech. in Civil Engineering and Minor in Infrastructure Engineering,2401CE,CE4101,7,Introduction to Bridge Engineering,3-0-0,3.0,DE1
Civil and Environmental Engineering,B. Tech. in Civil Engineering and Minor in Infrastructure Engineering,2401CE,CE4102,7,Prestressed and Precast Concrete Structures,3-0-0,3.0,DE1
Civil and Environmental Engineering,B. Tech. in Civil Engineering and Minor in Infrastructure Engineering,2401CE,CE4103,7,Fundamentals of Solid Mechanics,3-0-0,3.0,DE1
Civil and Environmental Engineering,B. Tech. in Civil Engineering and Minor in Infrastructure Engineering,2401CE,CE4104,7,Matrix Method for Structural Analysis,3-0-0,3.0,DE1
Civil and Environmental Engineering,B. Tech. in Civil Engineering and Minor in Infrastructure Engineering,2401CE,CE4105,7,Stochastic Hydrology,3-0-0,3.0,DE2
Civil and Environmental Engineering,B. Tech. in Civil Engineering and Minor in Infrastructure Engineering,2401CE,CE4106,7,Irrigation Engineering and Hydraulic Structures,3-0-0,3.0,DE2
Civil and Environmental Engineering,B. Tech. in Civil Engineering and Minor in Infrastructure Engineering,2401CE,CE4107,7,Elementary Soil Behaviour,3-0-0,3.0,DE2
Civil and Environmental Engineering,B. Tech. in Civil Engineering and Minor in Infrastructure Engineering,2401CE,CE4108,7,Fundamentals of Geoenvironmental Engg.,3-0-0,3.0,DE2
Civil and Environmental Engineering,B. Tech. in Civil Engineering and Minor in Infrastructure Engineering,2401CE,CE4109,7,Biogeotechnical Engineering,3-0-0,3.0,DE2
Civil and Environmental Engineering,B. Tech. in Civil Engineering and Minor in Infrastructure Engineering,2401CE,CE4110,7,Pavement Geotechnology,3-0-0,3.0,DE2
Civil and Environmental Engineering,B. Tech. in Civil Engineering and Minor in Infrastructure Engineering,2401CE,CE4201,8,Elements of Remote Sensing and GIS,3-0-0,3.0,DE3
Civil and Environmental Engineering,B. Tech. in Civil Engineering and Minor in Infrastructure Engineering,2401CE,CE4202,8,Introduction to Soil Structure Interaction,3-0-0,3.0,DE3
Civil and Environmental Engineering,B. Tech. in Civil Engineering and Minor in Infrastructure Engineering,2401CE,CE4203,8,Introduction to Underground Excavation,3-0-0,3.0,DE3
Civil and Environmental Engineering,B. Tech. in Civil Engineering and Minor in Infrastructure Engineering,2401CE,CE4204,8,Multiphysical Processes in fractured rocks,3-0-0,3.0,DE3
Civil and Environmental Engineering,B. Tech. in Civil Engineering and Minor in Infrastructure Engineering,2401CE,CE4205,8,Rock Engineering for Hydropower Projects,3-0-0,3.0,DE3
Civil and Environmental Engineering,B. Tech. in Civil Engineering and Minor in Infrastructure Engineering,2401CE,CE4206,8,Fundamentals of Forensic Geotech Engineering,3-0-0,3.0,DE3
Civil and Environmental Engineering,B. Tech. in Civil Engineering and Minor in Infrastructure Engineering,2401CE,CE4207,8,Ground Improvement for Civil Engineering Structures,3-0-0,3.0,DE3
Civil and Environmental Engineering,B. Tech. in Civil Engineering and Minor in Infrastructure Engineering,2401CE,CE4208,8,Solid Waste Engineering,3-0-0,3.0,DE4
Civil and Environmental Engineering,B. Tech. in Civil Engineering and Minor in Infrastructure Engineering,2401CE,CE4209,8,Air Pollution Engineering,3-0-0,3.0,DE4
Civil and Environmental Engineering,B. Tech. in Civil Engineering and Minor in Infrastructure Engineering,2401CE,CE4210,8,Introduction to Geotechnical Earthquake Engineering,3-0-0,3.0,DE5
Civil and Environmental Engineering,B. Tech. in Civil Engineering and Minor in Infrastructure Engineering,2401CE,CE4211,8,Structural Dynamics and Earthquake Engineering,3-0-0,3.0,DE5
Civil and Environmental Engineering,B. Tech. in Civil Engineering and Minor in Infrastructure Engineering,2401CE,CE4212,8,Rehabilitation of Structures,3-0-0,3.0,DE5
Civil and Environmental Engineering,B. Tech. in Civil Engineering and Minor in Infrastructure Engineering,2401CE,CE4213,8,Introduction to Structural Health Monitoring,3-0-0,3.0,DE5
Chemistry,B. Tech. in Chemical Science and Technology (CST) and Minor in CST,2401CT,CH3206,6,Metal Ions in Chemical Biology,3-0-0,3.0,DE1
Chemistry,B. Tech. in Chemical Science and Technology (CST) and Minor in CST,2401CT,CH3207,6,Petroleum and Petrochemicals,3-0-0,3.0,DE1
Chemistry,B. Tech. in Chemical Science and Technology (CST) and Minor in CST,2401CT,CH4107,7,Drug Design and Development,3-0-0,3.0,DE2
Chemistry,B. Tech. in Chemical Science and Technology (CST) and Minor in CST,2401CT,CH4108,7,"Dyes, Paints and Pigments",3-0-0,3.0,DE2
Chemistry,B. Tech. in Chemical Science and Technology (CST) and Minor in CST,2401CT,CH4109,7,Group Theory and Spectroscopy,3-0-0,3.0,DE3
Chemistry,B. Tech. in Chemical Science and Technology (CST) and Minor in CST,2401CT,CH4110,7,Application of Statistical Mechanics in Chemistry.,3-0-0,3.0,DE3
Chemistry,B. Tech. in Chemical Science and Technology (CST) and Minor in CST,2401CT,CH4207,8,Catalysis,3-0-0,3.0,DE4
Chemistry,B. Tech. in Chemical Science and Technology (CST) and Minor in CST,2401CT,CH4208,8,Colloids and Interface Chemistry,3-0-0,3.0,DE4
Chemistry,B. Tech. in Chemical Science and Technology (CST) and Minor in CST,2401CT,CH4209,8,Food Chemistry,3-0-0,3.0,DE5
Chemistry,B. Tech. in Chemical Science and Technology (CST) and Minor in CST,2401CT,CH4210,8,Green and Sustainable Chemistry,3-0-0,3.0,DE5
Chemistry,B. Tech. in Chemical Science and Technology (CST) and Minor in CST,2401CT,CH4211,8,Materials Chemistry,3-0-0,3.0,DE6
Chemistry,B. Tech. in Chemical Science and Technology (CST) and Minor in CST,2401CT,CH4212,8,Organic Semiconductors: Fundamentals to Applications,3-0-0,3.0,DE6
Computer Science & Engineering, B. Tech. Artificial Intelligence and Data Science (AI&DS) and Minor in AI&DS,2401AI,CS2209,4,Introduction to Data Science,3-0-3,3.0,IDE1
Computer Science & Engineering, B. Tech. Artificial Intelligence and Data Science (AI&DS) and Minor in AI&DS,2401AI,CS3109,5,Computer Graphics,3-0-0,3.0,IDE2
Computer Science & Engineering, B. Tech. Artificial Intelligence and Data Science (AI&DS) and Minor in AI&DS,2401AI,CS4109,7,Data Analysis and Visualization,3-0-0,3.0,IDE3
Computer Science & Engineering, B. Tech. Artificial Intelligence and Data Science (AI&DS) and Minor in AI&DS,2401AI,CS3221,6,Object-Oriented Programming,3-0-0,3.0,DE1
Computer Science & Engineering, B. Tech. Artificial Intelligence and Data Science (AI&DS) and Minor in AI&DS,2401AI,CS3222,6,Agile Computing,3-0-0,3.0,DE1
Computer Science & Engineering, B. Tech. Artificial Intelligence and Data Science (AI&DS) and Minor in AI&DS,2401AI,CS3223,6,Software Engineering,3-0-0,3.0,DE1
Computer Science & Engineering, B. Tech. Artificial Intelligence and Data Science (AI&DS) and Minor in AI&DS,2401AI,CS3224,6,Bayesian Data Analysis,3-0-0,3.0,DE1
Computer Science & Engineering, B. Tech. Artificial Intelligence and Data Science (AI&DS) and Minor in AI&DS,2401AI,CS3225,6,Data Mining,3-0-0,3.0,DE1
Computer Science & Engineering, B. Tech. Artificial Intelligence and Data Science (AI&DS) and Minor in AI&DS,2401AI,CS3226,6,Information Retrieval,3-0-0,3.0,DE1
Computer Science & Engineering, B. Tech. Artificial Intelligence and Data Science (AI&DS) and Minor in AI&DS,2401AI,CS4121,7,Pattern Recognition,3-0-0,3.0,DE2
Computer Science & Engineering, B. Tech. Artificial Intelligence and Data Science (AI&DS) and Minor in AI&DS,2401AI,CS4122,7,Principles of Programming Languages,3-0-0,3.0,DE2
Computer Science & Engineering, B. Tech. Artificial Intelligence and Data Science (AI&DS) and Minor in AI&DS,2401AI,CS4123,7,Social Networks,3-0-0,3.0,DE2
Computer Science & Engineering, B. Tech. Artificial Intelligence and Data Science (AI&DS) and Minor in AI&DS,2401AI,CS4124,7,Multimedia System,3-0-0,3.0,DE2
Computer Science & Engineering, B. Tech. Artificial Intelligence and Data Science (AI&DS) and Minor in AI&DS,2401AI,CS4126,7,Nature Inspired Algorithms,3-0-0,3.0,DE2
Computer Science & Engineering, B. Tech. Artificial Intelligence and Data Science (AI&DS) and Minor in AI&DS,2401AI,CS4127,7,Graph Machine Learning,3-0-0,3.0,DE3
Computer Science & Engineering, B. Tech. Artificial Intelligence and Data Science (AI&DS) and Minor in AI&DS,2401AI,CS4128,7,Bioinformatics,3-0-0,3.0,DE3
Computer Science & Engineering, B. Tech. Artificial Intelligence and Data Science (AI&DS) and Minor in AI&DS,2401AI,CS4129,7,Time Series Analysis,3-0-0,3.0,DE3
Computer Science & Engineering, B. Tech. Artificial Intelligence and Data Science (AI&DS) and Minor in AI&DS,2401AI,CS4131,7,Computational Data Analysis,3-0-0,3.0,DE3
Computer Science & Engineering, B. Tech. Artificial Intelligence and Data Science (AI&DS) and Minor in AI&DS,2401AI,CS4132,7,Blockchain Technology,3-0-0,3.0,DE3
Computer Science & Engineering, B. Tech. Artificial Intelligence and Data Science (AI&DS) and Minor in AI&DS,2401AI,CS4133,7,Evolutionary Computing,3-0-0,3.0,DE3
Computer Science & Engineering, B. Tech. Artificial Intelligence and Data Science (AI&DS) and Minor in AI&DS,2401AI,CS4221,8,Multivariate Analysis,3-0-0,3.0,DE4
Computer Science & Engineering, B. Tech. Artificial Intelligence and Data Science (AI&DS) and Minor in AI&DS,2401AI,CS4222,8,Generative AI,3-0-0,3.0,DE4
Computer Science & Engineering, B. Tech. Artificial Intelligence and Data Science (AI&DS) and Minor in AI&DS,2401AI,CS4223,8,Statistical Machine Learning,3-0-0,3.0,DE4
Computer Science & Engineering, B. Tech. Artificial Intelligence and Data Science (AI&DS) and Minor in AI&DS,2401AI,CS4224,8,Text Mining,3-0-0,3.0,DE4
Computer Science & Engineering, B. Tech. Artificial Intelligence and Data Science (AI&DS) and Minor in AI&DS,2401AI,CS4226,8,Cloud Computing,3-0-0,3.0,DE5
Computer Science & Engineering, B. Tech. Artificial Intelligence and Data Science (AI&DS) and Minor in AI&DS,2401AI,CS4227,8,Quantum Computing,3-0-0,3.0,DE5
Computer Science & Engineering, B. Tech. Artificial Intelligence and Data Science (AI&DS) and Minor in AI&DS,2401AI,CS4228,8,Drone Data Processing,3-0-0,3.0,DE5
Computer Science & Engineering, B. Tech. Artificial Intelligence and Data Science (AI&DS) and Minor in AI&DS,2401AI,CS4229,8,Edge Computing,3-0-0,3.0,DE5
Computer Science & Engineering, B. Tech. Artificial Intelligence and Data Science (AI&DS) and Minor in AI&DS,2401AI,CS4230,8,Wireless Networks,3-0-0,3.0,DE5
Computer Science & Engineering, B. Tech. Artificial Intelligence and Data Science (AI&DS) and Minor in AI&DS,2401AI,CS4233,8,Computer Security,3-0-0,3.0,DE6
Computer Science & Engineering, B. Tech. Artificial Intelligence and Data Science (AI&DS) and Minor in AI&DS,2401AI,CS4234,8,Cryptography,3-0-0,3.0,DE6
Computer Science & Engineering, B. Tech. Artificial Intelligence and Data Science (AI&DS) and Minor in AI&DS,2401AI,CS4235,8,Big Data Analytics,3-0-0,3.0,DE6
Computer Science & Engineering, B. Tech. Artificial Intelligence and Data Science (AI&DS) and Minor in AI&DS,2401AI,CS4236,8,Computer Forensics,3-0-0,3.0,DE6
Computer Science & Engineering,B. Tech. in Computer Science and Engineering (CSE) and Minor in CSE,2401CS,CS3221,6,Object-Oriented Programming,3-0-0,3.0,DE1
Computer Science & Engineering,B. Tech. in Computer Science and Engineering (CSE) and Minor in CSE,2401CS,CS3222,6,Agile Computing,3-0-0,3.0,DE1
Computer Science & Engineering,B. Tech. in Computer Science and Engineering (CSE) and Minor in CSE,2401CS,CS3223,6,Software Engineering,3-0-0,3.0,DE1
Computer Science & Engineering,B. Tech. in Computer Science and Engineering (CSE) and Minor in CSE,2401CS,CS3224,6,Bayesian Data Analysis,3-0-0,3.0,DE1
Computer Science & Engineering,B. Tech. in Computer Science and Engineering (CSE) and Minor in CSE,2401CS,CS3225,6,Data Mining,3-0-0,3.0,DE1
Computer Science & Engineering,B. Tech. in Computer Science and Engineering (CSE) and Minor in CSE,2401CS,CS3226,6,Information Retrieval,3-0-0,3.0,DE1
Computer Science & Engineering,B. Tech. in Computer Science and Engineering (CSE) and Minor in CSE,2401CS,CS4121,7,Pattern Recognition,3-0-0,3.0,DE2
Computer Science & Engineering,B. Tech. in Computer Science and Engineering (CSE) and Minor in CSE,2401CS,CS4122,7,Principles of Programming Languages,3-0-0,3.0,DE2
Computer Science & Engineering,B. Tech. in Computer Science and Engineering (CSE) and Minor in CSE,2401CS,CS4123,7,Social Networks,3-0-0,3.0,DE2
Computer Science & Engineering,B. Tech. in Computer Science and Engineering (CSE) and Minor in CSE,2401CS,CS4124,7,Multimedia System,3-0-0,3.0,DE2
Computer Science & Engineering,B. Tech. in Computer Science and Engineering (CSE) and Minor in CSE,2401CS,CS4125,7,Program Analysis and Verification,3-0-0,3.0,DE2
Computer Science & Engineering,B. Tech. in Computer Science and Engineering (CSE) and Minor in CSE,2401CS,CS4127,7,Graph Machine Learning,3-0-0,3.0,DE3
Computer Science & Engineering,B. Tech. in Computer Science and Engineering (CSE) and Minor in CSE,2401CS,CS4128,7,Bioinformatics,3-0-0,3.0,DE3
Computer Science & Engineering,B. Tech. in Computer Science and Engineering (CSE) and Minor in CSE,2401CS,CS4129,7,Time Series Analysis,3-0-0,3.0,DE3
Computer Science & Engineering,B. Tech. in Computer Science and Engineering (CSE) and Minor in CSE,2401CS,CS4130,7,Advanced Graph Theory,3-0-0,3.0,DE3
Computer Science & Engineering,B. Tech. in Computer Science and Engineering (CSE) and Minor in CSE,2401CS,CS4131,7,Computational Data Analysis,3-0-0,3.0,DE3
Computer Science & Engineering,B. Tech. in Computer Science and Engineering (CSE) and Minor in CSE,2401CS,CS4132,7,Blockchain Technology,3-0-0,3.0,DE3
Computer Science & Engineering,B. Tech. in Computer Science and Engineering (CSE) and Minor in CSE,2401CS,CS4221,8,Multivariate Analysis,3-0-0,3.0,DE4
Computer Science & Engineering,B. Tech. in Computer Science and Engineering (CSE) and Minor in CSE,2401CS,CS4222,8,Generative AI,3-0-0,3.0,DE4
Computer Science & Engineering,B. Tech. in Computer Science and Engineering (CSE) and Minor in CSE,2401CS,CS4223,8,Statistical Machine Learning,3-0-0,3.0,DE4
Computer Science & Engineering,B. Tech. in Computer Science and Engineering (CSE) and Minor in CSE,2401CS,CS4224,8,Text Mining,3-0-0,3.0,DE4
Computer Science & Engineering,B. Tech. in Computer Science and Engineering (CSE) and Minor in CSE,2401CS,CS4225,8,Combinatorial optimization,3-0-0,3.0,DE4
Computer Science & Engineering,B. Tech. in Computer Science and Engineering (CSE) and Minor in CSE,2401CS,CS4226,8,Cloud Computing,3-0-0,3.0,DE5
Computer Science & Engineering,B. Tech. in Computer Science and Engineering (CSE) and Minor in CSE,2401CS,CS4227,8,Quantum Computing,3-0-0,3.0,DE5
Computer Science & Engineering,B. Tech. in Computer Science and Engineering (CSE) and Minor in CSE,2401CS,CS4228,8,Drone Data Processing,3-0-0,3.0,DE5
Computer Science & Engineering,B. Tech. in Computer Science and Engineering (CSE) and Minor in CSE,2401CS,CS4229,8,Edge Computing,3-0-0,3.0,DE5
Computer Science & Engineering,B. Tech. in Computer Science and Engineering (CSE) and Minor in CSE,2401CS,CS4230,8,Wireless Networks,3-0-0,3.0,DE5
Computer Science & Engineering,B. Tech. in Computer Science and Engineering (CSE) and Minor in CSE,2401CS,CS4231,8,Distributed Computing,3-0-0,3.0,DE5
Computer Science & Engineering,B. Tech. in Computer Science and Engineering (CSE) and Minor in CSE,2401CS,CS4232,8,Parallel Computing,3-0-0,3.0,DE5
Computer Science & Engineering,B. Tech. in Computer Science and Engineering (CSE) and Minor in CSE,2401CS,CS4233,8,Computer Security,3-0-0,3.0,DE6
Computer Science & Engineering,B. Tech. in Computer Science and Engineering (CSE) and Minor in CSE,2401CS,CS4234,8,Cryptography,3-0-0,3.0,DE6
Computer Science & Engineering,B. Tech. in Computer Science and Engineering (CSE) and Minor in CSE,2401CS,CS4235,8,Big Data Analytics,3-0-0,3.0,DE6
Computer Science & Engineering,B. Tech. in Computer Science and Engineering (CSE) and Minor in CSE,2401CS,CS4236,8,Computer Forensics,3-0-0,3.0,DE6
Computer Science & Engineering,B. Tech. in Computer Science and Engineering (CSE) and Minor in CSE,2401CS,CS2209,4,Introduction to Data Science,3-0-3,3.0,IDE1
Computer Science & Engineering,B. Tech. in Computer Science and Engineering (CSE) and Minor in CSE,2401CS,CS3109,5,Computer Graphics,3-0-0,3.0,IDE2
Computer Science & Engineering,B. Tech. in Computer Science and Engineering (CSE) and Minor in CSE,2401CS,CS4109,7,Data Analysis and Visualization,3-0-0,3.0,IDE3
Electrical Engineering,B. Tech. in Electronics and Communication Engineering (ECE)  and Minor in Communication.,2401EC,EC4101 ,7,Introduction to Quantum Computing,3-0-0,3.0,DE1
Electrical Engineering,B. Tech. in Electronics and Communication Engineering (ECE)  and Minor in Communication.,2401EC,EC4102 ,7,Deep Learning for Video Surveillance Systems,3-0-0,3.0,DE1
Electrical Engineering,B. Tech. in Electronics and Communication Engineering (ECE)  and Minor in Communication.,2401EC,EC4103,7,FPGA based System Design,3-0-0,3.0,DE1
Electrical Engineering,B. Tech. in Electronics and Communication Engineering (ECE)  and Minor in Communication.,2401EC,EC4104   ,7,Introduction to Information Theory,3-0-0,3.0,DE2
Electrical Engineering,B. Tech. in Electronics and Communication Engineering (ECE)  and Minor in Communication.,2401EC,EC4105,7,Digital Image Processing,3-0-0,3.0,DE2
Electrical Engineering,B. Tech. in Electronics and Communication Engineering (ECE)  and Minor in Communication.,2401EC,EC4106,7,Graph Signal Processing,3-0-0,3.0,DE2
Electrical Engineering,B. Tech. in Electronics and Communication Engineering (ECE)  and Minor in Communication.,2401EC,EC4201,8,Mobile Communications,3-0-0,3.0,DE3
Electrical Engineering,B. Tech. in Electronics and Communication Engineering (ECE)  and Minor in Communication.,2401EC,EC4202,8,Opto Electronic Devices,3-0-0,3.0,DE3
Electrical Engineering,B. Tech. in Electronics and Communication Engineering (ECE)  and Minor in Communication.,2401EC,EE4203,8,Introduction to Energy Storage Techniques,3-0-0,3.0,DE3
Electrical Engineering,B. Tech. in Electronics and Communication Engineering (ECE)  and Minor in Communication.,2401EC,EC4203,8,Introduction to Optical Communications,3-0-0,3.0,DE4
Electrical Engineering,B. Tech. in Electronics and Communication Engineering (ECE)  and Minor in Communication.,2401EC,EC4204 ,8,Low Power Circuits,3-0-0,3.0,DE4
Electrical Engineering,B. Tech. in Electronics and Communication Engineering (ECE)  and Minor in Communication.,2401EC,EE4206 ,8,Fundamentals of Electrical Vehicle Technology,3-0-0,3.0,DE4
Electrical Engineering,B. Tech. in Electronics and Communication Engineering (ECE)  and Minor in Communication.,2401EC,EC4205          ,8,Biomedical Signal Processing,3-0-0,3.0,DE5
Electrical Engineering,B. Tech. in Electronics and Communication Engineering (ECE)  and Minor in Communication.,2401EC,EC4206     ,8,High Power Semiconductor Devices,3-0-0,3.0,DE5
Electrical Engineering,B. Tech. in Electronics and Communication Engineering (ECE)  and Minor in Communication.,2401EC,EC4207          ,8,Biomedical Instrumentation,3-0-0,3.0,DE5
Electrical Engineering,Btech in Electrical and Electronics Engineering,2401EE,EE4101,7,Electrical Traction and Propulsion,3-0-0,3.0,DE1
Electrical Engineering,Btech in Electrical and Electronics Engineering,2401EE,EC4102,7,Deep     Learning     for     Video Surveillance Systems,3-0-0,3.0,DE1
Electrical Engineering,Btech in Electrical and Electronics Engineering,2401EE,EC4103,7,FPGA based System Design,3-0-0,3.0,DE1
Electrical Engineering,Btech in Electrical and Electronics Engineering,2401EE,EC4101,7,Introduction     to     Quantum Computing,3-0-0,3.0,DE2
Electrical Engineering,Btech in Electrical and Electronics Engineering,2401EE,EC4105,7,Digital Image Processing,3-0-0,3.0,DE2
Electrical Engineering,Btech in Electrical and Electronics Engineering,2401EE,EE4102,7,Power System Reliability,3-0-0,3.0,DE2
Electrical Engineering,Btech in Electrical and Electronics Engineering,2401EE,EE4201,8,Power      System Protection,3-0-0,3.0,DE3
Electrical Engineering,Btech in Electrical and Electronics Engineering,2401EE,EE4202,8,Digital     Control Systems,3-0-0,3.0,DE3
Electrical Engineering,Btech in Electrical and Electronics Engineering,2401EE,EE4203,8,Introduction     to Energy Storage Techniques,3-0-0,3.0,DE3
Electrical Engineering,Btech in Electrical and Electronics Engineering,2401EE,EE4204,8,Special       Electrical Machines,3-0-0,3.0,DE4
Electrical Engineering,Btech in Electrical and Electronics Engineering,2401EE,EE4205,8,High          Voltage Engineering,3-0-0,3.0,DE4
Electrical Engineering,Btech in Electrical and Electronics Engineering,2401EE,EE4206 ,8,Fundamentals       of Electrical Vehicle Technology,3-0-0,3.0,DE4
Electrical Engineering,Btech in Electrical and Electronics Engineering,2401EE,EC4205 ,8,Biomedical Signal Processing,3-0-0,3.0,DE5
Electrical Engineering,Btech in Electrical and Electronics Engineering,2401EE,EC4206,8,High     Power Semiconductor Devices,3-0-0,3.0,DE5
Electrical Engineering,Btech in Electrical and Electronics Engineering,2401EE,EC4207,8,Biomedical Instrumentation,3-0-0,3.0,DE5
Mathematics,B. Tech. in Mathematics & Computing,2401MC,MA4111,7,Advanced Algorithms,3-0-0,3.0,DE1
Mathematics,B. Tech. in Mathematics & Computing,2401MC,MA4112,7,Cryptography and Network Security,3-0-0,3.0,DE1
Mathematics,B. Tech. in Mathematics & Computing,2401MC,MA4113,7,Rings and Modules,3-0-0,3.0,DE1
Mathematics,B. Tech. in Mathematics & Computing,2401MC,MA4114,7,Deep Learning,2-0-2,3.0,DE2
Mathematics,B. Tech. in Mathematics & Computing,2401MC,MA4115,7,Fields and Galois theory,3-0-0,3.0,DE2
Mathematics,B. Tech. in Mathematics & Computing,2401MC,MA4116,7,Mathematical Finance,3-0-0,3.0,DE2
Mathematics,B. Tech. in Mathematics & Computing,2401MC,MA4211,8,Control Theory,3-0-0,3.0,DE3
Mathematics,B. Tech. in Mathematics & Computing,2401MC,MA4212,8,Finite Element Analysis,3-0-0,3.0,DE3
Mathematics,B. Tech. in Mathematics & Computing,2401MC,MA4213,8,Introduction to Coding Theory,3-0-0,3.0,DE3
Mathematics,B. Tech. in Mathematics & Computing,2401MC,MA4214,8,Portfolio Theory and Risk Management,3-0-0,3.0,DE3
Mathematics,B. Tech. in Mathematics & Computing,2401MC,MA4215,8,Topology,3-0-0,3.0,DE3
Mathematics,B. Tech. in Mathematics & Computing,2401MC,MA4215,8,Applied Computational Techniques,3-0-0,3.0,DE4
Mathematics,B. Tech. in Mathematics & Computing,2401MC,MA4216,8,Differential Geometry,3-0-0,3.0,DE4
Mathematics,B. Tech. in Mathematics & Computing,2401MC,MA4217,8,Introduction to Mathematical Biology,3-0-0,3.0,DE4
Mathematics,B. Tech. in Mathematics & Computing,2401MC,MA4218,8,Statistical Decision Theory,3-0-0,3.0,DE4
Mathematics,B. Tech. in Mathematics & Computing,2401MC,MA4220,8,Deep Learning for Computer Vision,2-0-2,3.0,DE5
Mathematics,B. Tech. in Mathematics & Computing,2401MC,MA4221,8,Discrete Differential Geometry,3-0-0,3.0,DE5
Mathematics,B. Tech. in Mathematics & Computing,2401MC,MA4222,8,Integral Equations and Calculus of Variations,3-0-0,3.0,DE5
Mathematics,B. Tech. in Mathematics & Computing,2401MC,MA2251,4,Introduction to Numerical Methods,3-0-0,3.0,IDE1
Mathematics,B. Tech. in Mathematics & Computing,2401MC,MA2252,4,Complex Analysis,3-0-0,3.0,IDE1
Mathematics,B. Tech. in Mathematics & Computing,2401MC,MA3151,5,An Introduction to Computational Commutative Algebra,3-0-0,3.0,IDE2
Mathematics,B. Tech. in Mathematics & Computing,2401MC,MA3152,5,Partial Differential Equations,3-0-0,3.0,IDE2
Mathematics,B. Tech. in Mathematics & Computing,2401MC,MA4151,7,Number Theory and Algebra,3-0-0,3.0,IDE3
Mathematics,B. Tech. in Mathematics & Computing,2401MC,MA4152,7,Mathematical Relativity,3-0-0,3.0,IDE3
Mechanical Engineering,B. Tech. in Mechanical Engineering and Minor in Thermal Engineering,2401ME,ME4101,7,Tribology and Surface Engineering,3-0-0,3.0,DE1
Mechanical Engineering,B. Tech. in Mechanical Engineering and Minor in Thermal Engineering,2401ME,ME4102,7,Basics of Computational Fluid Dynamics,3-0-0,3.0,DE1
Mechanical Engineering,B. Tech. in Mechanical Engineering and Minor in Thermal Engineering,2401ME,ME4104,7,Industrial Automation,3-0-0,3.0,DE1
Mechanical Engineering,B. Tech. in Mechanical Engineering and Minor in Thermal Engineering,2401ME,ME4105,7,Vehicle Dynamics,3-0-0,3.0,DE2
Mechanical Engineering,B. Tech. in Mechanical Engineering and Minor in Thermal Engineering,2401ME,ME4106,7,Mathematical Modelling of Computer Aided Design,3-0-0,3.0,DE2
Mechanical Engineering,B. Tech. in Mechanical Engineering and Minor in Thermal Engineering,2401ME,ME4107,7,Energy Engineering,3-0-0,3.0,DE2
Mechanical Engineering,B. Tech. in Mechanical Engineering and Minor in Thermal Engineering,2401ME,ME4201,8,Finite Element Method,3-0-0,3.0,DE3
Mechanical Engineering,B. Tech. in Mechanical Engineering and Minor in Thermal Engineering,2401ME,ME4202,8,Refrigeration and Cryogenics,3-0-0,3.0,DE3
Mechanical Engineering,B. Tech. in Mechanical Engineering and Minor in Thermal Engineering,2401ME,ME4203,8,"Mechanics, Processing and failure of Composite Materials",3-0-0,3.0,DE3
Mechanical Engineering,B. Tech. in Mechanical Engineering and Minor in Thermal Engineering,2401ME,ME4204,8,Mechanical Characterization of Materials,3-0-0,3.0,DE4
Mechanical Engineering,B. Tech. in Mechanical Engineering and Minor in Thermal Engineering,2401ME,ME4205,8,Internal Combustion Engines,3-0-0,3.0,DE4
Mechanical Engineering,B. Tech. in Mechanical Engineering and Minor in Thermal Engineering,2401ME,ME4206,8,Micro-manufacturing,3-0-0,3.0,DE4
Mechanical Engineering,B. Tech. in Mechanical Engineering and Minor in Thermal Engineering,2401ME,ME4207,8,Energy Methods and Variational Principles in Applied Mechanics,3-0-0,3.0,DE5
Mechanical Engineering,B. Tech. in Mechanical Engineering and Minor in Thermal Engineering,2401ME,ME4208,8,Failure Analysis of Engineering Material,3-0-0,3.0,DE5
Mechanical Engineering,B. Tech. in Mechanical Engineering and Minor in Thermal Engineering,2401ME,ME4209,8,Hydraulic Machines,3-0-0,3.0,DE5
Mechanical Engineering,B. Tech. in Mechanical Engineering and Minor in Thermal Engineering,2401ME,ME2205,4,Manufacturing Processes for Metallic Materials,3-0-0,3.0,IDE1
Mechanical Engineering,B. Tech. in Mechanical Engineering and Minor in Thermal Engineering,2401ME,ME3106,5,Automotive Technology,3-0-0,3.0,IDE2
Mechanical Engineering,B. Tech. in Mechanical Engineering and Minor in Thermal Engineering,2401ME,ME4103,7,Nonlinear Dynamics and Chaos,3-0-0,3.0,IDE3
Civil and Environmental Engineering,Btech-Mtech Dual Degree in Structural Engineering,2402ST,CE4101,7,Introduction to Bridge Engineering,3-0-0,3.0,DE1
Civil and Environmental Engineering,Btech-Mtech Dual Degree in Structural Engineering,2402ST,CE4102,7,Prestressed and Precast Concrete Structures,3-0-0,3.0,DE1
Civil and Environmental Engineering,Btech-Mtech Dual Degree in Structural Engineering,2402ST,CE4103,7,Fundamentals of Solid Mechanics,3-0-0,3.0,DE1
Civil and Environmental Engineering,Btech-Mtech Dual Degree in Structural Engineering,2402ST,CE4104,7,Matrix Method for Structural Analysis,3-0-0,3.0,DE1
Civil and Environmental Engineering,Btech-Mtech Dual Degree in Structural Engineering,2402ST,CE4105,7,Stochastic Hydrology,3-0-0,3.0,DE1
Civil and Environmental Engineering,Btech-Mtech Dual Degree in Structural Engineering,2402ST,CE4106,7,Irrigation Engineering and Hydraulic Structures,3-0-0,3.0,DE1
Civil and Environmental Engineering,Btech-Mtech Dual Degree in Structural Engineering,2402ST,CE4107,7,Elementary Soil Behaviour,3-0-0,3.0,DE1
Civil and Environmental Engineering,Btech-Mtech Dual Degree in Structural Engineering,2402ST,CE4108,7,Fundamentals of Geoenvironmental Engineering,3-0-0,3.0,DE1
Civil and Environmental Engineering,Btech-Mtech Dual Degree in Structural Engineering,2402ST,CE4109,7,Biogeotechnical Engineering,3-0-0,3.0,DE1
Civil and Environmental Engineering,Btech-Mtech Dual Degree in Structural Engineering,2402ST,CE4110,7,Pavement Geotechnology,3-0-0,3.0,DE1
Civil and Environmental Engineering,Btech-Mtech Dual Degree in Structural Engineering,2402ST,CE5217,8,Geoinformatics for Engineers,3-0-0,3.0,DE2
Civil and Environmental Engineering,Btech-Mtech Dual Degree in Structural Engineering,2402ST,CE6206,8,Geotechnical Earthquake Engineering,3-0-0,3.0,DE2
Civil and Environmental Engineering,Btech-Mtech Dual Degree in Structural Engineering,2402ST,CE6207,8,Soil-Structure Interaction Analysis,3-0-0,3.0,DE2
Civil and Environmental Engineering,Btech-Mtech Dual Degree in Structural Engineering,2402ST,CE6209,8,Coupled Process in Fractured Geological Media,3-0-0,3.0,DE2
Civil and Environmental Engineering,Btech-Mtech Dual Degree in Structural Engineering,2402ST,CE6210,8,Ground Improvement Techniques,3-0-0,3.0,DE2
Civil and Environmental Engineering,Btech-Mtech Dual Degree in Structural Engineering,2402ST,CE6213,8,Design of Underground Excavations,3-0-0,3.0,DE2
Civil and Environmental Engineering,Btech-Mtech Dual Degree in Structural Engineering,2402ST,CE6215,8,Forensic Geotechnical Engineering,3-0-0,3.0,DE2
Civil and Environmental Engineering,Btech-Mtech Dual Degree in Structural Engineering,2402ST,CE6217,8,Advanced Steel Design,3-0-0,3.0,DE2
Civil and Environmental Engineering,Btech-Mtech Dual Degree in Structural Engineering,2402ST,CE6218,8,Finite Element Method,3-0-0,3.0,DE2
Civil and Environmental Engineering,Btech-Mtech Dual Degree in Structural Engineering,2402ST,CE6219,8,Structural Health Monitoring,3-0-0,3.0,DE2
Civil and Environmental Engineering,Btech-Mtech Dual Degree in Structural Engineering,2402ST,CE6220,8,Condition Assessment and Retrofitting of Structures,3-0-0,3.0,DE2
Civil and Environmental Engineering,Btech-Mtech Dual Degree in Structural Engineering,2402ST,CE6223,8,"Uncertainty, Risk and Reliability Analyses in Civil Engineering",3-0-0,3.0,DE2
Civil and Environmental Engineering,Btech-Mtech Dual Degree in Structural Engineering,2402ST,CE6224,8,Nonlinear Structural Mechanics,3-0-0,3.0,DE2
Civil and Environmental Engineering,Btech-Mtech Dual Degree in Structural Engineering,2402ST,CE6225,8,Theory of Random Vibration,3-0-0,3.0,DE2
Civil and Environmental Engineering,Btech-Mtech Dual Degree in Structural Engineering,2402ST,CE6226,8,Analysis of Structural Stability,3-0-0,3.0,DE2
Civil and Environmental Engineering,Btech-Mtech Dual Degree in Structural Engineering,2402ST,CE6117,9,Masonry Structures,3-0-0,3.0,DE3
Civil and Environmental Engineering,Btech-Mtech Dual Degree in Structural Engineering,2402ST,CE6118,9,Wind Analysis and Design of Structures,3-0-0,3.0,DE3
Civil and Environmental Engineering,Btech-Mtech Dual Degree in Structural Engineering,2402ST,CE6119,9,Special Topics in Structural Analysis,3-0-0,3.0,DE3
Civil and Environmental Engineering,Btech-Mtech Dual Degree in Structural Engineering,2402ST,CE6120,9,Analysis Plates and Shells Structure,3-0-0,3.0,DE3
Civil and Environmental Engineering,Btech-Mtech Dual Degree in Structural Engineering,2402ST,CE6115,9,Advanced Structural Mechanics,3-0-0,3.0,DE3
Civil and Environmental Engineering,Btech-Mtech Dual Degree in Structural Engineering,2402ST,CE6116,9,Bridge Engineering and Design,3-0-0,3.0,DE3
Civil and Environmental Engineering,Btech-Mtech Dual Degree in Structural Engineering,2402ST,CE6121,9,Prestressed Concrete Structure: Theory & Design,3-0-0,3.0,DE3
Civil and Environmental Engineering,Btech-Mtech Dual Degree in Structural Engineering,2402ST,CE6122,9,Advanced Concrete Technology,3-0-0,3.0,DE3
Civil and Environmental Engineering,Btech-Mtech Dual Degree in Structural Engineering,2402ST,CE6123,9,Structural Fire Engineering,3-0-0,3.0,DE3
Civil and Environmental Engineering,Btech-Mtech Dual Degree in Structural Engineering,2402ST,CE6130,9,Analytical Methods in Civil Engineering,3-0-0,3.0,DE3
Civil and Environmental Engineering,Btech-Mtech Dual Degree in Structural Engineering,2402ST,CE6106,9,Soil Dynamics,3-0-0,3.0,DE3
Civil and Environmental Engineering,Btech-Mtech Dual Degree in Structural Engineering,2402ST,CE6107,9,Rock Slope Engineering,3-0-0,3.0,DE3
Civil and Environmental Engineering,Btech-Mtech Dual Degree in Structural Engineering,2402ST,CE6108,9,Constitutive Modelling in Geotechnics,3-0-0,3.0,DE3
Civil and Environmental Engineering,Btech-Mtech Dual Degree in Structural Engineering,2402ST,CE6111,9,Rock Mechanics,3-0-0,3.0,DE3
Civil and Environmental Engineering,Btech-Mtech Dual Degree in Structural Engineering,2402ST,CE6113,9,Pavement Geotechnics,3-0-0,3.0,DE3
Civil and Environmental Engineering,Btech-Mtech Dual Degree in Structural Engineering,2402ST,CE6114,9,Probabilistic Methods in Geotechnical Engineering,3-0-0,3.0,DE3
Civil and Environmental Engineering,Btech-Mtech Dual Degree in Structural Engineering,2402ST,CE6128,9,Highway Geometric Design and Safety,3-0-0,3.0,DE3
Civil and Environmental Engineering,Btech-Mtech Dual Degree in Structural Engineering,2402ST,CE6129,9,Airport Engineering,3-0-0,3.0,DE3
Physsics,"B. Tech. in Engineering Physics and Minors in Physics, Nanoscience, Optics",2401PH,PH3230,6,Engineering Optics,3-0-0,3.0,DE1 and DE1I
Physsics,"B. Tech. in Engineering Physics and Minors in Physics, Nanoscience, Optics",2401PH,PH3231,6,Laser Physics,3-0-0,3.0,DE1 and DE1I
Physsics,"B. Tech. in Engineering Physics and Minors in Physics, Nanoscience, Optics",2401PH,PH3232,6,Cryogenic Engineering,3-0-0,3.0,DE1 and DE1I
Physsics,"B. Tech. in Engineering Physics and Minors in Physics, Nanoscience, Optics",2401PH,PH3233,6,Advanced Quantum Mechanics,3-0-0,3.0,DE1 and DE1I
Physsics,"B. Tech. in Engineering Physics and Minors in Physics, Nanoscience, Optics",2401PH,PH3234,6,Advanced Mathematical Methods,2-1-0,3.0,DE1 and DE1I
Physsics,"B. Tech. in Engineering Physics and Minors in Physics, Nanoscience, Optics",2401PH,PH3235,6,Electron Microscopy,3-0-0,3.0,DE1 and DE1I
Physsics,"B. Tech. in Engineering Physics and Minors in Physics, Nanoscience, Optics",2401PH,PH3236,6,Quantum Computation,2-1-0,3.0,DE1 and DE1I
Physsics,"B. Tech. in Engineering Physics and Minors in Physics, Nanoscience, Optics",2401PH,PH3237,6,Device Modeling and Design,2-1-0,3.0,DE1 and DE1I
Physsics,"B. Tech. in Engineering Physics and Minors in Physics, Nanoscience, Optics",2401PH,PH3238,6,Power Sources for Electric Vehicles,3-0-0,3.0,DE1 and DE1I
Physsics,"B. Tech. in Engineering Physics and Minors in Physics, Nanoscience, Optics",2401PH,PH4132/PH4232,"7,8",Thin Film Technology,2-1-0,3.0,DE1 and DE1I
Physsics,"B. Tech. in Engineering Physics and Minors in Physics, Nanoscience, Optics",2401PH,PH4135/PH4235,"7,8",X-ray and Applications,3-0-0,3.0,DE1II to DE5II
Physsics,"B. Tech. in Engineering Physics and Minors in Physics, Nanoscience, Optics",2401PH,PH4136/PH4236,"7,8",Optical Quantum Communication,3-0-0,3.0,DE1II to DE5II
Physsics,"B. Tech. in Engineering Physics and Minors in Physics, Nanoscience, Optics",2401PH,PH4137/PH4237,"7,8",Nanogenerators and Application in self- powered system,3-0-0,3.0,DE1II to DE5II
Physsics,"B. Tech. in Engineering Physics and Minors in Physics, Nanoscience, Optics",2401PH,PH4138/PH4238,"7,8",Medical Physics and Applications,2-1-0,3.0,DE1II to DE5II
Physsics,"B. Tech. in Engineering Physics and Minors in Physics, Nanoscience, Optics",2401PH,PH4139/PH4239,"7,8",Superconducting Qubits: Fundamentals and Operation,2-1-0,3.0,DE1II to DE5II
Physsics,"B. Tech. in Engineering Physics and Minors in Physics, Nanoscience, Optics",2401PH,PH4140/PH4240,"7,8",Atomtronics & Quantum Technology,3-0-0,3.0,DE1II to DE5II
Physsics,"B. Tech. in Engineering Physics and Minors in Physics, Nanoscience, Optics",2401PH,PH4141/PH4241,"7,8",Emerging Technologies in Photonics,3-0-0,3.0,DE1II to DE5II
Physsics,"B. Tech. in Engineering Physics and Minors in Physics, Nanoscience, Optics",2401PH,PH4142/PH4242,"7,8",Modeling Complex Systems,2-1-0,3.0,DE1II to DE5II
Physsics,"B. Tech. in Engineering Physics and Minors in Physics, Nanoscience, Optics",2401PH,PH4143/PH4243,"7,8",Computational methods for classical and quantum physics,2-1-0,3.0,DE1II to DE5II
Physsics,"B. Tech. in Engineering Physics and Minors in Physics, Nanoscience, Optics",2401PH,PH4144/PH4244,"7,8",AC Network Analysis,2-1-0,3.0,DE1II to DE5II
Physsics,"B. Tech. in Engineering Physics and Minors in Physics, Nanoscience, Optics",2401PH,PH4135/PH4235,"7,8",Solar Energy and Photovoltaics,3-0-0,3.0,DE1II to DE5II
Physsics,"B. Tech. in Engineering Physics and Minors in Physics, Nanoscience, Optics",2401PH,PH4146/PH4246,"7,8",Photovoltaics: Concepts and Applications,3-0-0,3.0,DE1II to DE5II
Physsics,"B. Tech. in Engineering Physics and Minors in Physics, Nanoscience, Optics",2401PH,PH2290,4,Fundamentals of Electromagnetism PH2291-Waves and Particles,3-0-0,3.0,IDE1
Physsics,"B. Tech. in Engineering Physics and Minors in Physics, Nanoscience, Optics",2401PH,EP2206,4,Fuel cell fundamentals,3-0-0,3.0,IDE1
Physsics,"B. Tech. in Engineering Physics and Minors in Physics, Nanoscience, Optics",2401PH,PH3190,5,Mechanics in Physics EP3106-Energy materials processing,3-0-0,3.0,IDE2
Physsics,"B. Tech. in Engineering Physics and Minors in Physics, Nanoscience, Optics",2401PH,PH4190,7,Photovoltaics and Fuel Cell Technology PH6190-Physics of complex systems,3-0-0,4.0,IDE3
Physsics,"B. Tech. in Engineering Physics and Minors in Physics, Nanoscience, Optics",2401PH,PH6191,7,Physics of Nanoscience,3-0-0,5.0,IDE3
Physsics,"B. Tech. in Engineering Physics and Minors in Physics, Nanoscience, Optics",2401PH,PH6192,7,Semiconductor Processing: An Interdisciplinary approach,3-0-0,6.0,IDE3
Department of Chemical and Biochemical Engineering,M. Tech. in Chemical Engineering,2411CB,CB6101,1,Principles of Electrochemical Engineering,3-0-0,3.0,DE1
Department of Chemical and Biochemical Engineering,M. Tech. in Chemical Engineering,2411CB,CB6102,1,Molecular Simulations: Principles & Applications,3-0-0,3.0,DE1
Department of Chemical and Biochemical Engineering,M. Tech. in Chemical Engineering,2411CB,CB6103,1,Nucleation and Crystallization Phenomena,3-0-0,3.0,DE1
Department of Chemical and Biochemical Engineering,M. Tech. in Chemical Engineering,2411CB,CB6104,1,Preparative Chromatography,3-0-0,3.0,DE1
Department of Chemical and Biochemical Engineering,M. Tech. in Chemical Engineering,2411CB,CB6105,1,CO2 Capture and Utilization,3-0-0,3.0,DE1I
Department of Chemical and Biochemical Engineering,M. Tech. in Chemical Engineering,2411CB,CB6106,1,Biological Wastewater Treatment,3-0-0,3.0,DE1I
Department of Chemical and Biochemical Engineering,M. Tech. in Chemical Engineering,2411CB,CB6107,1,Principles of Polymer Processing,3-0-0,3.0,DE1I
Department of Chemical and Biochemical Engineering,M. Tech. in Chemical Engineering,2411CB,CB6108,1,Artificial Intelligence in Chemical Engineering,3-0-0,3.0,DE1I
Department of Chemical and Biochemical Engineering,M. Tech. in Chemical Engineering,2411CB,CB6201,2,Photoelectrochemical and Photocatalytic Processes,3-0-0,3.0,DE1II
Department of Chemical and Biochemical Engineering,M. Tech. in Chemical Engineering,2411CB,CB6202,2,Colloids and Interfacial Engineering,3-0-0,3.0,DE1II
Department of Chemical and Biochemical Engineering,M. Tech. in Chemical Engineering,2411CB,CB6203,2,"Climate Change, Sustainability, and Engineering",3-0-0,3.0,DE1II
Department of Chemical and Biochemical Engineering,M. Tech. in Chemical Engineering,2411CB,CB6204,2,Advanced Numerical Methods in Chemical Engineering,3-0-0,3.0,DE1II
Department of Chemical and Biochemical Engineering,M. Tech. in Chemical Engineering,2411CB,CB6205,2,Optimization for Chemical Engineers,3-0-0,3.0,DE1V
Department of Chemical and Biochemical Engineering,M. Tech. in Chemical Engineering,2411CB,CB6206,2,Molecular Theory of Solutions,3-0-0,3.0,DE1V
Department of Chemical and Biochemical Engineering,M. Tech. in Chemical Engineering,2411CB,CB6207,2,Non-Newtonian Fluid Dynamics and Rheology,3-0-0,3.0,DE1V
Department of Chemical and Biochemical Engineering,M. Tech. in Chemical Engineering,2411CB,CB6208,2,Systematic Design of Chemical Processes,3-0-0,3.0,DE1V
Department of Chemical and Biochemical Engineering,M. Tech. in Chemical Engineering,2411CB,CB6209,2,Design of Experiments for Chemical Engineers,3-0-0,3.0,DE1V
Civil and Environmental Engineering,M. Tech. in Environmental Engineering,2411CE,CE6101,1,Atmospheric Physics and Chemistry,3-0-0,3.0,DE1
Civil and Environmental Engineering,M. Tech. in Environmental Engineering,2411CE,CE6102,1,"Sampling,     Analytical     Methods,     and Statistics for Environmental Engineering",3-0-0,3.0,DE1
Civil and Environmental Engineering,M. Tech. in Environmental Engineering,2411CE,CE6103,1,Environmental    Toxicology    and    Risk Assessment,3-0-0,3.0,DE1
Civil and Environmental Engineering,M. Tech. in Environmental Engineering,2411CE,CE6104,1,Environmental Hydraulics,3-0-0,3.0,DE1
Civil and Environmental Engineering,M. Tech. in Environmental Engineering,2411CE,CE6105,1,Atmospheric Science and Climate Change,3-0-0,3.0,DE1
Civil and Environmental Engineering,M. Tech. in Environmental Engineering,2411CE,CE6130,1,Analytical Methods in Civil Engineering,3-0-0,3.0,DE2
Civil and Environmental Engineering,M. Tech. in Environmental Engineering,2411CE,CE6114,1,Probalistic Methods in Geotechnical Engineering,3-0-0,3.0,DE2
Civil and Environmental Engineering,M. Tech. in Environmental Engineering,2411CE,CE6109,1,Geoenvironmental Engineering,3-0-0,3.0,DE2
Civil and Environmental Engineering,M. Tech. in Environmental Engineering,2411CE,CE5117,1,Water Resources Management,3-0-0,3.0,DE2
Civil and Environmental Engineering,M. Tech. in Environmental Engineering,2411CE,CE6131,1,Sustainability of Water Resources System,3-0-0,3.0,DE2
Civil and Environmental Engineering,M. Tech. in Environmental Engineering,2411CE,CE6201,2,E-waste Management for Circular Economy,3-0-0,3.0,DE3
Civil and Environmental Engineering,M. Tech. in Environmental Engineering,2411CE,CE6202,2,Industrial Pollution Control and Prevention,3-0-0,3.0,DE3
Civil and Environmental Engineering,M. Tech. in Environmental Engineering,2411CE,CE6203,2,Water Supply and Sewerage Network Design,3-0-0,3.0,DE3
Civil and Environmental Engineering,M. Tech. in Environmental Engineering,2411CE,CE6204,2,Design of Water and Wastewater Treatment Facilities,3-0-0,3.0,DE3
Civil and Environmental Engineering,M. Tech. in Environmental Engineering,2411CE,CE6205,2,Advanced Water and Wastewater Engineering,3-0-0,3.0,DE3
Civil and Environmental Engineering,M. Tech. in Environmental Engineering,2411CE,CE5217,2,Geoinformatics for Engineers,3-0-0,3.0,DE4
Civil and Environmental Engineering,M. Tech. in Environmental Engineering,2411CE,CE5218,2,Groundwater Hydrology,3-0-0,3.0,DE4
Civil and Environmental Engineering,M. Tech. in Environmental Engineering,2411CE,CE5219,2,Open Channel Hydraulics,3-0-0,3.0,DE4
Civil and Environmental Engineering,M. Tech. in Environmental Engineering,2411CE,CE6232,2,Porous Media Flow: Advanced topics,3-0-0,3.0,DE4
Civil and Environmental Engineering,M. Tech. in Environmental Engineering,2411CE,CE6208,2,Mine Wastes Generation and Management,3-0-0,3.0,DE4
Civil and Environmental Engineering,M. Tech. in Environmental Engineering,2411CE,CE6211,2,Utilization of industrial Byproducts for geotechnical application,3-0-0,3.0,DE4
Civil and Environmental Engineering,M. Tech. in Environmental Engineering,2411CE,CE6223,2,"Uncertainty, Risk and Reliability Analyses in Civil Engineering",3-0-0,3.0,DE4
Civil and Environmental Engineering,M. Tech. in Environmental Engineering,2411CE,CE6228,2,Analytical Techniques for Infrastructure Systems Analysis,3-0-0,3.0,DE4
Civil and Environmental Engineering,M. Tech. in Environmental Engineering,2411CE,CE6218,2,Finite Element Method,3-0-0,3.0,DE4
Civil and Environmental Engineering,Geotechnical Engineering,2411CE,CE6106,1,Soil Dynamics,3-0-0,3.0,DE1
Civil and Environmental Engineering,Geotechnical Engineering,2411CE,CE6107,1,Rock Slope Engineering,3-0-0,3.0,DE1
Civil and Environmental Engineering,Geotechnical Engineering,2411CE,CE6108,1, Constitutive Modelling in Geotechnics CE6109: Geoenvironmental Engineering,3-0-0,3.0,DE1
Civil and Environmental Engineering,Geotechnical Engineering,2411CE,CE6111,1,Rock Mechanics,3-0-0,3.0,DE2
Civil and Environmental Engineering,Geotechnical Engineering,2411CE,CE6112,1,Environmental Rock Engineering CE6113: Pavement Geotechnics,3-0-0,3.0,DE2
Civil and Environmental Engineering,Geotechnical Engineering,2411CE,CE6114,1,Probalistic Methods in Geotechnical Engineering,3-0-0,3.0,DE2
Civil and Environmental Engineering,Geotechnical Engineering,2411CE,CE6115,1,Advanced Structural Mechanics,3-0-0,3.0,DE2
Civil and Environmental Engineering,Geotechnical Engineering,2411CE,CE6116,1,Bridge Engineering and Design,3-0-0,3.0,DE2
Civil and Environmental Engineering,Geotechnical Engineering,2411CE,CE6103,1, Environmental Toxicology and Risk Assessment ,3-0-0,3.0,DE2
Civil and Environmental Engineering,Geotechnical Engineering,2411CE,CE6128,1,Highway Geometric Design and Safety,3-0-0,3.0,DE2
Civil and Environmental Engineering,Geotechnical Engineering,2411CE,CE6129,1,Airport Engineering,3-0-0,3.0,DE2
Civil and Environmental Engineering,Geotechnical Engineering,2411CE,CE6102,1,"Sampling, Analytical Methods, and Statistics for Environmental Engineering",3-0-0,3.0,DE2
Civil and Environmental Engineering,Geotechnical Engineering,2411CE,CE6125,1,Bituminous materials,3-0-0,3.0,DE2
Civil and Environmental Engineering,Geotechnical Engineering,2411CE,CE6206,2,Geotechnical Earthquake Engineering,3-0-0,3.0,DE3
Civil and Environmental Engineering,Geotechnical Engineering,2411CE,CE6207,2, Soil-Structure Interaction Analysis,3-0-0,3.0,DE3
Civil and Environmental Engineering,Geotechnical Engineering,2411CE,CE6208,2,Mine Wastes Generation and Management,3-0-0,3.0,DE3
Civil and Environmental Engineering,Geotechnical Engineering,2411CE,CE6209,2,Coupled Process in Fractured Geological Media,3-0-0,3.0,DE3
Civil and Environmental Engineering,Geotechnical Engineering,2411CE,CE6210,2,Ground Improvement Techniques,3-0-0,3.0,DE3
Civil and Environmental Engineering,Geotechnical Engineering,2411CE,CE6211,2, Utilization of industrial byproducts for geotechnical applications,3-0-0,3.0,DE3
Civil and Environmental Engineering,Geotechnical Engineering,2411CE,CE6212,2, Rock Engineering for River Valley Projects,3-0-0,3.0,DE3
Civil and Environmental Engineering,Geotechnical Engineering,2411CE,CE6213,2,Design of Underground Excavations,3-0-0,3.0,DE4
Civil and Environmental Engineering,Geotechnical Engineering,2411CE,CE6214,2,Special Topics in Geotechnical Engineering,3-0-0,3.0,DE4
Civil and Environmental Engineering,Geotechnical Engineering,2411CE,CE6215,2,Forensic Geotechnical Engineering,3-0-0,3.0,DE4
Civil and Environmental Engineering,Geotechnical Engineering,2411CE,CE6218,2,Finite Element Method,3-0-0,3.0,DE4
Civil and Environmental Engineering,Geotechnical Engineering,2411CE,CE6223,2," Uncertainty, Risk and Reliability Analyses in Civil Engineering",3-0-0,3.0,DE4
Civil and Environmental Engineering,Geotechnical Engineering,2411CE, CE6231,2,Advanced Pavement Material Characterization,3-0-0,3.0,DE4
Civil and Environmental Engineering,Geotechnical Engineering,2411CE,CE5217,2,Geoinformatics for Engineers,3-0-0,3.0,DE4
Civil and Environmental Engineering,Geotechnical Engineering,2411CE, CE5218,2,Groundwater Hydrology,3-0-0,3.0,DE4
Civil and Environmental Engineering,Geotechnical Engineering,2411CE,CE5219,2,Open Channel Hydraulics,3-0-0,3.0,DE4
Civil and Environmental Engineering,Geotechnical Engineering,2411CE,CE6219,2,Structural Health Monitoring,3-0-0,3.0,DE4
Civil and Environmental Engineering,Geotechnical Engineering,2411CE,CE6220,2,Condition Assessment and Retrofitting of Structures,3-0-0,3.0,DE4
Civil and Environmental Engineering,Geotechnical Engineering,2411CE, CE6228,2,Analytical Techniques for Infrastructure Systems Analysis,3-0-0,3.0,DE4
Civil and Environmental Engineering,Geotechnical Engineering,2411CE,CE6229,2,Advanced Flexible Pavement Analysis and Design,3-0-0,3.0,DE4
Civil and Environmental Engineering,Geotechnical Engineering,2411CE,CE6230,2,Advanced Concrete Pavement Analysis and Design,3-0-0,3.0,DE4
Civil and Environmental Engineering,M. Tech. in Rock Engineering for Infrastructure Development,2411CE,CE6106,1,Soil Dynamics,3-0-0,3.0,DE1
Civil and Environmental Engineering,M. Tech. in Rock Engineering for Infrastructure Development,2411CE,CE6107,1,Rock Slope Engineering,3-0-0,3.0,DE1
Civil and Environmental Engineering,M. Tech. in Rock Engineering for Infrastructure Development,2411CE,CE6108,1,Constitutive Modelling in Geotechnics,3-0-0,3.0,DE1
Civil and Environmental Engineering,M. Tech. in Rock Engineering for Infrastructure Development,2411CE,CE6109,1,Geoenvironmental Engineering,3-0-0,3.0,DE1
Civil and Environmental Engineering,M. Tech. in Rock Engineering for Infrastructure Development,2411CE,CE6110,1,Biogeotechnics,3-0-0,3.0,DE1
Civil and Environmental Engineering,M. Tech. in Rock Engineering for Infrastructure Development,2411CE,CE6111,1,Rock Mechanics,3-0-0,3.0,DE2
Civil and Environmental Engineering,M. Tech. in Rock Engineering for Infrastructure Development,2411CE,CE6112,1,Environmental Rock Engineering,3-0-0,3.0,DE2
Civil and Environmental Engineering,M. Tech. in Rock Engineering for Infrastructure Development,2411CE,CE6113,1,Pavement Geotechnics,3-0-0,3.0,DE2
Civil and Environmental Engineering,M. Tech. in Rock Engineering for Infrastructure Development,2411CE,CE6114,1,Probalistic Methods in Geotechnical Engineering,3-0-0,3.0,DE2
Civil and Environmental Engineering,M. Tech. in Rock Engineering for Infrastructure Development,2411CE,CE6206,2,Geotechnical Earthquake Engineering,3-0-0,3.0,DE3
Civil and Environmental Engineering,M. Tech. in Rock Engineering for Infrastructure Development,2411CE,CE6207,2,Soil-Structure Interaction Analysis,3-0-0,3.0,DE3
Civil and Environmental Engineering,M. Tech. in Rock Engineering for Infrastructure Development,2411CE,CE6208,2,Mine Wastes Generation and Management,3-0-0,3.0,DE3
Civil and Environmental Engineering,M. Tech. in Rock Engineering for Infrastructure Development,2411CE,CE6209,2,Coupled Process in Fractured Geological Media,3-0-0,3.0,DE3
Civil and Environmental Engineering,M. Tech. in Rock Engineering for Infrastructure Development,2411CE,CE6210,2,Ground Improvement Techniques,3-0-0,3.0,DE3
Civil and Environmental Engineering,M. Tech. in Rock Engineering for Infrastructure Development,2411CE,CE6211,2,Utilization of industrial byproducts for geotechnical applications,3-0-0,3.0,DE3
Civil and Environmental Engineering,M. Tech. in Rock Engineering for Infrastructure Development,2411CE,CE6212,2,Rock Engineering for River Valley Projects,3-0-0,3.0,DE3
Civil and Environmental Engineering,M. Tech. in Rock Engineering for Infrastructure Development,2411CE,CE6213,2,Design of Underground Excavations,3-0-0,3.0,DE4
Civil and Environmental Engineering,M. Tech. in Rock Engineering for Infrastructure Development,2411CE,CE6214,2,Special Topics in Rock Engineering for Infrastructural Development,3-0-0,3.0,DE4
Civil and Environmental Engineering,M. Tech. in Rock Engineering for Infrastructure Development,2411CE,CE6215,2,Forensic Geotechnical Engineering,3-0-0,3.0,DE4
Transportation Engineering,M. Tech. in Transportation Engineering,2411CE,CE6125,1,Bituminous Materials,3-0-0,3.0,DE1
Transportation Engineering,M. Tech. in Transportation Engineering,2411CE,CE6126,1,Intelligent Transportation Systems,3-0-0,3.0,DE1
Transportation Engineering,M. Tech. in Transportation Engineering,2411CE,CE6127,1,Pavement Management Systems,3-0-0,3.0,DE1
Transportation Engineering,M. Tech. in Transportation Engineering,2411CE,CE6128,1,Highway Geometric Design and Safety,3-0-0,3.0,DE2
Transportation Engineering,M. Tech. in Transportation Engineering,2411CE,CE6129,1,Airport Engineering,3-0-0,3.0,DE2
Transportation Engineering,M. Tech. in Transportation Engineering,2411CE,CE6130,1,Analytical Methods in Civil Engineering,3-0-0,3.0,DE2
Transportation Engineering,M. Tech. in Transportation Engineering,2411CE,CE6113,1,Pavement Geotechniques,3-0-0,3.0,DE2
Transportation Engineering,M. Tech. in Transportation Engineering,2411CE,CE6106,1,Soil Dynamics,3-0-0,3.0,DE2
Transportation Engineering,M. Tech. in Transportation Engineering,2411CE,CE6107,1,Rock Slope Engineering,3-0-0,3.0,DE2
Transportation Engineering,M. Tech. in Transportation Engineering,2411CE,CE6122,1,Advanced Concrete Technology,3-0-0,3.0,DE2
Transportation Engineering,M. Tech. in Transportation Engineering,2411CE,CE6116,1,Bridge Engineering and Design,3-0-0,3.0,DE2
Transportation Engineering,M. Tech. in Transportation Engineering,2411CE,CE6111,1,Rock Mechanics,3-0-0,3.0,DE2
Transportation Engineering,M. Tech. in Transportation Engineering,2411CE,CE6114,1,Probabilistic Methods in Geotechnical Engineering,3-0-0,3.0,DE2
Transportation Engineering,M. Tech. in Transportation Engineering,2411CE,CE6108,1,Constitutive Modelling in Geotechnics,3-0-0,3.0,DE2
Transportation Engineering,M. Tech. in Transportation Engineering,2411CE,CE6102,1,"Sampling, Analytical Methods, and Statistics for Environmental Engineering",3-0-0,3.0,DE2
Transportation Engineering,M. Tech. in Transportation Engineering,2411CE,CE6227,2,Traffic Flow Theory,3-0-0,3.0,DE3
Transportation Engineering,M. Tech. in Transportation Engineering,2411CE,CE6228,2,Analytical Techniques for Infrastructure Systems Analysis,3-0-0,3.0,DE3
Transportation Engineering,M. Tech. in Transportation Engineering,2411CE,CE6229,2,Advanced Flexible Pavement Analysis and Design,3-0-0,3.0,DE3
Transportation Engineering,M. Tech. in Transportation Engineering,2411CE,CE6230,2,Advanced Concrete Pavement Analysis and Design,3-0-0,3.0,DE4
Transportation Engineering,M. Tech. in Transportation Engineering,2411CE,CE6231,2,Advanced Pavement Material Characterization,3-0-0,3.0,DE4
Transportation Engineering,M. Tech. in Transportation Engineering,2411CE,CE6223,2,"Uncertainty, Risk and Reliability Analyses in Civil Engineering",3-0-0,3.0,DE4
Transportation Engineering,M. Tech. in Transportation Engineering,2411CE,CE6218,2,Finite Element Method,3-0-0,3.0,DE4
Transportation Engineering,M. Tech. in Transportation Engineering,2411CE,CE6211,2,Utilization of Industrial Byproducts for Geotechnical Applications,3-0-0,3.0,DE4
Transportation Engineering,M. Tech. in Transportation Engineering,2411CE,CE6210,2,Ground Improvement Techniques,3-0-0,3.0,DE4
Transportation Engineering,M. Tech. in Transportation Engineering,2411CE,CE5217,2,Geoinformatics for Engineers,3-0-0,3.0,DE4
Transportation Engineering,M. Tech. in Transportation Engineering,2411CE,CE6213,2,Design of Underground Excavations,3-0-0,3.0,DE4
Transportation Engineering,M. Tech. in Transportation Engineering,2411CE,CE6214,2,Special Topics in Geotechnical Engineering,3-0-0,3.0,DE4
Transportation Engineering,M. Tech. in Transportation Engineering,2411CE,CE6215,2,Forensic Geotechnical Engineering,3-0-0,3.0,DE4
Transportation Engineering,M. Tech. in Transportation Engineering,2411CE,CE6219,2,Structural Health Monitoring,3-0-0,3.0,DE4
Transportation Engineering,M. Tech. in Transportation Engineering,2411CE,CE6206,2,Geotechnical Earthquake Engineering,3-0-0,3.0,DE4
Transportation Engineering,M. Tech. in Transportation Engineering,2411CE,CE6208,2,Mine Wastes Generation and Management,3-0-0,3.0,DE4
Transportation Engineering,M. Tech. in Transportation Engineering,2411CE,CE6209,2,Coupled Process in Fractured Geological Media,3-0-0,3.0,DE4
Structural Engineering,Mtech in Structural Engineering,2411CE,CE6115,1,Advanced Structural Mechanics,3-0-0,3.0,DE1
Structural Engineering,Mtech in Structural Engineering,2411CE,CE6116,1,Bridge Engineering and Design,3-0-0,3.0,DE1
Structural Engineering,Mtech in Structural Engineering,2411CE,CE6117,1,Masonry Structures,3-0-0,3.0,DE1
Structural Engineering,Mtech in Structural Engineering,2411CE,CE6118,1,Wind Analysis and Design of Structures,3-0-0,3.0,DE1
Structural Engineering,Mtech in Structural Engineering,2411CE,CE6119,1,Special Topics in Structural Analysis,3-0-0,3.0,DE1
Structural Engineering,Mtech in Structural Engineering,2411CE,CE6120,1,Analysis Plates and Shells Structure,3-0-0,3.0,DE1
Structural Engineering,Mtech in Structural Engineering,2411CE,CE6130,1,Analytical Methods in Civil Engineering,3-0-0,3.0,DE2
Structural Engineering,Mtech in Structural Engineering,2411CE,CE6121,1,Prestressed Concrete Structure: Theory & Design,3-0-0,3.0,DE2
Structural Engineering,Mtech in Structural Engineering,2411CE,CE6122,1,Advanced Concrete Technology,3-0-0,3.0,DE2
Structural Engineering,Mtech in Structural Engineering,2411CE,CE6123,1,Structural Fire Engineering,3-0-0,3.0,DE2
Structural Engineering,Mtech in Structural Engineering,2411CE,CE6124,1,Advanced Structural Dynamics,3-0-0,3.0,DE2
Structural Engineering,Mtech in Structural Engineering,2411CE,CE6129,1,Airport Engineering,3-0-0,3.0,DE2
Structural Engineering,Mtech in Structural Engineering,2411CE,CE6128,1,Highway Geometric Design and Safety,3-0-0,3.0,DE2
Structural Engineering,Mtech in Structural Engineering,2411CE,CE6108,1,Constitutive Modelling in Geotechnics,3-0-0,3.0,DE2
Structural Engineering,Mtech in Structural Engineering,2411CE,CE6106,1,Soil Dynamics,3-0-0,3.0,DE2
Structural Engineering,Mtech in Structural Engineering,2411CE,CE6107,1,Rock Slope Engineering,3-0-0,3.0,DE2
Structural Engineering,Mtech in Structural Engineering,2411CE,CE6111,1,Rock Mechanics,3-0-0,3.0,DE2
Structural Engineering,Mtech in Structural Engineering,2411CE,CE6113,1,Pavement Geotechnics,3-0-0,3.0,DE2
Structural Engineering,Mtech in Structural Engineering,2411CE,CE6114,1,Probabilistic Methods in Geotechnical Engineering,3-0-0,3.0,DE2
Structural Engineering,Mtech in Structural Engineering,2411CE,CE6115,2,Advanced Structural Mechanics,3-0-0,3.0,DE3
Structural Engineering,Mtech in Structural Engineering,2411CE,CE6116,2,Bridge Engineering and Design,3-0-0,3.0,DE3
Structural Engineering,Mtech in Structural Engineering,2411CE,CE6117,2,Masonry Structures,3-0-0,3.0,DE3
Structural Engineering,Mtech in Structural Engineering,2411CE,CE6118,2,Wind Analysis and Design of Structures,3-0-0,3.0,DE3
Structural Engineering,Mtech in Structural Engineering,2411CE,CE6119,2,Special Topics in Structural Analysis,3-0-0,3.0,DE3
Structural Engineering,Mtech in Structural Engineering,2411CE,CE6120,2,Analysis Plates and Shells Structure,3-0-0,3.0,DE3
Structural Engineering,Mtech in Structural Engineering,2411CE,CE6223,2,"Uncertainty, Risk and Reliability Analyses in Civil Engineering",3-0-0,3.0,DE4
Structural Engineering,Mtech in Structural Engineering,2411CE,CE6224,2,Nonlinear Structural Mechanics,3-0-0,3.0,DE4
Structural Engineering,Mtech in Structural Engineering,2411CE,CE6225,2,Theory of Random Vibration,3-0-0,3.0,DE4
Structural Engineering,Mtech in Structural Engineering,2411CE,CE6226,2,Analysis of Structural Stability,3-0-0,3.0,DE4
Structural Engineering,Mtech in Structural Engineering,2411CE,CE6228,2,Analytical Techniques for Infrastructure Systems Analysis,3-0-0,3.0,DE4
Structural Engineering,Mtech in Structural Engineering,2411CE,CE6230,2,Advanced Concrete Pavement Analysis and Design,3-0-0,3.0,DE4
Structural Engineering,Mtech in Structural Engineering,2411CE,CE6206,2,Geotechnical Earthquake Engineering,3-0-0,3.0,DE4
Structural Engineering,Mtech in Structural Engineering,2411CE,CE6207,2,Soil-Structure Interaction Analysis,3-0-0,3.0,DE4
Structural Engineering,Mtech in Structural Engineering,2411CE,CE6210,2,Ground Improvement Techniques,3-0-0,3.0,DE4
Structural Engineering,Mtech in Structural Engineering,2411CE,CE6209,2,Coupled Process in Fractured Geological Media,3-0-0,3.0,DE4
Structural Engineering,Mtech in Structural Engineering,2411CE,CE6213,2,Design of Underground Excavations,3-0-0,3.0,DE4
Structural Engineering,Mtech in Structural Engineering,2411CE,CE6215,2,Forensic Geotechnical Engineering,3-0-0,3.0,DE4
Structural Engineering,Mtech in Structural Engineering,2411CE,CE5217,2,Geoinformatics for Engineers,3-0-0,3.0,DE4
Civil Engineering,Mtech in Civil Engineering,2411CE,CE5103,1,Solid and Hazardous Waste Management,3-0-0,3.0,DE1/DE2/DE3
Civil Engineering,Mtech in Civil Engineering,2411CE,CE5117,1,Water Resources Management,3-0-0,3.0,DE1/DE2/DE3
Civil Engineering,Mtech in Civil Engineering,2411CE,CE6131,1,Sustainability of Water Resources System,3-0-0,3.0,DE1/DE2/DE3
Civil Engineering,Mtech in Civil Engineering,2411CE,CE6101,1,Atmospheric Physics and Chemistry,3-0-0,3.0,DE1/DE2/DE3
Civil Engineering,Mtech in Civil Engineering,2411CE,CE6102,1,"Sampling, Analytical Methods, and Statistics for Environmental Engg.",3-0-0,3.0,DE1/DE2/DE3
Civil Engineering,Mtech in Civil Engineering,2411CE,CE6103,1,Environmental Toxicology and Risk Assessment,3-0-0,3.0,DE1/DE2/DE3
Civil Engineering,Mtech in Civil Engineering,2411CE,CE6104,1,Environmental Hydraulics,3-0-0,3.0,DE1/DE2/DE3
Civil Engineering,Mtech in Civil Engineering,2411CE,CE6105,1,Atmospheric Science and Climate Change,3-0-0,3.0,DE1/DE2/DE3
Civil Engineering,Mtech in Civil Engineering,2411CE,CE6106,1,Soil Dynamics,3-0-0,3.0,DE1/DE2/DE3
Civil Engineering,Mtech in Civil Engineering,2411CE,CE6107,1,Rock Slope Engineering,3-0-0,3.0,DE1/DE2/DE3
Civil Engineering,Mtech in Civil Engineering,2411CE,CE6108,1,Constitutive Modelling in Geotechnics,3-0-0,3.0,DE1/DE2/DE3
Civil Engineering,Mtech in Civil Engineering,2411CE,CE6109,1,Geoenvironmental Engineering,3-0-0,3.0,DE1/DE2/DE3
Civil Engineering,Mtech in Civil Engineering,2411CE,CE6110,1,Biogeotechnics,3-0-0,3.0,DE1/DE2/DE3
Civil Engineering,Mtech in Civil Engineering,2411CE,CE6111,1,Rock Mechanics,3-0-0,3.0,DE1/DE2/DE3
Civil Engineering,Mtech in Civil Engineering,2411CE,CE6112,1,Environmental Rock Engineering,3-0-0,3.0,DE1/DE2/DE3
Civil Engineering,Mtech in Civil Engineering,2411CE,CE6113,1,Pavement Geotechnics,3-0-0,3.0,DE1/DE2/DE3
Civil Engineering,Mtech in Civil Engineering,2411CE,CE6114,1,Probabilistic Methods in Geotechnical Engineering,3-0-0,3.0,DE1/DE2/DE3
Civil Engineering,Mtech in Civil Engineering,2411CE,CE6115,1,Advanced Structural Mechanics,3-0-0,3.0,DE1/DE2/DE3
Civil Engineering,Mtech in Civil Engineering,2411CE,CE6116,1,Bridge Engineering and Design,3-0-0,3.0,DE1/DE2/DE3
Civil Engineering,Mtech in Civil Engineering,2411CE,CE6117,1,Masonry Structures,3-0-0,3.0,DE1/DE2/DE3
Civil Engineering,Mtech in Civil Engineering,2411CE,CE6118,1,Wind Analysis and Design of Structures,3-0-0,3.0,DE1/DE2/DE3
Civil Engineering,Mtech in Civil Engineering,2411CE,CE6119,1,Special Topics in Structural Analysis,3-0-0,3.0,DE1/DE2/DE3
Civil Engineering,Mtech in Civil Engineering,2411CE,CE6120,1,Analysis Plates and Shells Structure,3-0-0,3.0,DE1/DE2/DE3
Civil Engineering,Mtech in Civil Engineering,2411CE,CE6121,1,Prestressed Concrete Structure: Theory & Design,3-0-0,3.0,DE1/DE2/DE3
Civil Engineering,Mtech in Civil Engineering,2411CE,CE6122,1,Advanced Concrete Technology,3-0-0,3.0,DE1/DE2/DE3
Civil Engineering,Mtech in Civil Engineering,2411CE,CE6123,1,Structural Fire Engineering,3-0-0,3.0,DE1/DE2/DE3
Civil Engineering,Mtech in Civil Engineering,2411CE,CE6124,1,Advanced Structural Dynamics,3-0-0,3.0,DE1/DE2/DE3
Civil Engineering,Mtech in Civil Engineering,2411CE,CE6125,1,Bituminous Materials,3-0-0,3.0,DE1/DE2/DE3
Civil Engineering,Mtech in Civil Engineering,2411CE,CE6126,1,Intelligent Transportation Systems,3-0-0,3.0,DE1/DE2/DE3
Civil Engineering,Mtech in Civil Engineering,2411CE,CE6127,1,Pavement Management Systems,3-0-0,3.0,DE1/DE2/DE3
Civil Engineering,Mtech in Civil Engineering,2411CE,CE6128,1,Highway Geometric Design and Safety,3-0-0,3.0,DE1/DE2/DE3
Civil Engineering,Mtech in Civil Engineering,2411CE,CE6129,1,Airport Engineering,3-0-0,3.0,DE1/DE2/DE3
Civil Engineering,Mtech in Civil Engineering,2411CE,CE6130,1,Analytical Methods in Civil Engineering,3-0-0,3.0,DE1/DE2/DE3
Civil Engineering,Mtech in Civil Engineering,2411CE,CE5217,2,Geoinformatics for Engineers,3-0-0,3.0,DE4/DE5/DE6
Civil Engineering,Mtech in Civil Engineering,2411CE,CE5218,2,Groundwater Hydrology,3-0-0,3.0,DE4/DE5/DE6
Civil Engineering,Mtech in Civil Engineering,2411CE,CE5219,2,Open Channel Hydraulics,3-0-0,3.0,DE4/DE5/DE6
Civil Engineering,Mtech in Civil Engineering,2411CE,CE6232,2,Porous Media Flow: Advanced Topics,3-0-0,3.0,DE4/DE5/DE6
Civil Engineering,Mtech in Civil Engineering,2411CE,CE6201,2,E-waste Management for Circular Economy,3-0-0,3.0,DE4/DE5/DE6
Civil Engineering,Mtech in Civil Engineering,2411CE,CE6202,2,Industrial Pollution Control and Prevention,3-0-0,3.0,DE4/DE5/DE6
Civil Engineering,Mtech in Civil Engineering,2411CE,CE6203,2,Water Supply and Sewerage Network Design,3-0-0,3.0,DE4/DE5/DE6
Civil Engineering,Mtech in Civil Engineering,2411CE,CE6204,2,Design of Water and Wastewater Treatment Facilities,3-0-0,3.0,DE4/DE5/DE6
Civil Engineering,Mtech in Civil Engineering,2411CE,CE6205,2,Advanced Water and Wastewater Engineering,3-0-0,3.0,DE4/DE5/DE6
Civil Engineering,Mtech in Civil Engineering,2411CE,CE6206,2,Geotechnical Earthquake Engineering,3-0-0,3.0,DE4/DE5/DE6
Civil Engineering,Mtech in Civil Engineering,2411CE,CE6207,2,Soil-Structure Interaction Analysis,3-0-0,3.0,DE4/DE5/DE6
Civil Engineering,Mtech in Civil Engineering,2411CE,CE6208,2,Mine Wastes Generation and Management,3-0-0,3.0,DE4/DE5/DE6
Civil Engineering,Mtech in Civil Engineering,2411CE,CE6209,2,Coupled Processes in Fractured Geological Media,3-0-0,3.0,DE4/DE5/DE6
Civil Engineering,Mtech in Civil Engineering,2411CE,CE6210,2,Ground Improvement Techniques,3-0-0,3.0,DE4/DE5/DE6
Civil Engineering,Mtech in Civil Engineering,2411CE,CE6211,2,Utilization of Industrial Byproducts for Geotechnical Applications,3-0-0,3.0,DE4/DE5/DE6
Civil Engineering,Mtech in Civil Engineering,2411CE,CE6212,2,Rock Engineering for River Valley Projects,3-0-0,3.0,DE4/DE5/DE6
Civil Engineering,Mtech in Civil Engineering,2411CE,CE6213,2,Design of Underground Excavations,3-0-0,3.0,DE4/DE5/DE6
Civil Engineering,Mtech in Civil Engineering,2411CE,CE6214,2,Special Topics in Geotechnical Engineering,3-0-0,3.0,DE4/DE5/DE6
Civil Engineering,Mtech in Civil Engineering,2411CE,CE6215,2,Forensic Geotechnical Engineering,3-0-0,3.0,DE4/DE5/DE6
Civil Engineering,Mtech in Civil Engineering,2411CE,CE6216,2,Special Topics in Rock Engineering for Infrastructural Development,3-0-0,3.0,DE4/DE5/DE6
Civil Engineering,Mtech in Civil Engineering,2411CE,CE6227,2,Traffic Flow Theory,3-0-0,3.0,DE4/DE5/DE6
Civil Engineering,Mtech in Civil Engineering,2411CE,CE6228,2,Analytical Techniques for Infrastructure Systems Analysis,3-0-0,3.0,DE4/DE5/DE6
Civil Engineering,Mtech in Civil Engineering,2411CE,CE6229,2,Advanced Flexible Pavement Analysis and Design,3-0-0,3.0,DE4/DE5/DE6
Civil Engineering,Mtech in Civil Engineering,2411CE,CE6230,2,Advanced Concrete Pavement Analysis and Design,3-0-0,3.0,DE4/DE5/DE6
Civil Engineering,Mtech in Civil Engineering,2411CE,CE6231,2,Advanced Pavement Material Characterization,3-0-0,3.0,DE4/DE5/DE6
Civil Engineering,Mtech in Civil Engineering,2411CE,CE6133,1,Data Science for Engineers,3-0-0,3.0,IDE
Computer Science & Engineering,M. Tech. in Artificial Intelligence,2411AI,CS6121,1,Advanced Blockchain Technology,3-0-0,3.0,DE1
Computer Science & Engineering,M. Tech. in Artificial Intelligence,2411AI,CS6122,1,Advanced Cyber Security,3-0-0,3.0,DE1
Computer Science & Engineering,M. Tech. in Artificial Intelligence,2411AI,CS6123,1,Advanced Pattern Recognition,3-0-0,3.0,DE1
Computer Science & Engineering,M. Tech. in Artificial Intelligence,2411AI,CS6124,1,Formal Methods in Program Analysis and Verification,3-0-0,3.0,DE1
Computer Science & Engineering,M. Tech. in Artificial Intelligence,2411AI,CS6130,1,Federated Learning,3-0-0,3.0,DE1
Computer Science & Engineering,M. Tech. in Artificial Intelligence,2411AI,CS6127,1,Advanced Cloud Computing,3-0-0,3.0,DE2
Computer Science & Engineering,M. Tech. in Artificial Intelligence,2411AI,CS6128,1,Advanced Edge Computing,3-0-0,3.0,DE2
Computer Science & Engineering,M. Tech. in Artificial Intelligence,2411AI,CS6129,1,Advanced Computational Data Analysis,3-0-0,3.0,DE2
Computer Science & Engineering,M. Tech. in Artificial Intelligence,2411AI,CS6131,1,Reinforcement Learning,3-0-0,3.0,DE2
Computer Science & Engineering,M. Tech. in Artificial Intelligence,2411AI,CS6132,1,Advanced Graph Machine Learning,3-0-0,3.0,DE2
Computer Science & Engineering,M. Tech. in Artificial Intelligence,2411AI,CS6133,1,Advanced Time Series Analysis,3-0-0,3.0,DE2
Computer Science & Engineering,M. Tech. in Artificial Intelligence,2411AI,CS6221,2,Artificial Internet of Things,3-0-0,3.0,DE3
Computer Science & Engineering,M. Tech. in Artificial Intelligence,2411AI,CS6222,2,Game Theory,3-0-0,3.0,DE3
Computer Science & Engineering,M. Tech. in Artificial Intelligence,2411AI,CS6224,2,Text Mining & Analytics,3-0-0,3.0,DE3
Computer Science & Engineering,M. Tech. in Artificial Intelligence,2411AI,CS6225,2,Knowledge Distillation,3-0-0,3.0,DE4
Computer Science & Engineering,M. Tech. in Artificial Intelligence,2411AI,CS6227,2,Physics of Neural Network,3-0-0,3.0,DE4
Computer Science & Engineering,M. Tech. in Artificial Intelligence,2411AI,CS6228,2,Selected Topics in Wireless Networks,3-0-0,3.0,DE4
Computer Science & Engineering,M. Tech. in Artificial Intelligence,2411AI,CS6229,2,Advanced Big Data Analytics,3-0-0,3.0,DE4
Computer Science & Engineering,M. Tech. in Artificial Intelligence,2411AI,CS6223,2,Quantum Machine Learning,3-0-0,3.0,DE5
Computer Science & Engineering,M. Tech. in Artificial Intelligence,2411AI,CS6230,2,Meta Learning,3-0-0,3.0,DE5
Computer Science & Engineering,M. Tech. in Artificial Intelligence,2411AI,CS6233,2,Selective Topics in Generative AI,3-0-0,3.0,DE5
Computer Science & Engineering,M. Tech. in Artificial Intelligence,2411AI,CS6109,1,Drone Data Processing & Analysis,3-0-0,3.0,IDE1
Computer Science & Engineering,M. Tech. in Artificial Intelligence,,,,,,,
Computer Science & Engineering,M. Tech. in Artificial Intelligence,,,,,,,
Computer Science & Engineering,M. Tech. in Artificial Intelligence,,,,,,,
Computer Science & Engineering,M. Tech. in Artificial Intelligence,,,,,,,
Computer Science & Engineering,M. Tech. in Artificial Intelligence,,,,,,,
Computer Science & Engineering,M. Tech. in Computer Science & Engineering,2411CS,CS6121,1,Advanced Blockchain Technology,3-0-0,3.0,DE1
Computer Science & Engineering,M. Tech. in Computer Science & Engineering,2411CS,CS6122,1,Advanced Cyber Security,3-0-0,3.0,DE1
Computer Science & Engineering,M. Tech. in Computer Science & Engineering,2411CS,CS6123,1,Advanced Pattern Recognition,3-0-0,3.0,DE1
Computer Science & Engineering,M. Tech. in Computer Science & Engineering,2411CS,CS6124,1,Formal Methods in Program Analysis and Verification,3-0-0,3.0,DE1
Computer Science & Engineering,M. Tech. in Computer Science & Engineering,2411CS,CS6125,1,Cyber Physical Systems,3-0-0,3.0,DE1
Computer Science & Engineering,M. Tech. in Computer Science & Engineering,2411CS,CS6127,1,Advanced Cloud Computing,3-0-0,3.0,DE2
Computer Science & Engineering,M. Tech. in Computer Science & Engineering,2411CS,CS6128,1,Advanced Edge Computing,3-0-0,3.0,DE2
Computer Science & Engineering,M. Tech. in Computer Science & Engineering,2411CS,CS6129,1,Advanced Computational Data Analysis,3-0-0,3.0,DE2
Computer Science & Engineering,M. Tech. in Computer Science & Engineering,2411CS,CS6131,1,Reinforcement Learning,3-0-0,3.0,DE2
Computer Science & Engineering,M. Tech. in Computer Science & Engineering,2411CS,CS6132,1,Advanced Graph Machine Learning,3-0-0,3.0,DE2
Computer Science & Engineering,M. Tech. in Computer Science & Engineering,2411CS,CS6133,1,Advanced Time Series Analysis,3-0-0,3.0,DE2
Computer Science & Engineering,M. Tech. in Computer Science & Engineering,2411CS,CS6109,1,Drone Data Processing & Analysis,3-0-0,3.0,IDE
Computer Science & Engineering,M. Tech. in Computer Science & Engineering,2411CS,CS6221,2,Artificial Internet of Things,3-0-0,3.0,DE3
Computer Science & Engineering,M. Tech. in Computer Science & Engineering,2411CS,CS6222,2,Game Theory,3-0-0,3.0,DE3
Computer Science & Engineering,M. Tech. in Computer Science & Engineering,2411CS,CS6223,2,Quantum Machine Learning,3-0-0,3.0,DE3
Computer Science & Engineering,M. Tech. in Computer Science & Engineering,2411CS,CS6224,2,Text Mining & Analytics,3-0-0,3.0,DE3
Computer Science & Engineering,M. Tech. in Computer Science & Engineering,2411CS,CS6225,2,Knowledge Distillation,3-0-0,3.0,DE3
Computer Science & Engineering,M. Tech. in Computer Science & Engineering,2411CS,CS6226,2,Quantum Cyber Security,3-0-0,3.0,DE4
Computer Science & Engineering,M. Tech. in Computer Science & Engineering,2411CS,CS6228,2,Selected Topics in Wireless Networks,3-0-0,3.0,DE4
Computer Science & Engineering,M. Tech. in Computer Science & Engineering,2411CS,CS6229,2,Advanced Big Data Analytics,3-0-0,3.0,DE4
Computer Science & Engineering,M. Tech. in Computer Science & Engineering,2411CS,CS6231,2,Selected Topics in Cryptography,3-0-0,3.0,DE4
Computer Science & Engineering,M. Tech. in Computer Science & Engineering,2411CS,CS6232,2,High Performance Computing,3-0-0,3.0,DE4
Computer Science & Engineering,M. Tech. in Computer Science & Engineering,2411CS,CS6233,2,Selective Topics in Generative AI,3-0-0,3.0,DE4
Electrical Engineering,M.Tech. in Communication System and Signal Processing (CSSP),2411EE,EC6116 ,1,RF and Microwave Active Circuits,3-0-0,3.0,DE1
Electrical Engineering,M.Tech. in Communication System and Signal Processing (CSSP),2411EE,EC5113    ,1,Internet of Things (IoT) Networks,3-0-0,3.0,DE1
Electrical Engineering,M.Tech. in Communication System and Signal Processing (CSSP),2411EE,EC5114,1,Advance Antenna and Microwave Devices,3-0-0,3.0,DE1
Electrical Engineering,M.Tech. in Communication System and Signal Processing (CSSP),2411EE,EC6154,1,Radio Frequency Integrated Circuits,3-0-0,3.0,DE1
Electrical Engineering,M.Tech. in Communication System and Signal Processing (CSSP),2411EE,EC6114 ,1,Advanced Digital Image Processing,3-0-0,3.0,DE1
Electrical Engineering,M.Tech. in Communication System and Signal Processing (CSSP),2411EE,EC5111,1,Computer Vision,3-0-0,3.0,DE2
Electrical Engineering,M.Tech. in Communication System and Signal Processing (CSSP),2411EE,EC5159,1,Radio Frequency Design and Technology,3-0-0,3.0,DE2
Electrical Engineering,M.Tech. in Communication System and Signal Processing (CSSP),2411EE,EC5104 ,1,VLSI Architectural Design and Implementation,3-0-0,3.0,DE2
Electrical Engineering,M.Tech. in Communication System and Signal Processing (CSSP),2411EE,EC6157,1,Bio Sensors and Circuits,3-0-0,3.0,DE2
Electrical Engineering,M.Tech. in Communication System and Signal Processing (CSSP),2411EE,EE6190,1,Quantum Computing,3-0-0,3.0,DE2
Electrical Engineering,M.Tech. in Communication System and Signal Processing (CSSP),2411EE,EC5250,1,VLSI Signal Processing,3-0-0,3.0,DE2
Electrical Engineering,M.Tech. in Communication System and Signal Processing (CSSP),2411EE,EC5204,1,Renewable Energy Sources,3-0-0,3.0,IDE
Electrical Engineering,M.Tech. in Communication System and Signal Processing (CSSP),2411EE,EC6208,2,Patterns Recognition and Machine Learning,3-0-0,3.0,DE3
Electrical Engineering,M.Tech. in Communication System and Signal Processing (CSSP),2411EE,EC6210,2,Multimedia Communication ,3-0-0,3.0,DE3
Electrical Engineering,M.Tech. in Communication System and Signal Processing (CSSP),2411EE,EC5205,2,RF and Microwave Measurement Techniques,3-0-0,3.0,DE3
Electrical Engineering,M.Tech. in Communication System and Signal Processing (CSSP),2411EE,EC5104,2,Smart Antenna: From Theory to Practice,3-0-0,3.0,DE3
Electrical Engineering,M.Tech. in Communication System and Signal Processing (CSSP),2411EE,EC6209,2,Optical Communication ,3-0-0,3.0,DE3
Electrical Engineering,M.Tech. in Communication System and Signal Processing (CSSP),2411EE,EE6215,2,Quantum Computing,3-0-0,3.0,DE4
Electrical Engineering,M.Tech. in Communication System and Signal Processing (CSSP),2411EE,EC6211,2,Adaptive filtering: From theory to practice,3-0-0,3.0,DE4
Electrical Engineering,M.Tech. in Communication System and Signal Processing (CSSP),2411EE,EC6213,2,Random Signals and Systems,3-0-0,3.0,DE4
Electrical Engineering,M.Tech. in Communication System and Signal Processing (CSSP),2411EE,EC5203,2,Antenna Design and Characterization,3-0-0,3.0,DE4
Electrical Engineering,M.Tech. in Communication System and Signal Processing (CSSP),2411EE,EC5206,2,Statistical Signal Processing,3-0-0,3.0,DE4
Electrical Engineering,M.Tech. in Communication System and Signal Processing (CSSP),2411EE,EC6212,2,Communication Networks,3-0-0,3.0,DE5
Electrical Engineering,M.Tech. in Communication System and Signal Processing (CSSP),2411EE,EC5216,2,Advanced Signal Biomedical Processing,3-0-0,3.0,DE5
Electrical Engineering,M.Tech. in Communication System and Signal Processing (CSSP),2411EE,EC6207,2,Optimization Theory  and  Techniques  for Electrical Engineering,3-0-0,3.0,DE5
Electrical Engineering,M.Tech. in Communication System and Signal Processing (CSSP),2411EE,EC6271,2,Silicon Photonics,3-0-0,3.0,DE5
Electrical Engineering,M.Tech. in Communication System and Signal Processing (CSSP),2411EE,,2,Microwave and Millimetre Wave Integrated Circuits (MMIC),3-0-0,3.0,DE5
Electrical Engineering,M.Tech. in Communication System and Signal Processing (CSSP),2411EE,,2,Generative AI for Video Surveillance System,3-0-0,3.0,DE5
Electrical Engineering,M. Tech. in Power and Control Systems (P&CS),2411EE,EE6111,1,Renewable Energy Sources,3-0-0,3.0,IDE
Electrical Engineering,M. Tech. in Power and Control Systems (P&CS),2411EE,EE6114,1,Renewable Energy Integration,3-0-0,3.0,DE1
Electrical Engineering,M. Tech. in Power and Control Systems (P&CS),2411EE,EE6117,1,Advanced Power System Reliability,3-0-0,3.0,DE1
Electrical Engineering,M. Tech. in Power and Control Systems (P&CS),2411EE,EC6150,1,Advanced State Estimation and Target Tracking,3-0-0,3.0,DE1
Electrical Engineering,M. Tech. in Power and Control Systems (P&CS),2411EE,EE5113,1,Multivariable Control System,3-0-0,3.0,DE1
Electrical Engineering,M. Tech. in Power and Control Systems (P&CS),2411EE,EE6113,1,CMOS Phase Locked Loops,3-0-0,3.0,DE1
Electrical Engineering,M. Tech. in Power and Control Systems (P&CS),2411EE,EE6115,1,Power System Deregulation,3-0-0,3.0,DE2
Electrical Engineering,M. Tech. in Power and Control Systems (P&CS),2411EE,EE6116,1,Advanced Power System Protection,3-0-0,3.0,DE2
Electrical Engineering,M. Tech. in Power and Control Systems (P&CS),2411EE,EC5111,1,Switched Mode Power Converters,3-0-0,3.0,DE2
Electrical Engineering,M. Tech. in Power and Control Systems (P&CS),2411EE,EE5213,1,Advanced Digital Control System,3-0-0,3.0,DE2
Electrical Engineering,M. Tech. in Power and Control Systems (P&CS),2411EE,EE6212,1,VLSI Architectural Design and Implementation,3-0-0,3.0,DE2
Electrical Engineering,M. Tech. in Power and Control Systems (P&CS),2411EE,EE6217,2,Recent Trends in Optimization Techniques,3-0-0,3.0,DE3
Electrical Engineering,M. Tech. in Power and Control Systems (P&CS),2411EE,EC6270,2,Model Predictive Control,3-0-0,3.0,DE3
Electrical Engineering,M. Tech. in Power and Control Systems (P&CS),2411EE,EE6218,2,HVDC Transmission Systems,3-0-0,3.0,DE3
Electrical Engineering,M. Tech. in Power and Control Systems (P&CS),2411EE,EE6213,2,Advance FPGA Platform and System,3-0-0,3.0,DE3
Electrical Engineering,M. Tech. in Power and Control Systems (P&CS),2411EE,EE6215,2,Power System Optimization,3-0-0,3.0,DE4
Electrical Engineering,M. Tech. in Power and Control Systems (P&CS),2411EE,EE6216,2,Advance Electric Drives,3-0-0,3.0,DE4
Electrical Engineering,M. Tech. in Power and Control Systems (P&CS),2411EE,EE6211,2,Random Signals and Systems,3-0-0,3.0,DE4
Electrical Engineering,M. Tech. in Power and Control Systems (P&CS),2411EE,EE6214,2,Quantitative Feedback Theory,3-0-0,3.0,DE4
Electrical Engineering,M. Tech. in Power and Control Systems (P&CS),2411EE,EE5212,2,Control Techniques in Power Electronics,3-0-0,3.0,DE5
Electrical Engineering,M. Tech. in Power and Control Systems (P&CS),2411EE,EE 6219,2,Telemetry and SCADA,3-0-0,3.0,DE5
Electrical Engineering,M. Tech. in Power and Control Systems (P&CS),2411EE,,2,Electric Vehicle Technology,3-0-0,3.0,DE5
Electrical Engineering,M. Tech. in Power and Control Systems (P&CS),2411EE,,2,Optimal Control,3-0-0,3.0,DE5
Electrical Engineering,M. Tech. in VLSI and Embedded System,2411EE,EC5114 ,1,Opto-Electronics Materials and Devices ,3-0-0,3.0,DE1
Electrical Engineering,M. Tech. in VLSI and Embedded System,2411EE,EC5158 ,1,Radio Frequency Integrated Circuits ,3-0-0,3.0,DE1
Electrical Engineering,M. Tech. in VLSI and Embedded System,2411EE,EC5159 ,1,Advanced Digital Image Processing,3-0-0,3.0,DE1
Electrical Engineering,M. Tech. in VLSI and Embedded System,2411EE,EC6150 ,1,VLSI Testing and Verification,3-0-0,3.0,DE1
Electrical Engineering,M. Tech. in VLSI and Embedded System,2411EE,EC5104,1,Bio Sensors and Circuits,3-0-0,3.0,DE1
Electrical Engineering,M. Tech. in VLSI and Embedded System,2411EE,EC5111 ,1,CMOS Phase Locked Loops ,3-0-0,3.0,DE1
Electrical Engineering,M. Tech. in VLSI and Embedded System,2411EE,EE5111 ,1,Quantum Computing,3-0-0,3.0,DE2
Electrical Engineering,M. Tech. in VLSI and Embedded System,2411EE,EC5166,1,VLSI Architecture Design and Implementation ,3-0-0,3.0,DE2
Electrical Engineering,M. Tech. in VLSI and Embedded System,2411EE,EC6151,1,Control Techniques in Power Electronics ,3-0-0,3.0,DE2
Electrical Engineering,M. Tech. in VLSI and Embedded System,2411EE,EC6157 ,1,Semiconductor Packaging Technology,3-0-0,3.0,DE2
Electrical Engineering,M. Tech. in VLSI and Embedded System,2411EE,EC5250 ,1,Computer Vision ,3-0-0,3.0,DE2
Electrical Engineering,M. Tech. in VLSI and Embedded System,2411EE,EC5204,1,VLSI Signal Processing,3-0-0,3.0,DE2
Electrical Engineering,M. Tech. in VLSI and Embedded System,2411EE,EC5211 ,2,Patterns Recognition and Machine Learning ,3-0-0,3.0,DE3
Electrical Engineering,M. Tech. in VLSI and Embedded System,2411EE,EC5264,2,Multimedia Communication,3-0-0,3.0,DE3
Electrical Engineering,M. Tech. in VLSI and Embedded System,2411EE,EC6254 ,2,VLSI Technology,3-0-0,3.0,DE3
Electrical Engineering,M. Tech. in VLSI and Embedded System,2411EE,EC6270,2,Sensors and Actuators,3-0-0,3.0,DE3
Electrical Engineering,M. Tech. in VLSI and Embedded System,2411EE,EE5213 ,2,MEMS and NEMS,3-0-0,3.0,DE3
Electrical Engineering,M. Tech. in VLSI and Embedded System,2411EE,EC5254 ,2,Advance FPGA Platform and System ,3-0-0,3.0,DE3
Electrical Engineering,M. Tech. in VLSI and Embedded System,2411EE,EC5256 ,2,Recent Trends in Optimization Techniques ,3-0-0,3.0,DE4
Electrical Engineering,M. Tech. in VLSI and Embedded System,2411EE,EE6215 ,2,Low Power VLSI ,3-0-0,3.0,DE4
Electrical Engineering,M. Tech. in VLSI and Embedded System,2411EE,EC6252 ,2,CAD VLSI,3-0-0,3.0,DE4
Electrical Engineering,M. Tech. in VLSI and Embedded System,2411EE,EC6257,2,Random Signals and Systems ,3-0-0,3.0,DE4
Electrical Engineering,M. Tech. in VLSI and Embedded System,2411EE,EC5216 ,2,Hardware Security system ,3-0-0,3.0,DE4
Electrical Engineering,M. Tech. in VLSI and Embedded System,2411EE,EC5260 ,2,Network on Chip ,3-0-0,3.0,DE4
Electrical Engineering,M. Tech. in VLSI and Embedded System,2411EE,EC5271  ,2,Silicon Photonics ,3-0-0,3.0,DE5
Electrical Engineering,M. Tech. in VLSI and Embedded System,2411EE,EC6256    ,2,Embedded System Integration,3-0-0,3.0,DE5
Electrical Engineering,M. Tech. in VLSI and Embedded System,2411EE,EC6258 ,2,High Power Semiconductor Devices,3-0-0,3.0,DE5
Electrical Engineering,M. Tech. in VLSI and Embedded System,2411EE,EC6271,2,System-on Programmable-Chip Design,3-0-0,3.0,DE5
Electrical Engineering,M. Tech. in VLSI and Embedded System,2411EE,EE6190,2,Real time Embedded Operating Systems ,3-0-0,3.0,DE5
Electrical Engineering,M. Tech. in VLSI and Embedded System,2411EE,,2,Generative AI for Video Surveillance System,3-0-0,3.0,DE5
Electrical Engineering,M. Tech. in VLSI and Embedded System,2411EE,,2,Renewable Energy Sources,3-0-0,3.0,IDE
Mathematics and Computing,M.Tech in Mathematics and Computing,2411MC,MA6113,SEM-1,Cryptography and Network Security,3-0-0,3.0,DE1
Mathematics and Computing,M.Tech in Mathematics and Computing,2411MC,MA6114,SEM-1,Graph Theory,3-0-0,3.0,DE1
Mathematics and Computing,M.Tech in Mathematics and Computing,2411MC,MA5115,SEM-1,Introduction to algebraic D-modules,3-0-0,3.0,DE1
Mathematics and Computing,M.Tech in Mathematics and Computing,2411MC,MA6116,SEM-1,Nonlinear Optimization,3-0-0,3.0,DE1
Mathematics and Computing,M.Tech in Mathematics and Computing,2411MC,MA5117,SEM-1,Fundamentals of Block Chain,3-0-0,3.0,DE2
Mathematics and Computing,M.Tech in Mathematics and Computing,2411MC,MA6118,SEM-1,Generative AI,2-0-0,3.0,DE2
Mathematics and Computing,M.Tech in Mathematics and Computing,2411MC,MA6119,SEM-1,Mathematical Finance,3-0-0,3.0,DE2
Mathematics and Computing,M.Tech in Mathematics and Computing,2411MC,MA6120,SEM-1,Rings and Modules,3-0-0,3.0,DE2
Mathematics and Computing,M.Tech in Mathematics and Computing,2411MC,MA6121,SEM-1,Large Language Models (LLMs),2-0-0,3.0,DE3
Mathematics and Computing,M.Tech in Mathematics and Computing,2411MC,MA6191,SEM-1,Number Theory,3-0-0,3.0,DE3
Mathematics and Computing,M.Tech in Mathematics and Computing,2411MC,MA6229,SEM-1,Stochastic Calculus for Finance,3-0-0,3.0,DE3
Mathematics and Computing,M.Tech in Mathematics and Computing,2411MC,MA6212,SEM-1,Mathematical Modeling,3-0-0,3.0,IDE
Mathematics and Computing,M.Tech in Mathematics and Computing,2411MC,MA6213,SEM-2,Advanced Algorithms,3-0-0,3.0,DE4
Mathematics and Computing,M.Tech in Mathematics and Computing,2411MC,MA5214,SEM-2,Introduction to Biomathematics,3-0-0,3.0,DE4
Mathematics and Computing,M.Tech in Mathematics and Computing,2411MC,MA6215,SEM-2,Introduction to Homological Algebra,3-0-0,3.0,DE4
Mathematics and Computing,M.Tech in Mathematics and Computing,2411MC,MA6216,SEM-2,Portfolio Theory and Risk Management,3-0-0,3.0,DE4
Mathematics and Computing,M.Tech in Mathematics and Computing,2411MC,MA6217,SEM-2,Noncommutative Algebra,3-0-0,3.0,DE4
Mathematics and Computing,M.Tech in Mathematics and Computing,2411MC,MA6218,SEM-2,Sobolev Spaces,3-0-0,3.0,DE4
Mathematics and Computing,M.Tech in Mathematics and Computing,2411MC,MA6219,SEM-2,Wavelet Transform,3-0-0,3.0,DE4
Mathematics and Computing,M.Tech in Mathematics and Computing,2411MC,MA6220,SEM-2,Differential Manifolds,3-0-0,3.0,DE5
Mathematics and Computing,M.Tech in Mathematics and Computing,2411MC,MA6221,SEM-2,Graph Algorithms,3-0-0,3.0,DE5
Mathematics and Computing,M.Tech in Mathematics and Computing,2411MC,MA6230,SEM-2,Numerical solutions of PDEs,2-0-0,3.0,DE5
Mathematics and Computing,M.Tech in Mathematics and Computing,2411MC,MA6222,SEM-2,Statistical Inference,3-0-0,3.0,DE5
Mathematics and Computing,M.Tech in Mathematics and Computing,2411MC,MA6223,SEM-2,Database and Data Mining,2-0-0,3.0,DE5
Mathematics and Computing,M.Tech in Mathematics and Computing,2411MC,MA5224,SEM-2,Advanced Complex Analysis,3-0-0,3.0,DE6
Mathematics and Computing,M.Tech in Mathematics and Computing,2411MC,MA6225,SEM-2,Algebraic Coding Theory,3-0-0,3.0,DE6
Mathematics and Computing,M.Tech in Mathematics and Computing,2411MC,MA6226,SEM-2,Discrete Mathematics,3-0-0,3.0,DE6
Mathematics and Computing,M.Tech in Mathematics and Computing,2411MC,MA6227,SEM-2,Finite Element Analysis,3-0-0,3.0,DE6
Mathematics and Computing,M.Tech in Mathematics and Computing,2411MC,MA6228,SEM-2,Introduction to Algebraic Geometry,3-0-0,3.0,DE6
Mathematics and Computing,M.Tech in Mathematics and Computing,2411MC,,SEM-2,Operators on Hilbert Spaces,3-0-0,3.0,DE6
Mathematics and Computing,M.Tech in Mathematics and Computing,2411MC,,SEM-2,Riemannian Geometry,3-0-0,3.0,DE6
f Mechanical Engineering,Advanced Manufacturing Technology,2411ME,ME6102,1,Computational Fluid Dynamics,3-0-0,3.0,DE1
f Mechanical Engineering,Advanced Manufacturing Technology,2411ME,ME6106,1,Mobile Robotics,3-0-0,3.0,DE1
f Mechanical Engineering,Advanced Manufacturing Technology,2411ME,ME6107,1,Digital Manufacturing and Industry 4.0,3-0-0,3.0,DE1
f Mechanical Engineering,Advanced Manufacturing Technology,2411ME,ME6108,1,Wear & Lubrication of Machine Components,3-0-0,3.0,DE1
f Mechanical Engineering,Advanced Manufacturing Technology,2411ME,ME6103,1,Continuum Mechanics,3-0-0,3.0,DE1
f Mechanical Engineering,Advanced Manufacturing Technology,2411ME,ME6110,1,Biomechanics,3-0-0,3.0,DE1
f Mechanical Engineering,Advanced Manufacturing Technology,2411ME,ME6111,1,Advanced Manufacturing Processes,3-0-0,3.0,DE1
f Mechanical Engineering,Advanced Manufacturing Technology,2411ME,ME6112,1,Advanced Mechanical Characterisation of Alloys,3-0-0,3.0,DE1
f Mechanical Engineering,Advanced Manufacturing Technology,2411ME,ME6203,2,Laser Processing of Materials,3-0-0,3.0,DE2
f Mechanical Engineering,Advanced Manufacturing Technology,2411ME,ME6208,2,Robot Motion Planning,3-0-0,3.0,DE2
f Mechanical Engineering,Advanced Manufacturing Technology,2411ME,ME6214,2,Additive Manufacturing of Metals: Theory and Practice,3-0-0,3.0,DE2
f Mechanical Engineering,Advanced Manufacturing Technology,2411ME,ME6215,2,Computer Numerical Controlled Machine Tools,3-0-0,3.0,DE2
f Mechanical Engineering,Advanced Manufacturing Technology,2411ME,ME6210,2,Robotics: Advanced Concepts & Analysis,3-0-0,3.0,DE2
f Mechanical Engineering,Advanced Manufacturing Technology,2411ME,ME6211,2,Analysis of Welding Processes,3-0-0,3.0,DE2
f Mechanical Engineering,Advanced Manufacturing Technology,2411ME,ME6212,2,Fracture and Fatigue,3-0-0,3.0,DE2
Mechanical Engineering,M. Tech. in Mechanical Design,,ME6107,1,Acoustics,3-0-0,3.0,DE1
Mechanical Engineering,M. Tech. in Mechanical Design,,ME6108,1,Mobile Robotics,3-0-0,3.0,DE1
Mechanical Engineering,M. Tech. in Mechanical Design,,ME6109,1,Digital Manufacturing and Industry 4.0,3-0-0,3.0,DE1
Mechanical Engineering,M. Tech. in Mechanical Design,,ME6110,1,Wear & Lubrication of Machine Components,3-0-0,3.0,DE1
Mechanical Engineering,M. Tech. in Mechanical Design,,ME6111,1,Vehicle Dynamics and Multi-body Systems,3-0-0,3.0,DE2
Mechanical Engineering,M. Tech. in Mechanical Design,,ME6112,1,Continuum Mechanics,3-0-0,3.0,DE2
Mechanical Engineering,M. Tech. in Mechanical Design,,ME6207,1,Biomechanics,3-0-0,3.0,DE2
Mechanical Engineering,M. Tech. in Mechanical Design,,ME6208,1,Advanced Mechanical Characterisation of Alloys,3-0-0,3.0,DE2
Mechanical Engineering,M. Tech. in Mechanical Design,,ME6209,2,Rotor Dynamics,3-0-0,3.0,DE3
Mechanical Engineering,M. Tech. in Mechanical Design,,ME6210,2,Robot Motion Planning,3-0-0,3.0,DE3
Mechanical Engineering,M. Tech. in Mechanical Design,,ME6211,2,Non-linear Systems Dynamics,3-0-0,3.0,DE3
Mechanical Engineering,M. Tech. in Mechanical Design,,ME6212,2,Robotics: Advanced Concepts & Analysis,3-0-0,3.0,DE4
Mechanical Engineering,M. Tech. in Mechanical Design,,,2,Analysis of Welding Processes,3-0-0,3.0,DE4
Mechanical Engineering,M. Tech. in Mechanical Design,,,2,Fracture and Fatigue,3-0-0,3.0,DE4
Mechanical Engineering,,2401MT,ME6107,1,Acoustics,3-0-0,3.0,DE1
Mechanical Engineering,Mechatronics,2401MT,EC5114,1,Mobile Robotics,3-0-0,3.0,DE1
Mechanical Engineering,Mechatronics,2401MT,ME6103,1,Digital Manufacturing and Industry 4.0,3-0-0,3.0,DE1
Mechanical Engineering,Mechatronics,2401MT,ME6109,1,Advanced Digital Image Processing,3-0-0,3.0,DE1
Mechanical Engineering,Mechatronics,2401MT,EC6157,1,Continuum Mechanics,3-0-0,3.0,DE2
Mechanical Engineering,Mechatronics,2401MT,ME6208,1,Vehicle Dynamics and Multi-body Systems,3-0-0,3.0,DE2
Mechanical Engineering,Mechatronics,2401MT,ME6209,1,VLSI Signal Processing,3-0-0,3.0,DE2
Mechanical Engineering,Mechatronics,2401MT,ME6214,2,Robot Motion Planning,3-0-0,3.0,DE3
Mechanical Engineering,Mechatronics,2401MT,ME6206,2,Non-linear Systems Dynamics,3-0-0,3.0,DE3
Mechanical Engineering,Mechatronics,2401MT,ME6210,2,Computer Numerical Controlled Machine Tools,3-0-0,3.0,DE3
Mechanical Engineering,Mechatronics,2401MT,EC5250,2,Microfluidics and Microsystems,3-0-0,3.0,DE4
Mechanical Engineering,Mechatronics,2401MT,EC6271,2,Robotics: Advanced Concepts & Analysis,3-0-0,3.0,DE4
Mechanical Engineering,Mechatronics,2401MT,ME6122,2,Patterns Recognition and Machine Learning,3-0-0,3.0,DE5
Mechanical Engineering,Mechatronics,2401MT,,2,Generative AI for Video Surveillance System,3-0-0,3.0,DE5
Mechanical Engineering,Mechatronics,2401MT,,1,Soft Computing Application in Engineering,3-0-0,3.0,IDE
Department of Mechanical Engineering,,,ME6104,1,Computational Fluid Dynamics,3-0-0,3.0,DE1
Department of Mechanical Engineering,M. Tech. in Thermal and Fluids Engineering,,ME6201,1,Continuum Mechanics,3-0-0,3.0,DE2
Department of Mechanical Engineering,M. Tech. in Thermal and Fluids Engineering,,ME6202,1,Refrigeration and Air-Conditioning,3-0-0,3.0,DE2
Department of Mechanical Engineering,M. Tech. in Thermal and Fluids Engineering,,ME6203,2,Turbulent Shear Flow,3-0-0,3.0,DE3
Department of Mechanical Engineering,M. Tech. in Thermal and Fluids Engineering,,ME6204,2,Cryogenics,3-0-0,3.0,DE3
Department of Mechanical Engineering,M. Tech. in Thermal and Fluids Engineering,,ME6205,2,Laser Processing of Materials,3-0-0,3.0,DE3
Department of Mechanical Engineering,M. Tech. in Thermal and Fluids Engineering,,ME6206,2,Aerodynamics,3-0-0,3.0,DE4
Department of Mechanical Engineering,M. Tech. in Thermal and Fluids Engineering,,,2,Advances in IC Engine,3-0-0,3.0,DE4
Department of Mechanical Engineering,M. Tech. in Thermal and Fluids Engineering,,,2,Microfluidics and Microsystems,3-0-0,3.0,DE4
Metallurgical and Materials Engineering,,2411MM,MM6113,1,"Processing Technology of Metal, Ceramic and Composites",3-0-0,3.0,DE1
Metallurgical and Materials Engineering,M. Tech. in Materials Science and Engineering,2411MM,MM6114,1,Surface Engineering,3-0-0,3.0,DE1
Metallurgical and Materials Engineering,M. Tech. in Materials Science and Engineering,2411MM,MM6231,1,"Nanomaterials: Structure, Property and Applications",3-0-0,3.0,DE1
Metallurgical and Materials Engineering,M. Tech. in Materials Science and Engineering,2411MM,MM6234,1,Field-assisted Sintering Techniques,3-0-0,3.0,DE1
Metallurgical and Materials Engineering,M. Tech. in Materials Science and Engineering,2411MM,MM6236,2,Defects and Diffusion in Materials,3-0-0,3.0,DE2
Metallurgical and Materials Engineering,M. Tech. in Materials Science and Engineering,2411MM,MM6232,2,Polymer Matrix Composite,3-0-0,3.0,DE2
Metallurgical and Materials Engineering,M. Tech. in Materials Science and Engineering,2411MM,MM6235,2,Functional Ceramics,3-0-0,3.0,DE2
Metallurgical and Materials Engineering,M. Tech. in Materials Science and Engineering,2411MM,MM6237,2,Materials Characterization Techniques,3-0-0,3.0,DE3
Metallurgical and Materials Engineering,M. Tech. in Materials Science and Engineering,2411MM,MM6238,2,Selection of Alloys and Heat Treatment,3-0-0,3.0,DE3
Metallurgical and Materials Engineering,M. Tech. in Materials Science and Engineering,2411MM,MM6233,2,Thin Films - An Engineering Approach,3-0-0,3.0,DE3
Metallurgical and Materials Engineering,M. Tech. in Materials Science and Engineering,2411MM,MM6239,2,Joining of Materials,3-0-0,3.0,DE3
Metallurgical and Materials Engineering,M. Tech. in Materials Science and Engineering,2411MM,MM6240,2,Crystal Symmetry and Tensor properties,3-0-0,3.0,DE4
Metallurgical and Materials Engineering,M. Tech. in Materials Science and Engineering,2411MM,MM6151,2,Coating Technology,3-0-0,3.0,DE4
Metallurgical and Materials Engineering,M. Tech. in Materials Science and Engineering,2411MM,MM6152,2,Fabrication of Solid-state Devices,3-0-0,3.0,DE4
Metallurgical and Materials Engineering,M. Tech. in Materials Science and Engineering,2411MM,MM6153,1,Structural characterization of materials,3-0-0,3.0,IDE
Metallurgical and Materials Engineering,M. Tech. in Materials Science and Engineering,2411MM,,1,Composite Science and Technology,3-0-0,3.0,IDE
Metallurgical and Materials Engineering,M. Tech. in Materials Science and Engineering,2411MM,,1,Structure-property Correlation in Materials Science,3-0-0,3.0,IDE
Mathematics,M. Sc. in Mathematics,2412MA,MA6113,3,Cryptography and Network Security,3-0-0,3.0,DE1
Mathematics,M. Sc. in Mathematics,2412MA,MA6114,3,Graph Theory,3-0-0,3.0,DE1
Mathematics,M. Sc. in Mathematics,2412MA,MA5115,3,Introduction to algebraic D-modules,3-0-0,3.0,DE1
Mathematics,M. Sc. in Mathematics,2412MA,MA6116,3,Nonlinear Optimization,2-0-2,3.0,DE1
Mathematics,M. Sc. in Mathematics,2412MA,MA5117,3,Fundamentals of Block Chain,3-0-0,3.0,DE1
Mathematics,M. Sc. in Mathematics,2412MA,MA6118,3,Generative AI,2-0-2,3.0,DE1
Mathematics,M. Sc. in Mathematics,2412MA,MA6119,3,Mathematical Finance,3-0-0,3.0,DE1
Mathematics,M. Sc. in Mathematics,2412MA,MA6120,3,Rings and Modules,3-0-0,3.0,DE1
Mathematics,M. Sc. in Mathematics,2412MA,MA6121,3,Large Language Models (LLMs),2-0-2,3.0,DE1
Mathematics,M. Sc. in Mathematics,2412MA,MA6211,3,Number Theory,3-0-0,3.0,DE1
Mathematics,M. Sc. in Mathematics,2412MA,MA6212,3,Stochastic Calculus for Finance,3-0-0,3.0,DE1
Mathematics,M. Sc. in Mathematics,2412MA,MA6213,4,Randomized Algorithms,3-0-0,3.0,DE2
Mathematics,M. Sc. in Mathematics,2412MA,MA5214,4,Introduction to Biomathematics,3-0-0,3.0,DE2
Mathematics,M. Sc. in Mathematics,2412MA,MA6215,4,Introduction to Homological Algebra,3-0-0,3.0,DE2
Mathematics,M. Sc. in Mathematics,2412MA,MA6216,4,Portfolio Theory and Risk Management,3-0-0,3.0,DE2
Mathematics,M. Sc. in Mathematics,2412MA,MA6217,4,Noncommutative Algebra,3-0-0,3.0,DE2
Mathematics,M. Sc. in Mathematics,2412MA,MA6218,4,Sobolev Spaces,3-0-0,3.0,DE2
Mathematics,M. Sc. in Mathematics,2412MA,MA6219,4,Wavelet Transform,3-0-0,3.0,DE2
Mathematics,M. Sc. in Mathematics,2412MA,MA6220,4,Differential Manifolds,3-0-0,3.0,DE3
Mathematics,M. Sc. in Mathematics,2412MA,MA6221,4,Graph Algorithms,3-0-0,3.0,DE3
Mathematics,M. Sc. in Mathematics,2412MA,MA6222,4,Numerical solutions of PDEs,2-0-2,3.0,DE3
Mathematics,M. Sc. in Mathematics,2412MA,MA6223,4,Statistical Inference,3-0-0,3.0,DE3
Mathematics,M. Sc. in Mathematics,2412MA,MA5224,4,Advanced complex analysis,3-0-0,3.0,DE4
Mathematics,M. Sc. in Mathematics,2412MA,MA6225,4,Algebraic Coding Theory,3-0-0,3.0,DE4
Mathematics,M. Sc. in Mathematics,2412MA,MA6226,4,Discrete Mathematics,3-0-0,3.0,DE4
Mathematics,M. Sc. in Mathematics,2412MA,MA6227,4,Finite Element Analysis,3-0-0,3.0,DE4
Mathematics,M. Sc. in Mathematics,2412MA,MA6228,4,Introduction to Algebraic Geometry,3-0-0,3.0,DE4
Mathematics,M. Sc. in Mathematics,2412MA,MA5229,4,Operators on Hilbert Spaces,3-0-0,3.0,DE4
Mathematics,M. Sc. in Mathematics,2412MA,MA6191,4,Riemannian Geometry,3-0-0,3.0,DE4
Mathematics,M. Sc. in Mathematics,2412MA,MA6291,4,Mathematical methods in classical mechanics,3-0-0,3.0,DE4
Mathematics,M. Sc. in Mathematics,2412MA,,3,Mathematical Modeling,3-0-0,3.0,IDE1
Mathematics,M. Sc. in Mathematics,2412MA,,4,Matrix Computation,3-0-0,3.0,IDE2
Physics,M.Sc. in Physics,2412PH,PH4233,2,Quantum Mechanics-II,"""2-1-0""",3.0,DE1
Physics,M.Sc. in Physics,2412PH,PH4234,2,Thin Film Technology,"""2-1-0""",3.0,DE1
Physics,M.Sc. in Physics,2412PH,PH5130/PH5230,2,Introduction to Medical Physics,"""2-1-0""",3.0,DE1
Physics,M.Sc. in Physics,2412PH,PH5131/PH5231,2,Introduction to Data Science for Physicists,"""2-1-0""",3.0,DE1
Physics,M.Sc. in Physics,2412PH,PH5132/PH5232,3/4,Electrodynamics-II,"""3-0-0""",3.0,DE2/DE3/DE4
Physics,M.Sc. in Physics,2412PH,PH5133/PH5233,3/4,General Relativity and Cosmology,"""2-1-0""",3.0,DE2/DE3/DE4
Physics,M.Sc. in Physics,2412PH,PH5134/PH5234,3/4,Solar Energy and Photovoltaics,"""2-1-0""",3.0,DE2/DE3/DE4
Physics,M.Sc. in Physics,2412PH,PH5135/PH5235,3/4,Nanophotonics,"""2-1-0""",3.0,DE2/DE3/DE4
Physics,M.Sc. in Physics,2412PH,PH5136/PH5236,3/4,Nanoelectronics,"""2-1-0""",3.0,DE2/DE3/DE4
Physics,M.Sc. in Physics,2412PH,PH5137/PH5237,3/4,Nanoionics: Concepts and Technological Applications,"""2-1-0""",3.0,DE2/DE3/DE4
Physics,M.Sc. in Physics,2412PH,PH5138/PH5238,3/4,Magnetism at Nanoscale,"""2-1-0""",3.0,DE2/DE3/DE4
Physics,M.Sc. in Physics,2412PH,PH5139/PH5239,3/4,Ferroic Phenomena,"""2-1-0""",3.0,DE2/DE3/DE4
Physics,M.Sc. in Physics,2412PH,PH5140/PH5240,3/4,Measurement Techniques,"""2-0-2""",3.0,DE2/DE3/DE4
Physics,M.Sc. in Physics,2412PH,PH5141/PH5241,3/4,Computational Physics,"""2-0-2""",3.0,DE2/DE3/DE4
Physics,M.Sc. in Physics,2412PH,PH5142/PH5242,3/4,Nanoscience,"""2-1-0""",3.0,DE2/DE3/DE4
Physics,M.Sc. in Physics,2412PH,PH5143/PH5243,3/4,Quantum Optics & Quantum Information,"""2-1-0""",3.0,DE2/DE3/DE4
Physics,M.Sc. in Physics,2412PH,PH5144/PH5244,3/4,Physics of Ultracold Atoms,"""2-1-0""",3.0,DE2/DE3/DE4
Physics,M.Sc. in Physics,2412PH,PH5145/PH5245,3/4,Biophotonics,"""2-1-0""",3.0,DE2/DE3/DE4
Physics,M.Sc. in Physics,2412PH,PH5146/PH5246,3/4,Magnetic Materials and Applications,"""2-1-0""",3.0,DE2/DE3/DE4
Physics,M.Sc. in Physics,2412PH,PH5147/PH5247,3/4,Materials for Engineering Applications,"""2-1-0""",3.0,DE2/DE3/DE4
Physics,M.Sc. in Physics,2412PH,PH5148/PH5248,3/4,Quantum Theory of Collisions,"""2-1-0""",3.0,DE2/DE3/DE4
Physics,M.Sc. in Physics,2412PH,PH5149/PH5249,3/4,Fourier Optics and Holography,"""2-1-0""",3.0,DE2/DE3/DE4
Physics,M.Sc. in Physics,2412PH,PH5150/PH5250,3/4,Introductory Biophysics,"""2-1-0""",3.0,DE2/DE3/DE4
Physics,M.Sc. in Physics,2412PH,PH5151/PH5251,3/4,Quantum Field Theory,"""2-1-0""",3.0,DE2/DE3/DE4
Physics,M.Sc. in Physics,2412PH,PH5152/PH5252,3/4,Particle Physics,"""2-1-0""",3.0,DE2/DE3/DE4
Physics,M.Sc. in Physics,2412PH,PH5153/PH5253,3/4,Scanning Probe Microscopy,"""2-1-0""",3.0,DE2/DE3/DE4
Physics,M.Sc. in Physics,2412PH,PH5154/PH5254,3/4,Soft Matter Physics,"""2-1-0""",3.0,DE2/DE3/DE4
Physics,M.Sc. in Physics,2412PH,PH5155/PH5255,3/4,Ultrafast Optics and Spectroscopy,"""2-1-0""",3.0,DE2/DE3/DE4
Physics,M.Sc. in Physics,2412PH,PH5156/PH5256,3/4,Spintronics,"""2-1-0""",3.0,DE2/DE3/DE4
Physics,M.Sc. in Physics,2412PH,PH5157/PH5257,3/4,Quantum Materials,"""2-1-0""",3.0,DE2/DE3/DE4
Physics,M.Sc. in Physics,2412PH,PH5158/PH5258,3/4,Magnetism: Fundamentals to Application,"""2-1-0""",3.0,DE2/DE3/DE4
Physics,M.Sc. in Physics,2412PH,PH5159/PH5259,3/4,Quantum Transport in Mesoscopic Systems,"""2-1-0""",3.0,DE2/DE3/DE4
Physics,M.Sc. in Physics,2412PH,PH5160/PH5260,3/4,Experimental Techniques at Low Temperatures,"""2-0-2""",3.0,DE2/DE3/DE4
Physics,M.Sc. in Physics,2412PH,PH5161/PH5261,3/4,Condensed Matter Physics-II,"""3-0-0""",3.0,DE2/DE3/DE4
Physics,M.Sc. in Physics,2412PH,,3/4,Mathematical Physics-II,"""2-1-0""",3.0,DE2/DE3/DE4
Physics,M.Sc. in Physics,2412PH,,3/4,Introduction to nonlinear dynamics and chaos,"""3-0-0""",3.0,DE2/DE3/DE4
Civil and Environmental Engineering,B. Tech. – M. Tech. Dual Degree in Environmental Engineering,2401CE,CE4101,4,Construction Technology and Management,3-0-0,3.0,IDE1
Civil and Environmental Engineering,B. Tech. – M. Tech. Dual Degree in Environmental Engineering,2401CE,CE4102,5,Green Building,3-0-0,3.0,IDE2
Civil and Environmental Engineering,B. Tech. – M. Tech. Dual Degree in Environmental Engineering,2401CE,CE4103,7,Introduction to Bridge Engineering,3-0-0,3.0,BTE1
Civil and Environmental Engineering,B. Tech. – M. Tech. Dual Degree in Environmental Engineering,2401CE,CE4104,7,Prestressed and Precast Concrete Structures,3-0-0,3.0,BTE1
Civil and Environmental Engineering,B. Tech. – M. Tech. Dual Degree in Environmental Engineering,2401CE,CE4105,7,Fundamentals of Solid Mechanics,3-0-0,3.0,BTE1
Civil and Environmental Engineering,B. Tech. – M. Tech. Dual Degree in Environmental Engineering,2401CE,CE4106,7,Matrix Methods for Structural Analysis,3-0-0,3.0,BTE1
Civil and Environmental Engineering,B. Tech. – M. Tech. Dual Degree in Environmental Engineering,2401CE,CE4107,7,Stochastic Hydrology,3-0-0,3.0,BTE2
Civil and Environmental Engineering,B. Tech. – M. Tech. Dual Degree in Environmental Engineering,2401CE,CE4108,7,Irrigation Engineering and Hydraulic Structures,3-0-0,3.0,BTE2
Civil and Environmental Engineering,B. Tech. – M. Tech. Dual Degree in Environmental Engineering,2401CE,CE4109,7,Elementary Soil Behaviour,3-0-0,3.0,BTE2
Civil and Environmental Engineering,B. Tech. – M. Tech. Dual Degree in Environmental Engineering,2401CE,CE4110,7,Fundamentals of Geoenvironmental Engineering,3-0-0,3.0,BTE2
Civil and Environmental Engineering,B. Tech. – M. Tech. Dual Degree in Environmental Engineering,2401CE,CE6201,7,Biogeotechnical Engineering,3-0-0,3.0,BTE2
Civil and Environmental Engineering,B. Tech. – M. Tech. Dual Degree in Environmental Engineering,2401CE,CE6202,7,Pavement Geotechnology,3-0-0,3.0,BTE2
Civil and Environmental Engineering,B. Tech. – M. Tech. Dual Degree in Environmental Engineering,2401CE,CE6203,8,E-waste Management for Circular Economy,3-0-0,3.0,MTE1
Civil and Environmental Engineering,B. Tech. – M. Tech. Dual Degree in Environmental Engineering,2401CE,CE6204,8,Industrial Pollution Control and Prevention,3-0-0,3.0,MTE1
Civil and Environmental Engineering,B. Tech. – M. Tech. Dual Degree in Environmental Engineering,2401CE,CE6205,8,Water Supply and Sewerage Network Design,3-0-0,3.0,MTE1
Civil and Environmental Engineering,B. Tech. – M. Tech. Dual Degree in Environmental Engineering,2401CE,CE6101,8,Design of Water and Wastewater Treatment Facilities,3-0-0,3.0,MTE1
Civil and Environmental Engineering,B. Tech. – M. Tech. Dual Degree in Environmental Engineering,2401CE,CE6102,8,Advanced Water and Wastewater Engineering,3-0-0,3.0,MTE1
Civil and Environmental Engineering,B. Tech. – M. Tech. Dual Degree in Environmental Engineering,2401CE,CE6103,9,Atmospheric Physics and Chemistry,3-0-0,3.0,MTE2
Civil and Environmental Engineering,B. Tech. – M. Tech. Dual Degree in Environmental Engineering,2401CE,CE6104,9,Sampling Analytical Methods and Statistics for Environmental Engineering,3-0-0,3.0,MTE2
Civil and Environmental Engineering,B. Tech. – M. Tech. Dual Degree in Environmental Engineering,2401CE,CE6105,9,Environmental Toxicology and Risk Assessment,3-0-0,3.0,MTE2
Civil and Environmental Engineering,B. Tech. – M. Tech. Dual Degree in Environmental Engineering,2401CE,CE6130,9,Environmental Hydraulics,3-0-0,3.0,MTE3
Civil and Environmental Engineering,B. Tech. – M. Tech. Dual Degree in Environmental Engineering,2401CE,CE6114,9,Atmospheric Science and Climate Change,3-0-0,3.0,MTE3
Civil and Environmental Engineering,B. Tech. – M. Tech. Dual Degree in Environmental Engineering,2401CE,CE6109,9,Analytical Methods in Civil Engineering,3-0-0,3.0,MTE4
Civil and Environmental Engineering,B. Tech. – M. Tech. Dual Degree in Environmental Engineering,2401CE,CE5117,9,Probabilistic Methods in Geotechnical Engineering,3-0-0,3.0,MTE4
Civil and Environmental Engineering,B. Tech. – M. Tech. Dual Degree in Environmental Engineering,2401CE,CE6131,9,Geoenvironmental Engineering,3-0-0,3.0,MTE4
Civil and Environmental Engineering,B. Tech. – M. Tech. Dual Degree in Environmental Engineering,2401CE,,9,Water Resources Management,3-0-0,3.0,MTE4
Civil and Environmental Engineering,B. Tech. – M. Tech. Dual Degree in Environmental Engineering,2401CE,,9,Sustainability of Water Resources System,3-0-0,3.0,MTE4
Civil and Environmental Engineering,B. Tech. – M. Tech. Dual Degree in Geotechnical Engineering,2402GT,CE4103,7,Introduction to Bridge Engineering,3-0-0,3.0,DE1
Civil and Environmental Engineering,B. Tech. – M. Tech. Dual Degree in Geotechnical Engineering,2402GT,CE4104,7,Prestressed and Precast Concrete Structures,3-0-0,3.0,DE1
Civil and Environmental Engineering,B. Tech. – M. Tech. Dual Degree in Geotechnical Engineering,2402GT,CE4105,7,Fundamentals of Solid Mechanics,3-0-0,3.0,DE1
Civil and Environmental Engineering,B. Tech. – M. Tech. Dual Degree in Geotechnical Engineering,2402GT,CE4106,7,Matrix Method for Structural Analysis,3-0-0,3.0,DE1
Civil and Environmental Engineering,B. Tech. – M. Tech. Dual Degree in Geotechnical Engineering,2402GT,CE4107,7,Stochastic Hydrology,3-0-0,3.0,DE2
Civil and Environmental Engineering,B. Tech. – M. Tech. Dual Degree in Geotechnical Engineering,2402GT,CE4108,7,Irrigation Engineering and Hydraulic Structures,3-0-0,3.0,DE2
Civil and Environmental Engineering,B. Tech. – M. Tech. Dual Degree in Geotechnical Engineering,2402GT,CE4109,7,Elementary Soil Behaviour,3-0-0,3.0,DE2
Civil and Environmental Engineering,B. Tech. – M. Tech. Dual Degree in Geotechnical Engineering,2402GT,CE4110,7,Fundamentals of Geoenvironmental Engineering,3-0-0,3.0,DE2
Civil and Environmental Engineering,B. Tech. – M. Tech. Dual Degree in Geotechnical Engineering,2402GT,CE6206,7,Biogeotechnical Engineering,3-0-0,3.0,DE2
Civil and Environmental Engineering,B. Tech. – M. Tech. Dual Degree in Geotechnical Engineering,2402GT,CE6207,7,Pavement Geotechnology,3-0-0,3.0,DE2
Civil and Environmental Engineering,B. Tech. – M. Tech. Dual Degree in Geotechnical Engineering,2402GT,CE6208,8,Geotechnical Earthquake Engineering,3-0-0,3.0,MTE1
Civil and Environmental Engineering,B. Tech. – M. Tech. Dual Degree in Geotechnical Engineering,2402GT,CE6209,8,Soil-Structure Interaction Analysis,3-0-0,3.0,MTE1
Civil and Environmental Engineering,B. Tech. – M. Tech. Dual Degree in Geotechnical Engineering,2402GT,CE6210,8,Mine Wastes Generation and Management,3-0-0,3.0,MTE1
Civil and Environmental Engineering,B. Tech. – M. Tech. Dual Degree in Geotechnical Engineering,2402GT,CE6211,8,Coupled Process in Fractured Geological Media,3-0-0,3.0,MTE1
Civil and Environmental Engineering,B. Tech. – M. Tech. Dual Degree in Geotechnical Engineering,2402GT,CE6212,8,Ground Improvement Techniques,3-0-0,3.0,MTE1
Civil and Environmental Engineering,B. Tech. – M. Tech. Dual Degree in Geotechnical Engineering,2402GT,CE6213,8,Utilization of industrial byproducts for geotechnical applications,3-0-0,3.0,MTE1
Civil and Environmental Engineering,B. Tech. – M. Tech. Dual Degree in Geotechnical Engineering,2402GT,CE6214,8,Rock Engineering for River Valley Projects,3-0-0,3.0,MTE1
Civil and Environmental Engineering,B. Tech. – M. Tech. Dual Degree in Geotechnical Engineering,2402GT,CE6215,8,Design of Underground Excavations,3-0-0,3.0,MTE1
Civil and Environmental Engineering,B. Tech. – M. Tech. Dual Degree in Geotechnical Engineering,2402GT,CE6106,8,Special Topics in Geotechnical Engineering,3-0-0,3.0,MTE1
Civil and Environmental Engineering,B. Tech. – M. Tech. Dual Degree in Geotechnical Engineering,2402GT,CE6107,8,Forensic Geotechnical Engineering,3-0-0,3.0,MTE1
Civil and Environmental Engineering,B. Tech. – M. Tech. Dual Degree in Geotechnical Engineering,2402GT,CE6108,9,Soil Dynamics,3-0-0,3.0,MTE2
Civil and Environmental Engineering,B. Tech. – M. Tech. Dual Degree in Geotechnical Engineering,2402GT,CE6109,9,Rock Slope Engineering,3-0-0,3.0,MTE2
Civil and Environmental Engineering,B. Tech. – M. Tech. Dual Degree in Geotechnical Engineering,2402GT,CE6110,9,Constitutive Modelling in Geotechnics,3-0-0,3.0,MTE2
Civil and Environmental Engineering,B. Tech. – M. Tech. Dual Degree in Geotechnical Engineering,2402GT,CE6111,9,Geoenvironmental Engineering,3-0-0,3.0,MTE2
Civil and Environmental Engineering,B. Tech. – M. Tech. Dual Degree in Geotechnical Engineering,2402GT,CE6112,9,Biogeotechnics,3-0-0,3.0,MTE2
Civil and Environmental Engineering,B. Tech. – M. Tech. Dual Degree in Geotechnical Engineering,2402GT,CE6113,9,Rock Mechanics,3-0-0,3.0,MTE3
Civil and Environmental Engineering,B. Tech. – M. Tech. Dual Degree in Geotechnical Engineering,2402GT,CE6114,9,Environmental Rock Engineering,3-0-0,3.0,MTE3
Civil and Environmental Engineering,B. Tech. – M. Tech. Dual Degree in Geotechnical Engineering,2402GT,CE6115,9,Pavement Geotechnics,3-0-0,3.0,MTE3
Civil and Environmental Engineering,B. Tech. – M. Tech. Dual Degree in Geotechnical Engineering,2402GT,CE6116,9,Probalistic Methods in Geotechnical Engineering,3-0-0,3.0,MTE3
Civil and Environmental Engineering,B. Tech. – M. Tech. Dual Degree in Geotechnical Engineering,2402GT,CE6103,9,Advanced Structural Mechanics,3-0-0,3.0,MTE4
Civil and Environmental Engineering,B. Tech. – M. Tech. Dual Degree in Geotechnical Engineering,2402GT,CE6128,9,Bridge Engineering and Design,3-0-0,3.0,MTE4
Civil and Environmental Engineering,B. Tech. – M. Tech. Dual Degree in Geotechnical Engineering,2402GT,CE6129,9,Environmental Toxicology and Risk Assessment,3-0-0,3.0,MTE4
Civil and Environmental Engineering,B. Tech. – M. Tech. Dual Degree in Geotechnical Engineering,2402GT,CE6102,9,Highway Geometric Design and Safety,3-0-0,3.0,MTE4
Civil and Environmental Engineering,B. Tech. – M. Tech. Dual Degree in Geotechnical Engineering,2402GT,CE6125,9,Airport Engineering,3-0-0,3.0,MTE4
Civil and Environmental Engineering,B. Tech. – M. Tech. Dual Degree in Geotechnical Engineering,2402GT,,9,"Sampling, Analytical Methods, and Statistics for Environmental Engineering",3-0-0,3.0,MTE4
Civil and Environmental Engineering,B. Tech. – M. Tech. Dual Degree in Geotechnical Engineering,2402GT,,9,Bituminous materials,3-0-0,3.0,MTE4
Metallurgical and Materials Engineering,Btech in Metallurgical and Materials Engineering,2401MM,,,,,,
Metallurgical and Materials Engineering,Btech in Metallurgical and Materials Engineering,2401MM,,,,,,
Metallurgical and Materials Engineering,Btech in Metallurgical and Materials Engineering,2401MM,,,,,,
Metallurgical and Materials Engineering,Btech in Metallurgical and Materials Engineering,2401MM,,,,,,
Metallurgical and Materials Engineering,Btech in Metallurgical and Materials Engineering,2401MM,,,,,,
Metallurgical and Materials Engineering,Btech in Metallurgical and Materials Engineering,2401MM,,,,,,
Metallurgical and Materials Engineering,Btech in Metallurgical and Materials Engineering,2401MM,,,,,,
Metallurgical and Materials Engineering,Btech in Metallurgical and Materials Engineering,2401MM,,,,,,
Metallurgical and Materials Engineering,Btech in Metallurgical and Materials Engineering,2401MM,,,,,,
Metallurgical and Materials Engineering,Btech in Metallurgical and Materials Engineering,2401MM,,,,,,
Metallurgical and Materials Engineering,Btech in Metallurgical and Materials Engineering,2401MM,,,,,,
Metallurgical and Materials Engineering,Btech in Metallurgical and Materials Engineering,2401MM,,,,,,
Metallurgical and Materials Engineering,Btech in Metallurgical and Materials Engineering,2401MM,,,,,,
Metallurgical and Materials Engineering,Btech in Metallurgical and Materials Engineering,2401MM,,,,,,
Metallurgical and Materials Engineering,Btech in Metallurgical and Materials Engineering,2401MM,,,,,,
Metallurgical and Materials Engineering,Btech in Metallurgical and Materials Engineering,2401MM,,,,,,
Metallurgical and Materials Engineering,Btech in Metallurgical and Materials Engineering,2401MM,,,,,,
Metallurgical and Materials Engineering,Btech in Metallurgical and Materials Engineering,2401MM,,,,,,
Metallurgical and Materials Engineering,Btech in Metallurgical and Materials Engineering,2401MM,,,,,,
Metallurgical and Materials Engineering,Btech in Metallurgical and Materials Engineering,2401MM,,,,,,
Metallurgical and Materials Engineering,Btech in Metallurgical and Materials Engineering,2401MM,,,,,,
Metallurgical and Materials Engineering,Btech in Metallurgical and Materials Engineering,2401MM,,,,,,
Metallurgical and Materials Engineering,Btech in Metallurgical and Materials Engineering,2401MM,,,,,,
Metallurgical and Materials Engineering,Btech in Metallurgical and Materials Engineering,2401MM,,,,,,
Metallurgical and Materials Engineering,Btech in Metallurgical and Materials Engineering,2401MM,,,,,,
Metallurgical and Materials Engineering,Btech in Metallurgical and Materials Engineering,2401MM,,,,,,
Metallurgical and Materials Engineering,Btech in Metallurgical and Materials Engineering,2401MM,,,,,,
Metallurgical and Materials Engineering,Btech in Metallurgical and Materials Engineering,2401MM,,,,,,
Metallurgical and Materials Engineering,Btech in Metallurgical and Materials Engineering,2401MM,,,,,,
Metallurgical and Materials Engineering,Btech in Metallurgical and Materials Engineering,2401MM,,,,,,
Metallurgical and Materials Engineering,Btech in Metallurgical and Materials Engineering,2401MM,,,,,,
Metallurgical and Materials Engineering,Btech in Metallurgical and Materials Engineering,2401MM,,,,,,
Metallurgical and Materials Engineering,Btech in Metallurgical and Materials Engineering,2401MM,,,,,,
Metallurgical and Materials Engineering,Btech in Metallurgical and Materials Engineering,2401MM,,,,,,
Metallurgical and Materials Engineering,Btech in Metallurgical and Materials Engineering,2401MM,,,,,,
Metallurgical and Materials Engineering,Btech in Metallurgical and Materials Engineering,2401MM,,,,,,
Metallurgical and Materials Engineering,Btech in Metallurgical and Materials Engineering,2401MM,,,,,,
Metallurgical and Materials Engineering,Btech in Metallurgical and Materials Engineering,2401MM,,,,,,
Metallurgical and Materials Engineering,Btech in Metallurgical and Materials Engineering,2401MM,,,,,,
Metallurgical and Materials Engineering,Btech in Metallurgical and Materials Engineering,2401MM,,,,,,
Metallurgical and Materials Engineering,Btech in Metallurgical and Materials Engineering,2401MM,,,,,,
Metallurgical and Materials Engineering,Btech in Metallurgical and Materials Engineering,2401MM,,,,,,
Metallurgical and Materials Engineering,Btech in Metallurgical and Materials Engineering,2401MM,,,,,,
Metallurgical and Materials Engineering,Btech in Metallurgical and Materials Engineering,2401MM,,,,,,
Metallurgical and Materials Engineering,Btech in Metallurgical and Materials Engineering,2401MM,,,,,,
Metallurgical and Materials Engineering,Btech in Metallurgical and Materials Engineering,2401MM,,,,,,
Civil and Environmental Engineering,B. Tech. – M. Tech. Dual Degree in Transportation Engineering,2402TE,CE6227,8,Traffic Flow Theory,3-0-0,3.0,MTE1
Civil and Environmental Engineering,B. Tech. – M. Tech. Dual Degree in Transportation Engineering,2402TE,CE6228,8,Analytical Techniques for Infrastructure Systems Analysis,3-0-0,3.0,MTE1
Civil and Environmental Engineering,B. Tech. – M. Tech. Dual Degree in Transportation Engineering,2402TE,CE6229,8,Advanced Flexible Pavement Analysis and Design,3-0-0,3.0,MTE1
Civil and Environmental Engineering,B. Tech. – M. Tech. Dual Degree in Transportation Engineering,2402TE,CE6230,8,Advanced Concrete Pavement Analysis and Design,3-0-0,3.0,MTE1
Civil and Environmental Engineering,B. Tech. – M. Tech. Dual Degree in Transportation Engineering,2402TE,CE6231,8,Advanced Pavement Material Characterization,3-0-0,3.0,MTE1
Civil and Environmental Engineering,B. Tech. – M. Tech. Dual Degree in Transportation Engineering,2402TE,CE6223,8,"Uncertainty, Risk and Reliability Analyses in Civil Engineering",3-0-0,3.0,MTE1
Civil and Environmental Engineering,B. Tech. – M. Tech. Dual Degree in Transportation Engineering,2402TE,CE6218,8,Finite Element Method,3-0-0,3.0,MTE1
Civil and Environmental Engineering,B. Tech. – M. Tech. Dual Degree in Transportation Engineering,2402TE,CE6211,8,Utilization of industrial by-products for geotechnical applications,3-0-0,3.0,MTE1
Civil and Environmental Engineering,B. Tech. – M. Tech. Dual Degree in Transportation Engineering,2402TE,CE6210,8,Ground Improvement Techniques,3-0-0,3.0,MTE1
Civil and Environmental Engineering,B. Tech. – M. Tech. Dual Degree in Transportation Engineering,2402TE,CE5217,8,Geoinformatics for Engineers,3-0-0,3.0,MTE1
Civil and Environmental Engineering,B. Tech. – M. Tech. Dual Degree in Transportation Engineering,2402TE,CE6213,8,Design of Underground Excavations,3-0-0,3.0,MTE1
Civil and Environmental Engineering,B. Tech. – M. Tech. Dual Degree in Transportation Engineering,2402TE,CE6214,8,Special Topics in Geotechnical Engineering,3-0-0,3.0,MTE1
Civil and Environmental Engineering,B. Tech. – M. Tech. Dual Degree in Transportation Engineering,2402TE,CE6215,8,Forensic Geotechnical Engineering,3-0-0,3.0,MTE1
Civil and Environmental Engineering,B. Tech. – M. Tech. Dual Degree in Transportation Engineering,2402TE,CE6219,8,Structural Health Monitoring,3-0-0,3.0,MTE1
Civil and Environmental Engineering,B. Tech. – M. Tech. Dual Degree in Transportation Engineering,2402TE,CE6206,8,Geotechnical Earthquake Engineering,3-0-0,3.0,MTE1
Civil and Environmental Engineering,B. Tech. – M. Tech. Dual Degree in Transportation Engineering,2402TE,CE6208,8,Mine Wastes Generation and Management,3-0-0,3.0,MTE1
Civil and Environmental Engineering,B. Tech. – M. Tech. Dual Degree in Transportation Engineering,2402TE,CE6209,8,Coupled Process in Fractured Geological Media,3-0-0,3.0,MTE1
Civil and Environmental Engineering,B. Tech. – M. Tech. Dual Degree in Transportation Engineering,2402TE,CE6125,9,Bituminous materials,3-0-1,3.0,"MTE2, MTE3, MTE4"
Civil and Environmental Engineering,B. Tech. – M. Tech. Dual Degree in Transportation Engineering,2402TE,CE6126,9,Intelligent Transportation Systems,3-0-2,3.0,"MTE2, MTE3, MTE5"
Civil and Environmental Engineering,B. Tech. – M. Tech. Dual Degree in Transportation Engineering,2402TE,CE6127,9,Pavement Management Systems,3-0-3,3.0,"MTE2, MTE3, MTE6"
Civil and Environmental Engineering,B. Tech. – M. Tech. Dual Degree in Transportation Engineering,2402TE,CE6113,9,Pavement Geotechniques,3-0-4,3.0,"MTE2, MTE3, MTE7"
Civil and Environmental Engineering,B. Tech. – M. Tech. Dual Degree in Transportation Engineering,2402TE,CE6106,9,Soil Dynamics,3-0-5,3.0,"MTE2, MTE3, MTE8"
Civil and Environmental Engineering,B. Tech. – M. Tech. Dual Degree in Transportation Engineering,2402TE,CE6107,9,Rock Slope Engineering,3-0-6,3.0,"MTE2, MTE3, MTE9"
Civil and Environmental Engineering,B. Tech. – M. Tech. Dual Degree in Transportation Engineering,2402TE,CE6122,9,Advanced Concrete Technology,3-0-7,3.0,"MTE2, MTE3, MTE10"
Civil and Environmental Engineering,B. Tech. – M. Tech. Dual Degree in Transportation Engineering,2402TE,CE6116,9,Bridge Engineering and Design,3-0-8,3.0,"MTE2, MTE3, MTE11"
Civil and Environmental Engineering,B. Tech. – M. Tech. Dual Degree in Transportation Engineering,2402TE,CE6128,9,Highway Geometric Design and Safety,3-0-9,3.0,"MTE2, MTE3, MTE12"
Civil and Environmental Engineering,B. Tech. – M. Tech. Dual Degree in Transportation Engineering,2402TE,CE6129,9,Airport Engineering,3-0-10,3.0,"MTE2, MTE3, MTE13"
Civil and Environmental Engineering,B. Tech. – M. Tech. Dual Degree in Transportation Engineering,2402TE,CE6111,9,Rock Mechanics,3-0-11,3.0,"MTE2, MTE3, MTE14"
Civil and Environmental Engineering,B. Tech. – M. Tech. Dual Degree in Transportation Engineering,2402TE,CE6114,9,Probalistic Methods in Geotechnical Engineering,3-0-12,3.0,"MTE2, MTE3, MTE15"
Civil and Environmental Engineering,B. Tech. – M. Tech. Dual Degree in Transportation Engineering,2402TE,CE6108,9,Constitutive Modelling in Geotechnics,3-0-13,3.0,"MTE2, MTE3, MTE16"
Civil and Environmental Engineering,B. Tech. – M. Tech. Dual Degree in Transportation Engineering,2402TE,CE6102,9,"Sampling, Analytical Methods, and Statistics for Environmental Engineering",3-0-14,3.0,"MTE2, MTE3, MTE17"
Civil and Environmental Engineering,B. Tech. – M. Tech. Dual Degree in Transportation Engineering,2402TE,CE6130,9,Analytical Methods in Civil Engineering,3-0-15,3.0,"MTE2, MTE3, MTE18"
Electrical and Electronics Engineering (EEE),B. Tech. in Electrical and Electronics Engineering (EEE) and M. Tech. in Power and Control System,NS,EE4101,7,Electrical Traction and Propulsion,3-0-0,3.0,BTE1
Electrical and Electronics Engineering (EEE),B. Tech. in Electrical and Electronics Engineering (EEE) and M. Tech. in Power and Control System,NS,EC4102,7,Deep Learning for Video Surveillance Systems,3-0-0,3.0,BTE1
Electrical and Electronics Engineering (EEE),B. Tech. in Electrical and Electronics Engineering (EEE) and M. Tech. in Power and Control System,NS,EC4103,7,FPGA based System Design,3-0-0,3.0,BTE1
Electrical and Electronics Engineering (EEE),B. Tech. in Electrical and Electronics Engineering (EEE) and M. Tech. in Power and Control System,NS,EC4101,7,Introduction      to      Quantum Computing,3-0-0,3.0,BTE2
Electrical and Electronics Engineering (EEE),B. Tech. in Electrical and Electronics Engineering (EEE) and M. Tech. in Power and Control System,NS,EC4105,7,Digital Image Processing,3-0-0,3.0,BTE2
Electrical and Electronics Engineering (EEE),B. Tech. in Electrical and Electronics Engineering (EEE) and M. Tech. in Power and Control System,NS,EE4102,7,Power System Reliability,3-0-0,3.0,BTE2
Electrical and Electronics Engineering (EEE),B. Tech. in Electrical and Electronics Engineering (EEE) and M. Tech. in Power and Control System,NS,EE6218,8,Power System Optimization,3-0-0,3.0,MTE1
Electrical and Electronics Engineering (EEE),B. Tech. in Electrical and Electronics Engineering (EEE) and M. Tech. in Power and Control System,NS,EE6213,8,Advance Electric Drives,3-0-0,3.0,MTE1
Electrical and Electronics Engineering (EEE),B. Tech. in Electrical and Electronics Engineering (EEE) and M. Tech. in Power and Control System,NS,EE6215,8,Random Signals and Systems,3-0-0,3.0,MTE1
Electrical and Electronics Engineering (EEE),B. Tech. in Electrical and Electronics Engineering (EEE) and M. Tech. in Power and Control System,NS,EE6216,8,Quantitative Feedback Theory,3-0-0,3.0,MTE1
Electrical and Electronics Engineering (EEE),B. Tech. in Electrical and Electronics Engineering (EEE) and M. Tech. in Power and Control System,NS,EC6270,8,Advance FPGA Platform and System,3-0-0,3.0,MTE1
Electrical and Electronics Engineering (EEE),B. Tech. in Electrical and Electronics Engineering (EEE) and M. Tech. in Power and Control System,NS,EE6219,8,Optimal Control,3-0-0,3.0,MTE1
Electrical and Electronics Engineering (EEE),B. Tech. in Electrical and Electronics Engineering (EEE) and M. Tech. in Power and Control System,NS,EE6217,8,HVDC Transmission Systems,3-0-0,3.0,MTE1
Electrical and Electronics Engineering (EEE),B. Tech. in Electrical and Electronics Engineering (EEE) and M. Tech. in Power and Control System,NS,EE5111,9,Renewable  Energy Integration,3-0-0,3.0,MTE2
Electrical and Electronics Engineering (EEE),B. Tech. in Electrical and Electronics Engineering (EEE) and M. Tech. in Power and Control System,NS,EE6111,9,Advanced Power System Reliability,3-0-0,3.0,MTE2
Electrical and Electronics Engineering (EEE),B. Tech. in Electrical and Electronics Engineering (EEE) and M. Tech. in Power and Control System,NS,EE6114,9,Advanced State Estimation and Tracking Target,3-0-0,3.0,MTE2
Electrical and Electronics Engineering (EEE),B. Tech. in Electrical and Electronics Engineering (EEE) and M. Tech. in Power and Control System,NS,EE6117,9,Multivariable Control System,3-0-0,3.0,MTE2
Electrical and Electronics Engineering (EEE),B. Tech. in Electrical and Electronics Engineering (EEE) and M. Tech. in Power and Control System,NS,EC6150,9,CMOS Phase Locked Loops,3-0-0,3.0,MTE2
Electrical and Electronics Engineering (EEE),B. Tech. in Electrical and Electronics Engineering (EEE) and M. Tech. in Power and Control System,NS,EE5113,9,Power System Deregulation,3-0-0,3.0,MTE3
Electrical and Electronics Engineering (EEE),B. Tech. in Electrical and Electronics Engineering (EEE) and M. Tech. in Power and Control System,NS,EE6113,9,Advanced System Power Protection,3-0-0,3.0,MTE3
Electrical and Electronics Engineering (EEE),B. Tech. in Electrical and Electronics Engineering (EEE) and M. Tech. in Power and Control System,NS,EE6115,9,Switched  Mode  Power Converters,3-0-0,3.0,MTE3
Electrical and Electronics Engineering (EEE),B. Tech. in Electrical and Electronics Engineering (EEE) and M. Tech. in Power and Control System,NS,EE6116,9,Advanced Control Digital System,3-0-0,3.0,MTE3
Electrical and Electronics Engineering (EEE),B. Tech. in Electrical and Electronics Engineering (EEE) and M. Tech. in Power and Control System,NS,EC5111,9,VLSI     Architectural Design and Implementation,3-0-0,3.0,MTE3
Electrical and Electronics Engineering (EEE),B. Tech. in Electrical and Electronics Engineering (EEE) and M. Tech. in Power and Control System,NS,EE5112,9,Energy Storage Systems,3-0-0,3.0,MTE4
Electrical and Electronics Engineering (EEE),B. Tech. in Electrical and Electronics Engineering (EEE) and M. Tech. in Power and Control System,NS,EE6112,9,V2G and G2V Technology,3-0-0,3.0,MTE4
Electrical and Electronics Engineering (EEE),B. Tech. in Electrical and Electronics Engineering (EEE) and M. Tech. in Power and Control System,NS,EC6155,9,Emerging Technologies for Beyond 5G,3-0-0,3.0,MTE4
Electrical and Electronics Engineering (EEE),B. Tech.–M. Tech. Dual Degree in Communication System and Signal Processing (CSSP),NS,EC4103,7,Introduction to Quantum Computing,3-0-0,3.0,BTE1
Electrical and Electronics Engineering (EEE),B. Tech.–M. Tech. Dual Degree in Communication System and Signal Processing (CSSP),,EC4104,7,Deep  Learning  for  Video  Surveillance Systems,3-0-0,3.0,BTE1
Electrical and Electronics Engineering (EEE),B. Tech.–M. Tech. Dual Degree in Communication System and Signal Processing (CSSP),,EC4105,7,FPGA based System Design,3-0-0,3.0,BTE1
Electrical and Electronics Engineering (EEE),B. Tech.–M. Tech. Dual Degree in Communication System and Signal Processing (CSSP),,EC4106,7, Introduction   to   Information Theory,3-0-0,3.0,BTE2
Electrical and Electronics Engineering (EEE),B. Tech.–M. Tech. Dual Degree in Communication System and Signal Processing (CSSP),,EC5250,7,Digital Image Processing,3-0-0,3.0,BTE2
Electrical and Electronics Engineering (EEE),B. Tech.–M. Tech. Dual Degree in Communication System and Signal Processing (CSSP),,EC5203,7,Graph Signal Processing,3-0-0,3.0,BTE2
Electrical and Electronics Engineering (EEE),B. Tech.–M. Tech. Dual Degree in Communication System and Signal Processing (CSSP),,EC5204,8,Patterns Recognition and Machine Learning,3-0-0,3.0,MTE1
Electrical and Electronics Engineering (EEE),B. Tech.–M. Tech. Dual Degree in Communication System and Signal Processing (CSSP),,EC6209,8,Communication Networks,3-0-0,3.0,MTE1
Electrical and Electronics Engineering (EEE),B. Tech.–M. Tech. Dual Degree in Communication System and Signal Processing (CSSP),,EC5206,8,Multimedia Communication,3-0-0,3.0,MTE1
Electrical and Electronics Engineering (EEE),B. Tech.–M. Tech. Dual Degree in Communication System and Signal Processing (CSSP),,EC6208,8,Adaptive filtering: From theory to practice,3-0-0,3.0,MTE1
Electrical and Electronics Engineering (EEE),B. Tech.–M. Tech. Dual Degree in Communication System and Signal Processing (CSSP),,EE6215,8,Advanced Biomedical Signal Processing,3-0-0,3.0,MTE1
Electrical and Electronics Engineering (EEE),B. Tech.–M. Tech. Dual Degree in Communication System and Signal Processing (CSSP),,EC6212,8,RF and Microwave Measurement Techniques,3-0-0,3.0,MTE1
Electrical and Electronics Engineering (EEE),B. Tech.–M. Tech. Dual Degree in Communication System and Signal Processing (CSSP),,EC6210,8,Random Signals and Systems,3-0-0,3.0,MTE1
Electrical and Electronics Engineering (EEE),B. Tech.–M. Tech. Dual Degree in Communication System and Signal Processing (CSSP),,EC6211,8,Optimization Theory and Techniques for Electrical Engineering,3-0-0,3.0,MTE1
Electrical and Electronics Engineering (EEE),B. Tech.–M. Tech. Dual Degree in Communication System and Signal Processing (CSSP),,EC5216,8,Smart Antenna: From Theory to Practice,3-0-0,3.0,MTE1
Electrical and Electronics Engineering (EEE),B. Tech.–M. Tech. Dual Degree in Communication System and Signal Processing (CSSP),,EC5205,8,Antenna Design and Characterization,3-0-0,3.0,MTE1
Electrical and Electronics Engineering (EEE),B. Tech.–M. Tech. Dual Degree in Communication System and Signal Processing (CSSP),,EC6213,8,Silicon Photonics,3-0-0,3.0,MTE1
Electrical and Electronics Engineering (EEE),B. Tech.–M. Tech. Dual Degree in Communication System and Signal Processing (CSSP),,EC6207,8,Optical Communication,3-0-0,3.0,MTE1
Electrical and Electronics Engineering (EEE),B. Tech.–M. Tech. Dual Degree in Communication System and Signal Processing (CSSP),,EC6271,8,Statistical Signal Processing,3-0-0,3.0,MTE1
Electrical and Electronics Engineering (EEE),B. Tech.–M. Tech. Dual Degree in Communication System and Signal Processing (CSSP),,EC5108,8,Microwave and Millimetre Wave Integrated Circuits (MMIC),3-0-0,3.0,MTE1
Electrical and Electronics Engineering (EEE),B. Tech.–M. Tech. Dual Degree in Communication System and Signal Processing (CSSP),,EC5109,8,Generative AI for Video Surveillance System,3-0-0,3.0,MTE1
Electrical and Electronics Engineering (EEE),B. Tech.–M. Tech. Dual Degree in Communication System and Signal Processing (CSSP),,EC6116,9,RF and Microwave Active Circuits,3-0-0,3.0,MTE2
Electrical and Electronics Engineering (EEE),B. Tech.–M. Tech. Dual Degree in Communication System and Signal Processing (CSSP),,EC5113 ,9,Internet of Things (IoT) Networks,3-0-0,3.0,MTE2
Electrical and Electronics Engineering (EEE),B. Tech.–M. Tech. Dual Degree in Communication System and Signal Processing (CSSP),,EC6154,9,Advance  Antenna  and Microwave Devices,3-0-0,3.0,MTE2
Electrical and Electronics Engineering (EEE),B. Tech.–M. Tech. Dual Degree in Communication System and Signal Processing (CSSP),,EC6114,9,Radio and Frequency Integrated Circuits,3-0-0,3.0,MTE2
Electrical and Electronics Engineering (EEE),B. Tech.–M. Tech. Dual Degree in Communication System and Signal Processing (CSSP),,EC5111,9,Computer Vision,3-0-0,3.0,MTE3
Electrical and Electronics Engineering (EEE),B. Tech.–M. Tech. Dual Degree in Communication System and Signal Processing (CSSP),,EC5159,9, Radio   Frequency Design and Technology,3-0-0,3.0,MTE3
Electrical and Electronics Engineering (EEE),B. Tech.–M. Tech. Dual Degree in Communication System and Signal Processing (CSSP),,EC5104,9,VLSI Architectural Design and Implementation,3-0-0,3.0,MTE3
Electrical and Electronics Engineering (EEE),B. Tech.–M. Tech. Dual Degree in Communication System and Signal Processing (CSSP),,EC6157,9,Bio Sensors and Circuits,3-0-0,3.0,MTE3
Electrical and Electronics Engineering (EEE),B. Tech.–M. Tech. Dual Degree in Communication System and Signal Processing (CSSP),,EC6155 ,9,Quantum Computing,3-0-0,3.0,MTE3
Electrical and Electronics Engineering (EEE),B. Tech.–M. Tech. Dual Degree in Communication System and Signal Processing (CSSP),,EE5112 ,9,VLSI Signal Processing,3-0-0,3.0,MTE3
Electrical and Electronics Engineering (EEE),B. Tech.–M. Tech. Dual Degree in Communication System and Signal Processing (CSSP),,EE6112,9,Emerging Technologies   for   Beyond 5G,3-0-0,3.0,MTE4
Electrical and Electronics Engineering (EEE),B. Tech.–M. Tech. Dual Degree in Communication System and Signal Processing (CSSP),,,9,Energy    Storage Systems,3-0-0,3.0,MTE4
Electrical and Electronics Engineering (EEE),B. Tech.–M. Tech. Dual Degree in Communication System and Signal Processing (CSSP),,,9,V2G and G2V Technology,3-0-0,3.0,MTE4
Electrical Engineering,B. Tech. in Electronics and Communication Engineering (ECE) and M. Tech. in VLSI and Embedded Systems,NS,EC4103,7,Introduction to Quantum Computing,3-0-0,3.0,MTE1
Electrical Engineering,B. Tech. in Electronics and Communication Engineering (ECE) and M. Tech. in VLSI and Embedded Systems,NS,EC4104,7,Deep Learning for Video Surveillance Systems,3-0-0,3.0,MTE1
Electrical Engineering,B. Tech. in Electronics and Communication Engineering (ECE) and M. Tech. in VLSI and Embedded Systems,NS,EC4105,7,FPGA based System Design,3-0-0,3.0,MTE1
Electrical Engineering,B. Tech. in Electronics and Communication Engineering (ECE) and M. Tech. in VLSI and Embedded Systems,NS,EC4106,7,Introduction to Information Theory,3-0-0,3.0,MTE1
Electrical Engineering,B. Tech. in Electronics and Communication Engineering (ECE) and M. Tech. in VLSI and Embedded Systems,NS,EC5250,7,Digital Image Processing,3-0-0,3.0,MTE1
Electrical Engineering,B. Tech. in Electronics and Communication Engineering (ECE) and M. Tech. in VLSI and Embedded Systems,NS,EC5204,7,Graph Signal Processing,3-0-0,3.0,MTE1
Electrical Engineering,B. Tech. in Electronics and Communication Engineering (ECE) and M. Tech. in VLSI and Embedded Systems,NS,EC5216,8,Patterns Recognition and Machine Learning,3-0-0,3.0,MTE1
Electrical Engineering,B. Tech. in Electronics and Communication Engineering (ECE) and M. Tech. in VLSI and Embedded Systems,NS,EC5211,8,Multimedia Communication,3-0-0,3.0,MTE1
Electrical Engineering,B. Tech. in Electronics and Communication Engineering (ECE) and M. Tech. in VLSI and Embedded Systems,NS,EE5213,8,Silicon Photonics,3-0-0,3.0,MTE1
Electrical Engineering,B. Tech. in Electronics and Communication Engineering (ECE) and M. Tech. in VLSI and Embedded Systems,NS,EC5254,8,VLSI Technology,3-0-0,3.0,MTE1
Electrical Engineering,B. Tech. in Electronics and Communication Engineering (ECE) and M. Tech. in VLSI and Embedded Systems,NS,EC5256,8,Recent Trends in Optimization Techniques,3-0-0,3.0,MTE1
Electrical Engineering,B. Tech. in Electronics and Communication Engineering (ECE) and M. Tech. in VLSI and Embedded Systems,NS,EC5260,8,Low Power VLSI,3-0-0,3.0,MTE1
Electrical Engineering,B. Tech. in Electronics and Communication Engineering (ECE) and M. Tech. in VLSI and Embedded Systems,NS,EC5264,8,CAD VLSI,3-0-0,3.0,MTE1
Electrical Engineering,B. Tech. in Electronics and Communication Engineering (ECE) and M. Tech. in VLSI and Embedded Systems,NS,EC5266,8,Embedded System Integration,3-0-0,3.0,MTE1
Electrical Engineering,B. Tech. in Electronics and Communication Engineering (ECE) and M. Tech. in VLSI and Embedded Systems,NS,EC5271,8,Sensors and Actuators,3-0-0,3.0,MTE1
Electrical Engineering,B. Tech. in Electronics and Communication Engineering (ECE) and M. Tech. in VLSI and Embedded Systems,NS,EC5113,8,Semiconductor Packaging Technology,3-0-0,3.0,MTE1
Electrical Engineering,B. Tech. in Electronics and Communication Engineering (ECE) and M. Tech. in VLSI and Embedded Systems,NS,EC5114,8,High Power Semiconductor Devices,3-0-0,3.0,MTE1
Electrical Engineering,B. Tech. in Electronics and Communication Engineering (ECE) and M. Tech. in VLSI and Embedded Systems,NS,EC5159,9,Radio Frequency Integrated Circuits,3-0-0,3.0,MTE2
Electrical Engineering,B. Tech. in Electronics and Communication Engineering (ECE) and M. Tech. in VLSI and Embedded Systems,NS,EC6150,9,Advanced Digital Image Processing,3-0-0,3.0,MTE2
Electrical Engineering,B. Tech. in Electronics and Communication Engineering (ECE) and M. Tech. in VLSI and Embedded Systems,NS,EC6154,9,Bio Sensors and Circuits,3-0-0,3.0,MTE2
Electrical Engineering,B. Tech. in Electronics and Communication Engineering (ECE) and M. Tech. in VLSI and Embedded Systems,NS,EC5111,9,Phase Locked Loops,3-0-0,3.0,MTE2
Electrical Engineering,B. Tech. in Electronics and Communication Engineering (ECE) and M. Tech. in VLSI and Embedded Systems,NS,EC5104,9,Computer Vision,3-0-0,3.0,MTE3
Electrical Engineering,B. Tech. in Electronics and Communication Engineering (ECE) and M. Tech. in VLSI and Embedded Systems,NS,EE5111,9,VLSI Architecture Design and Implementation,3-0-0,3.0,MTE3
Electrical Engineering,B. Tech. in Electronics and Communication Engineering (ECE) and M. Tech. in VLSI and Embedded Systems,NS,EC5109,9,Quantum Computing,3-0-0,3.0,MTE3
Electrical Engineering,B. Tech. in Electronics and Communication Engineering (ECE) and M. Tech. in VLSI and Embedded Systems,NS,EC5158,9,Control Techniques in Power Electronics,3-0-0,3.0,MTE3
Electrical Engineering,B. Tech. in Electronics and Communication Engineering (ECE) and M. Tech. in VLSI and Embedded Systems,NS,EC6157,9,Internet of Things (IoT) Networks,3-0-0,3.0,MTE4
Electrical Engineering,B. Tech. in Electronics and Communication Engineering (ECE) and M. Tech. in VLSI and Embedded Systems,NS,EC5112,9,VLSI Testing and Verification,3-0-0,3.0,MTE4
Electrical Engineering,B. Tech. in Electronics and Communication Engineering (ECE) and M. Tech. in VLSI and Embedded Systems,NS,,9,VLSI Signal Processing,3-0-0,3.0,MTE4
Electrical Engineering,B. Tech. in Electronics and Communication Engineering (ECE) and M. Tech. in VLSI and Embedded Systems,NS,,9,Opto-Electronics Materials and Devices,3-0-0,3.0,MTE4
Mechanical Engineering,B. Tech. in Mechanical Engineering and M. Tech. in Mechatronics,NS,ME4104,7,Tribology and Surface Engineering,3-0-0,3.0,BTE1
Mechanical Engineering,B. Tech. in Mechanical Engineering and M. Tech. in Mechatronics,NS,ME4105,7,Basics of Computational Fluid Dynamics,3-0-0,3.0,BTE1
Mechanical Engineering,B. Tech. in Mechanical Engineering and M. Tech. in Mechatronics,NS,ME4106,7,Industrial Automation,3-0-0,3.0,BTE1
Mechanical Engineering,B. Tech. in Mechanical Engineering and M. Tech. in Mechatronics,NS,ME4107,7,Vehicle Dynamics,3-0-0,3.0,BTE2
Mechanical Engineering,B. Tech. in Mechanical Engineering and M. Tech. in Mechatronics,NS,ME6215,7,Mathematical Modelling of Computer Aided Design,3-0-0,3.0,BTE2
Mechanical Engineering,B. Tech. in Mechanical Engineering and M. Tech. in Mechatronics,NS,ME6208,7,Energy Engineering,3-0-0,3.0,BTE2
Mechanical Engineering,B. Tech. in Mechanical Engineering and M. Tech. in Mechatronics,NS,ME6209,8,Computer Numerical Controlled Machine Tools,3-0-0,3.0,MTE1
Mechanical Engineering,B. Tech. in Mechanical Engineering and M. Tech. in Mechatronics,NS,ME6105,8,Robot Motion Planning,3-0-0,3.0,MTE1
Mechanical Engineering,B. Tech. in Mechanical Engineering and M. Tech. in Mechatronics,NS,ME6107,8,Non-linear Systems Dynamics,3-0-0,3.0,MTE1
Mechanical Engineering,B. Tech. in Mechanical Engineering and M. Tech. in Mechatronics,NS,ME6106,9,Acoustics,3-0-0,3.0,MTE2
Mechanical Engineering,B. Tech. in Mechanical Engineering and M. Tech. in Mechatronics,NS,ME6103,9,Digital Manufacturing and Industry 4.0,3-0-0,3.0,MTE2
Mechanical Engineering,B. Tech. in Mechanical Engineering and M. Tech. in Mechatronics,NS,ME6109,9,Mobile Robotics,3-0-0,3.0,MTE2
Mechanical Engineering,B. Tech. in Mechanical Engineering and M. Tech. in Mechatronics,NS,EC5114,9,Continuum Mechanics,3-0-0,3.0,MTE3
Mechanical Engineering,B. Tech. in Mechanical Engineering and M. Tech. in Mechatronics,NS,EC6157,9,Vehicle Dynamics and Multi-body Systems,3-0-0,3.0,MTE3
Mechanical Engineering,B. Tech. in Mechanical Engineering and M. Tech. in Mechatronics,NS,,9,Advanced Digital Image Processing,3-0-0,3.0,MTE4
Mechanical Engineering,B. Tech. in Mechanical Engineering and M. Tech. in Mechatronics,NS,,9,VLSI Signal Processing,3-0-0,3.0,MTE4
Economics,BS in Economics,NS,HS4165,7,Game Theory,3-1-0,4.0,SE1
Economics,BS in Economics,NS,HS4167,7,Energy Economics,3-1-0,4.0,SE1
Economics,BS in Economics,NS,HS4169,7,Labour Economics,3-1-0,4.0,SE1
Economics,BS in Economics,NS,HS4261,7,Business Law and Economics,3-1-0,4.0,SE1
Economics,BS in Economics,NS,HS4263,7,Advanced Macroeconomics,3-1-0,4.0,SE1
Economics,BS in Economics,NS,HS4264,7,Institutional Economics,3-1-0,4.0,SE1
Economics,BS in Economics,NS,HS4265,7,Public Finance and Policy,3-1-0,4.0,SE1
Economics,BS in Economics,NS,HS4269,7,Agrarian Economics,3-1-0,4.0,SE1
Economics,BS in Economics,NS,HS4101,7,Political Economy and Development,3-1-0,4.0,SE1
Economics,BS in Economics,NS,HS4103,7,Mechanism Design,3-1-0,4.0,SE1
Economics,BS in Economics,NS,HS4105,7,Financial Analytics,3-1-0,4.0,SE2
Economics,BS in Economics,NS,HS4107,7,Behavioural Economics and Finance,3-1-0,4.0,SE2
Economics,BS in Economics,NS,HS4209,7,Programming/ Coding,3-1-0,4.0,SE2
Economics,BS in Economics,NS,HS4211,7,Corporate Finance,3-1-0,4.0,SE2
Economics,BS in Economics,NS,HS4105,7,Financial Markets and Derivatives,3-1-0,4.0,SE2
Economics,BS in Economics,NS,HS4173,7,Wealth Management,3-1-0,4.0,SE2
Economics,BS in Economics,NS,HS4175,8,Programming/ Coding,3-1-0,4.0,SE3
Economics,BS in Economics,NS,HS4179,8,HR Analytics,3-1-0,4.0,SE3
Economics,BS in Economics,NS,HS4272,8,Financial Analytics,3-1-0,4.0,SE3
Economics,BS in Economics,NS,HS4274,8,Big Data Analytics,3-1-0,4.0,SE3
Economics,BS in Economics,NS,HS4276,8,Artificial Intelligence,3-1-0,4.0,SE3
Economics,BS in Economics,NS,HS4278,8,Statistical Decision Theory,3-1-0,4.0,SE3
Economics,BS in Economics,NS,,8,Algorithm with Lab,3-1-0,4.0,SE3
Economics,BS in Economics,NS,,8,Machine Learning and DS,3-1-0,4.0,SE3
