Parent Department,Specialization,Roll Number,Course Code,Semester #,Course Name,LTP,Credit,Type,offered_for_minor
Department of Chemical and Biochemical Engineering,,,MA1101,1,Calculus and Linear Algebra,3-1-0,4,Core,0.0
Department of Chemical and Biochemical Engineering,,,CS1101,1,Foundations of Programming,3-0-3,4.5,Core,0.0
Department of Chemical and Biochemical Engineering,,,PH1101/PH1201,1,Physics,3-1-3,5.5,Core,0.0
Department of Chemical and Biochemical Engineering,,,CE1101/CE1201,1,Engineering Graphics,1-0-3,2.5,Core,0.0
Department of Chemical and Biochemical Engineering,,,EE1101/EE1201,1,Electrical Sciences,3-0-3,4.5,Core,0.0
Department of Chemical and Biochemical Engineering,,,HS1101,1,English for Professionals,2-0-1,2.5,Core,0.0
Department of Chemical and Biochemical Engineering,,,MA1201,2,Probability Theory and Ordinary Differential Equations,3-1-0,4,Core,0.0
Department of Chemical and Biochemical Engineering,,,CS1201,2,Data Structure,3-0-3,4.5,Core,0.0
Department of Chemical and Biochemical Engineering,,,CH1201/CH1101,2,Chemistry,3-1-3,5.5,Core,0.0
Department of Chemical and Biochemical Engineering,,,ME1201/ME1101,2,Mechanical Fabrication,0-0-3,1.5,Core,0.0
Department of Chemical and Biochemical Engineering,,,ME1202/ME1102,2,Engineering Mechanics,3-1-0,4,Core,0.0
Department of Chemical and Biochemical Engineering,,,IK1101,2,Indian Knowledge System (IKS),3-0-0,3,IKS,0.0
Department of Chemical and Biochemical Engineering,,,CB2101,3,Introduction to Chemical Engineering,2-0-0,2,Core,0.0
Department of Chemical and Biochemical Engineering,,,CB2102,3,Fluid Mechanics,3-1-2,5,Core,0.0
Department of Chemical and Biochemical Engineering,,,CB2103,3,Heat Transfer,3-0-3,4.5,Core,0.0
Department of Chemical and Biochemical Engineering,,,CB2104,3,Chemical Process Calculations,3-1-0,4,Core,0.0
Department of Chemical and Biochemical Engineering,,,CB2105,3,"Chemical Engineering Thermodynamics
",3-0-0,3,Core,0.0
Department of Chemical and Biochemical Engineering,,,HS21PQ,3,HSS Elective-I,3-0-0,3,HS1,0.0
Department of Chemical and Biochemical Engineering,,,CB2201,4,"Mechanical Operations	
",2-0-3,3.5,Core,0.0
Department of Chemical and Biochemical Engineering,,,CB2202,4,Mass Transfer-I,3-0-0,3,Core,0.0
Department of Chemical and Biochemical Engineering,,,CB2203,4,Fundamentals of Biochemical Engineering,3-0-0,3,Core,0.0
Department of Chemical and Biochemical Engineering,,,CB2204,4,Process Dynamics and Control,3-0-2,4,Core,0.0
Department of Chemical and Biochemical Engineering,,,CB2205,4,Chemical Reaction Engineering-I,3-0-0,3,Core,0.0
Department of Chemical and Biochemical Engineering,,,CB22PQ,4,IDE1,3-0-0,3,IDE1,0.0
Department of Chemical and Biochemical Engineering,,,CB3101,5,Mass Transfer-II,3-0-3,4.5,Core,0.0
Department of Chemical and Biochemical Engineering,,,CB3102,5,Chemical Process Technology,3-0-0,3,Core,0.0
Department of Chemical and Biochemical Engineering,,,CB3103,5,Process Equipment Design,1-2-0,3,Core,0.0
Department of Chemical and Biochemical Engineering,,,CB3104,5,Chemical Reaction Engineering-II,3-0-2,4,Core,0.0
Department of Chemical and Biochemical Engineering,,,CB3105,5,Chemical Process Modeling and Simulation,2-0-3,3.5,Core,0.0
Department of Chemical and Biochemical Engineering,,,CB31PQ,5,IDE1I,3-0-0,3,IDE2,0.0
Department of Chemical and Biochemical Engineering,,,CB3201,6,Process Plant Design and Economics,3-0-0,3,Core,0.0
Department of Chemical and Biochemical Engineering,,,CB3202,6,Transport Phenomena,3-1-0,4,Core,0.0
Department of Chemical and Biochemical Engineering,,,CB3203,6,Numerical Methods in Chemical Engineering,3-1-0,4,Core,0.0
Department of Chemical and Biochemical Engineering,,,CB3204,6,AI/ML for Chemical Engineers,1-0-4,3,Core,0.0
Department of Chemical and Biochemical Engineering,,,CB3205,6,Chemical Plant Safety and Hazards,3-0-0,3,Core,0.0
Department of Chemical and Biochemical Engineering,,,CB32PQ,6,DE1,3-0-0,3,DE1,0.0
Department of Chemical and Biochemical Engineering,,,CB41PQ,7,DE1I,3-0-0,3,DE2,0.0
Department of Chemical and Biochemical Engineering,,,CB41PQ,7,DE1II,3-0-1,3,DE3,0.0
Department of Chemical and Biochemical Engineering,,,XX41PQ,7,IDE1II,3-0-2,3,IDE3,0.0
Department of Chemical and Biochemical Engineering,,,HS31PQ,7,HSS Elective-II,3-0-3,3,HS2,0.0
Department of Chemical and Biochemical Engineering,,,CB4198,7,Summer Internship*,0-0-12,3,SI,0.0
Department of Chemical and Biochemical Engineering,,,CB4199,7,Project   I,0-0-12,6,P1,0.0
Department of Chemical and Biochemical Engineering,,,CB42PQ,8,DE1V,3-0-0,3,DE4,0.0
Department of Chemical and Biochemical Engineering,,,CB42PQ,8,DE5,3-0-0,3,DE5,0.0
Department of Chemical and Biochemical Engineering,,,CB4298,8,DE5I,3-0-0,3,DE6,0.0
Department of Chemical and Biochemical Engineering,,,CB4299,8,Project   II,0-0-16,8,P2,0.0
Civil and Environmental Engineering,B. Tech. in Civil Engineering,2401CE,MA1101,1,Calculus and Linear Algebra,3-1-0,4,Core,0.0
Civil and Environmental Engineering,B. Tech. in Civil Engineering,2401CE,CS1101,1,Foundations of Programming ,3-0-3,4.5,Core,0.0
Civil and Environmental Engineering,B. Tech. in Civil Engineering,2401CE,PH1101/PH1201,1,Physics,3-1-3,5.5,Core,0.0
Civil and Environmental Engineering,B. Tech. in Civil Engineering,2401CE,CE1101/CE1201,1,Engineering Graphics,1-0-3,2.5,Core,0.0
Civil and Environmental Engineering,B. Tech. in Civil Engineering,2401CE,EE1101/EE1201,1,Electrical Sciences,3-0-3,4.5,Core,0.0
Civil and Environmental Engineering,B. Tech. in Civil Engineering,2401CE,HS1101,1,English for Professionals,2-0-1,2.5,Core,0.0
Civil and Environmental Engineering,B. Tech. in Civil Engineering,2401CE,MA1201,2,Probability Theory and Ordinary Differential Equations,3-1-0,4,Core,0.0
Civil and Environmental Engineering,B. Tech. in Civil Engineering,2401CE,CS1201,2,Data Structure,3-0-3,4.5,Core,0.0
Civil and Environmental Engineering,B. Tech. in Civil Engineering,2401CE,CH1201/CH1101,2,Chemistry,3-1-3,5.5,Core,0.0
Civil and Environmental Engineering,B. Tech. in Civil Engineering,2401CE,ME1201/ME1101,2,Mechanical Fabrication,0-0-3,1.5,Core,0.0
Civil and Environmental Engineering,B. Tech. in Civil Engineering,2401CE,ME1202/ME1102,2,Engineering Mechanics,3-1-0,4,Core,0.0
Civil and Environmental Engineering,B. Tech. in Civil Engineering,2401CE,IK1101,2,Indian Knowledge System(IKS),3-0-0,3,IKS,0.0
Civil and Environmental Engineering,B. Tech. in Civil Engineering,2401CE,CE2101,3,Geomatics Engineering,3-1-2,5,Core,0.0
Civil and Environmental Engineering,B. Tech. in Civil Engineering,2401CE,CE2102,3,Structural Mechanics,3-1-0,4,Core,1.0
Civil and Environmental Engineering,B. Tech. in Civil Engineering,2401CE,CE2103,3,Fluid Mechanics ,3-1-2,5,Core,0.0
Civil and Environmental Engineering,B. Tech. in Civil Engineering,2401CE,CE2104,3,Geology for Engineers ,3-0-2,4,Core,0.0
Civil and Environmental Engineering,B. Tech. in Civil Engineering,2401CE,HS21PQ,3,HSS Elective I ,3-0-0,3,HS1,0.0
Civil and Environmental Engineering,B. Tech. in Civil Engineering,2401CE,CE2201,4,Structural Analysis ,3-0-2,4,Core,0.0
Civil and Environmental Engineering,B. Tech. in Civil Engineering,2401CE,CE2202,4,Soil Mechanics,3-0-2,4,Core,0.0
Civil and Environmental Engineering,B. Tech. in Civil Engineering,2401CE,CE2203,4,Civil Engineering Materials,3-0-2,4,Core,1.0
Civil and Environmental Engineering,B. Tech. in Civil Engineering,2401CE,CE2204,4,Water Resource Engineering - 1,3-0-0,3,Core,0.0
Civil and Environmental Engineering,B. Tech. in Civil Engineering,2401CE,CE2205,4,Numerical Methods in Civil Engineering,3-0-0,3,Core,0.0
Civil and Environmental Engineering,B. Tech. in Civil Engineering,2401CE,CE22PQ,4,IDE1,3-0-0,3,IDE1,0.0
Civil and Environmental Engineering,B. Tech. in Civil Engineering,2401CE,CE3101,5,Design of Reinforced Concrete Structures,3-0-2,4,Core,0.0
Civil and Environmental Engineering,B. Tech. in Civil Engineering,2401CE,CE3102,5,Foundation Engineering  ,3-0-2,4,Core,0.0
Civil and Environmental Engineering,B. Tech. in Civil Engineering,2401CE,CE3103,5,Transportation Engineering - 1,3-1-2,5,Core,1.0
Civil and Environmental Engineering,B. Tech. in Civil Engineering,2401CE,CE3104,5,Environmental Engineering - 1,3-0-2,4,Core,0.0
Civil and Environmental Engineering,B. Tech. in Civil Engineering,2401CE,CE3190,5,IDE2,3-0-0,3,IDE2,0.0
Civil and Environmental Engineering,B. Tech. in Civil Engineering,2401CE,CE3201,6,Design of Steel Structures,3-1-0,4,Core,0.0
Civil and Environmental Engineering,B. Tech. in Civil Engineering,2401CE,CE3202,6,Infrastructure Drawing and Estimation ,1-2-0,3,Core,1.0
Civil and Environmental Engineering,B. Tech. in Civil Engineering,2401CE,CE3203,6,Construction Planning & Management,3-0-0,3,Core,0.0
Civil and Environmental Engineering,B. Tech. in Civil Engineering,2401CE,CE3204,6,Environmental Engineering - 2,3-1-0,4,Core,0.0
Civil and Environmental Engineering,B. Tech. in Civil Engineering,2401CE,CE3205,6,Water Resource Engineering - 2,3-0-2,4,Core,0.0
Civil and Environmental Engineering,B. Tech. in Civil Engineering,2401CE,CE3206,6,Transportation Engineering - 2,3-0-0,3,Core,0.0
Civil and Environmental Engineering,B. Tech. in Civil Engineering,2401CE,CE41PQ,7,DE1,3-0-0,3,DE1,0.0
Civil and Environmental Engineering,B. Tech. in Civil Engineering,2401CE,CE41PQ,7,DE2,3-0-0,3,DE2,0.0
Civil and Environmental Engineering,B. Tech. in Civil Engineering,2401CE,CE41PQ,7,IDE3,3-0-0,3,IDE3,0.0
Civil and Environmental Engineering,B. Tech. in Civil Engineering,2401CE,HS41PQ,7,HS2,3-0-0,3,HS2,0.0
Civil and Environmental Engineering,B. Tech. in Civil Engineering,2401CE,CE4198,7,Summer Internship,0-0-12,3,SI,0.0
Civil and Environmental Engineering,B. Tech. in Civil Engineering,2401CE,CE4199,7,Project - 1,0-0-12,6,P1,0.0
Civil and Environmental Engineering,B. Tech. in Civil Engineering,2401CE,CE42PQ,8,DE3,3-0-0,3,DE3,0.0
Civil and Environmental Engineering,B. Tech. in Civil Engineering,2401CE,CE42PQ,8,DE4,3-0-0,3,DE4,0.0
Civil and Environmental Engineering,B. Tech. in Civil Engineering,2401CE,CE42PQ,8,DE5,3-0-0,3,DE5,0.0
Civil and Environmental Engineering,B. Tech. in Civil Engineering,2401CE,CE4299,8,Project - 2,0-0-16,8,P2,0.0
Department of Chemistry,,2401CT,MA1101,1,Calculus and Linear Algebra,3-1-0,4,Core,0.0
Department of Chemistry,,2401CT,CS1101,1,Foundations of Programming ,3-0-3,4.5,Core,0.0
Department of Chemistry,,2401CT,,1,Physics,3-1-3,5.5,Core,0.0
Department of Chemistry,,2401CT,,1,Engineering Graphics,1-0-3,2.5,Core,0.0
Department of Chemistry,,2401CT,,1,Electrical Sciences,3-0-3,4.5,Core,0.0
Department of Chemistry,,2401CT,HS1101,1,English for Professionals,2-0-1,2.5,Core,0.0
Department of Chemistry,,2401CT,MA1201,2,Probability Theory and Ordinary Differential Equations,3-1-0,4,Core,0.0
Department of Chemistry,,2401CT,CS1201,2,Data Structure,3-0-3,4.5,Core,0.0
Department of Chemistry,,2401CT,,2,Chemistry,3-1-3,5.5,Core,0.0
Department of Chemistry,,2401CT,,2,Mechanical Fabrication,0-0-3,1.5,Core,0.0
Department of Chemistry,,2401CT,,2,Engineering Mechanics,3-1-0,4,Core,0.0
Department of Chemistry,,2401CT,IK1101,2,Indian Knowledge System(IKS),3-0-0,3,IKS,0.0
Department of Chemistry,,2401CT,CH2101,3,Organic Chemistry,3-1-0,4,Core,0.0
Department of Chemistry,,2401CT,CH2102,3,Inorganic Chemistry,3-1-0,4,Core,0.0
Department of Chemistry,,2401CT,CH2103,3,Introduction to Quantum Chemistry,3-1-0,4,Core,0.0
Department of Chemistry,,2401CT,CH2104,3,Fluid Mechanics,3-1-2,5,Core,0.0
Department of Chemistry,,2401CT,CH2105,3,Chemical Process Calculations,3-0-0,3,Core,0.0
Department of Chemistry,,2401CT,HS21PQ,3,HSS Elective-I,3-0-0,3,HS1,0.0
Department of Chemistry,,2401CT,CH2201,4,Structure and function of Biomolecules,3-0-0,3,Core,0.0
Department of Chemistry,,2401CT,CH2202,4,Introduction to Organometallics,3-1-0,4,Core,1.0
Department of Chemistry,,2401CT,CH2203,4,Chemical Thermodynamics and Equilibrium,3-1-0,4,Core,0.0
Department of Chemistry,,2401CT,CH2204,4,Industrial Chemistry,3-0-0,3,Core,0.0
Department of Chemistry,,2401CT,CH2205,4,Chemical Technology Laboratory I,0-0-6,3,Core,0.0
Department of Chemistry,,2401CT,CH2206,4,IDE1: Green Science and Technology,3-0-0,3,IDE1,0.0
Department of Chemistry,,2401CT,CH3101,5,Macromolecular Science and Engineering,3-1-0,4,Core,1.0
Department of Chemistry,,2401CT,CH3102,5,Design and Applications of Nanomaterials,2-1-0,3,Core,0.0
Department of Chemistry,,2401CT,CH3103,5,Chemical Kinetics and Electrochemistry,3-0-0,3,Core,0.0
Department of Chemistry,,2401CT,CH3104,5,Techniques for Chemical Analysis,3-1-0,4,Core,1.0
Department of Chemistry,,2401CT,CH3105,5,Chemical Technology Laboratory II,0-0-6,3,Core,0.0
Department of Chemistry,,2401CT,CH3106,5,IDE1I: Synthesis of Industrially Important Inorganic Molecules,3-0-0,3,IDE2,0.0
Department of Chemistry,,2401CT,CH3201,6,Medicinal Chemistry,3-0-0,3,Core,0.0
Department of Chemistry,,2401CT,CH3202,6,Environmental Science & Technology,3-0-0,3,Core,0.0
Department of Chemistry,,2401CT,CH3203,6,Computational Chemistry,3-0-2,4,Core,1.0
Department of Chemistry,,2401CT,CH3204,6,Chemistry for Propellants and Pyrotechnics,3-0-0,3,Core,0.0
Department of Chemistry,,2401CT,CH3205,6,Chemical Technology Laboratory III,0-0-6,3,Core,0.0
Department of Chemistry,,2401CT,CH32PQ,6,Department Elective-I,3-0-0,3,DE1,0.0
Department of Chemistry,,2401CT,CH41PQ,7,Departmental Elective   II,3-0-0,3,DE2,0.0
Department of Chemistry,,2401CT,CH41PQ,7,Departmental Elective   III,3-0-0,3,DE3,0.0
Department of Chemistry,,2401CT,CH4111,7,IDE1II: Analytical Chemistry,3-0-0,3,IDE3,0.0
Department of Chemistry,,2401CT,HS41PQ,7,HSS Elective II,3-0-0,3,HS2,0.0
Department of Chemistry,,2401CT,CH4198,7,Summer Internship*,0-0-12,3,SI,0.0
Department of Chemistry,,2401CT,CH4199,7,Project   I,0-0-6,6,P1,0.0
Department of Chemistry,,2401CT,CH42XX,8,Departmental Elective   IV,3-0-0,3,DE4,0.0
Department of Chemistry,,2401CT,CH42XX,8,Departmental Elective   V,3-0-0,3,DE5,0.0
Department of Chemistry,,2401CT,CH42XX,8,Departmental Elective   VI,3-0-0,3,DE6,0.0
Department of Chemistry,,2401CT,CH4299,8,Project   II,0-0-16,8,P2,0.0
Computer Science & Engineering,Artificial Intelligence and Data Science,2401AI,MA1101,1,Calculus and Linear Algebra,3-1-0,4,Core,0.0
Computer Science & Engineering,Artificial Intelligence and Data Science,2401AI,CS1101,1,Foundations of Programming ,3-0-3,4.5,Core,0.0
Computer Science & Engineering,Artificial Intelligence and Data Science,2401AI,PH1101/PH1201,1,Physics,3-1-3,5.5,Core,0.0
Computer Science & Engineering,Artificial Intelligence and Data Science,2401AI,CE1101/CE1201,1,Engineering Graphics,1-0-3,2.5,Core,0.0
Computer Science & Engineering,Artificial Intelligence and Data Science,2401AI,EE1101/EE1201,1,Electrical Sciences,3-0-3,4.5,Core,0.0
Computer Science & Engineering,Artificial Intelligence and Data Science,2401AI,HS1101,1,English for Professionals,2-0-1,2.5,HS,0.0
Computer Science & Engineering,Artificial Intelligence and Data Science,2401AI,MA1201,2,Probability Theory and Ordinary Differential Equations,3-1-0,4,Core,0.0
Computer Science & Engineering,Artificial Intelligence and Data Science,2401AI,CS1201,2,Data Structure,3-0-3,4.5,Core,0.0
Computer Science & Engineering,Artificial Intelligence and Data Science,2401AI,CH1201/CH1101,2,Chemistry,3-1-3,5.5,Core,0.0
Computer Science & Engineering,Artificial Intelligence and Data Science,2401AI,ME1201/ME1101,2,Mechanical Fabrication,0-0-3,1.5,Core,0.0
Computer Science & Engineering,Artificial Intelligence and Data Science,2401AI,ME1202/ME1102,2,Engineering Mechanics,3-1-0,4,Core,0.0
Computer Science & Engineering,Artificial Intelligence and Data Science,2401AI,IK1101,2,IKS,3-0-0,3,IKS,0.0
Computer Science & Engineering,Artificial Intelligence and Data Science,2401AI,CS2101,3,Algorithm,3-0-3,4.5,Core,0.0
Computer Science & Engineering,Artificial Intelligence and Data Science,2401AI,CS2102,3,Digital Logic and Computer Organization,3-0-3,4.5,Core,0.0
Computer Science & Engineering,Artificial Intelligence and Data Science,2401AI,CS2103,2,Artificial Intelligence Concepts,2-0-2,3,Core,1.0
Computer Science & Engineering,Artificial Intelligence and Data Science,2401AI,CS2104,3,Discrete Mathematics,3-0-0,3,Core,0.0
Computer Science & Engineering,Artificial Intelligence and Data Science,2401AI,CS2105,3,Optimization Techniques,3-0-0,3,Core,0.0
Computer Science & Engineering,Artificial Intelligence and Data Science,2401AI,HS21PQ,3,HSS Elective I,3-0-0,3,HS,0.0
Computer Science & Engineering,Artificial Intelligence and Data Science,2401AI,CS2201,4,Formal Language and Automata Theory,3-0-0,3,Core,0.0
Computer Science & Engineering,Artificial Intelligence and Data Science,2401AI,CS2202,4,Database and Warehousing,3-0-2,4,Core,1.0
Computer Science & Engineering,Artificial Intelligence and Data Science,2401AI,CS2203,4,Artificial Intelligence,3-0-3,4.5,Core,0.0
Computer Science & Engineering,Artificial Intelligence and Data Science,2401AI,CS2204,4,IT Workshop,0-2-2,3,Core,0.0
Computer Science & Engineering,Artificial Intelligence and Data Science,2401AI,CS2206,4,Data Analytics and Visualization,3-0-3,4.5,Core,0.0
Computer Science & Engineering,Artificial Intelligence and Data Science,2401AI,CS2209,4,IDE1 (Introduction to Data Science),3-0-0,3,IDE1,0.0
Computer Science & Engineering,Artificial Intelligence and Data Science,2401AI,CS3101,5,Operating System,3-0-3,4.5,Core,0.0
Computer Science & Engineering,Artificial Intelligence and Data Science,2401AI,CS3102,5,Computer Network,3-0-3,4.5,Core,0.0
Computer Science & Engineering,Artificial Intelligence and Data Science,2401AI,CS3103,5,Machine Learning,3-0-3,4.5,Core,1.0
Computer Science & Engineering,Artificial Intelligence and Data Science,2401AI,CS3105,5,Natural Language Processing,3-0-3,4.5,Core,0.0
Computer Science & Engineering,Artificial Intelligence and Data Science,2401AI,CS3109,5,IDE1I (Computer Graphics),3-0-0,3,IDE2,0.0
Computer Science & Engineering,Artificial Intelligence and Data Science,2401AI,CS3201,6,Cyber Security,3-0-2,4,Core,0.0
Computer Science & Engineering,Artificial Intelligence and Data Science,2401AI,CS3202,6,Deep Learning,3-0-3,4.5,Core,0.0
Computer Science & Engineering,Artificial Intelligence and Data Science,2401AI,CS3204,6,Computer Vision,3-0-3,4.5,Core,0.0
Computer Science & Engineering,Artificial Intelligence and Data Science,2401AI,CS3299,6,Capstone Project,0-0-6,3,Core,0.0
Computer Science & Engineering,Artificial Intelligence and Data Science,2401AI,CS32XX,6,DE1,3-0-0,3,DE1,0.0
Computer Science & Engineering,Artificial Intelligence and Data Science,2401AI,CS41XX,7,DE1I,3-0-0,3,DE2,0.0
Computer Science & Engineering,Artificial Intelligence and Data Science,2401AI,CS41XX,7,DE1II,3-0-0,3,DE3,0.0
Computer Science & Engineering,Artificial Intelligence and Data Science,2401AI,CS4109,7,IDE - III (Data Analysis and Visualization),3-0-0,3,IDE3,0.0
Computer Science & Engineering,Artificial Intelligence and Data Science,2401AI,HS41PQ,7,HSS Elective II,3-0-0,3,HS2,0.0
Computer Science & Engineering,Artificial Intelligence and Data Science,2401AI,CS4198,7,Summer Internship*/ Summer Project,0-0-12,3,SI/SP,0.0
Computer Science & Engineering,Artificial Intelligence and Data Science,2401AI,CS4199,7,Project   I,0-0-12,6,P1,0.0
Computer Science and Engineering,Btech in Computer Science and Engineering,2401CS,MA1101,1,Calculus and Linear Algebra,3-1-0,4,Core,0.0
Computer Science and Engineering,Btech in Computer Science and Engineering,2401CS,CS1101,1,Foundations of Programming ,3-0-3,4.5,Core,0.0
Computer Science and Engineering,Btech in Computer Science and Engineering,2401CS,PH1101/PH1201,1,Physics,3-1-3,5.5,Core,0.0
Computer Science and Engineering,Btech in Computer Science and Engineering,2401CS,CE1101/CE1201,1,Engineering Graphics,1-0-3,2.5,Core,0.0
Computer Science and Engineering,Btech in Computer Science and Engineering,2401CS,EE1101/EE1201,1,Electrical Sciences,3-0-3,4.5,Core,0.0
Computer Science and Engineering,Btech in Computer Science and Engineering,2401CS,HS1101,1,English for Professionals,2-0-1,2.5,HS,0.0
Computer Science and Engineering,Btech in Computer Science and Engineering,2401CS,MA1201,2,Probability Theory and Ordinary Differential Equations,3-1-0,4,Core,0.0
Computer Science and Engineering,Btech in Computer Science and Engineering,2401CS,CS1201,2,Data Structure,3-0-3,4.5,Core,0.0
Computer Science and Engineering,Btech in Computer Science and Engineering,2401CS,CH1201/CH1101,2,Chemistry,3-1-3,5.5,Core,0.0
Computer Science and Engineering,Btech in Computer Science and Engineering,2401CS,ME1201/ME1101,2,Mechanical Fabrication,0-0-3,1.5,Core,0.0
Computer Science and Engineering,Btech in Computer Science and Engineering,2401CS,ME1202/ME1102,2,Engineering Mechanics,3-1-0,4,Core,0.0
Computer Science and Engineering,Btech in Computer Science and Engineering,2401CS,IK1101,2,Indian Knowledge System(IKS),3-0-0,3,IKS,0.0
Computer Science and Engineering,Btech in Computer Science and Engineering,2401CS,CS2101,3,Algorithm,3-0-3,4.5,Core,1.0
Computer Science and Engineering,Btech in Computer Science and Engineering,2401CS,CS2102,3,Digital Logic and Computer Organization,3-0-3,4.5,Core,0.0
Computer Science and Engineering,Btech in Computer Science and Engineering,2401CS,CS2103,3,Artificial Intelligence Concepts,2-0-2,3,Core,0.0
Computer Science and Engineering,Btech in Computer Science and Engineering,2401CS,CS2104,3,Discrete Mathematics,3-0-0,3,Core,0.0
Computer Science and Engineering,Btech in Computer Science and Engineering,2401CS,CS2105,3,Optimization Techniques,3-0-0,3,Core,0.0
Computer Science and Engineering,Btech in Computer Science and Engineering,2401CS,HS21XX,3,HSS Elective I,3-0-0,3,HS,0.0
Computer Science and Engineering,Btech in Computer Science and Engineering,2401CS,CS2201,4,Formal Language and Automata Theory,3-0-0,3,Core,0.0
Computer Science and Engineering,Btech in Computer Science and Engineering,2401CS,CS2202,4,Database and Warehousing,3-0-2,4,Core,1.0
Computer Science and Engineering,Btech in Computer Science and Engineering,2401CS,CS2203,4,Artificial Intelligence,3-0-3,4.5,Core,0.0
Computer Science and Engineering,Btech in Computer Science and Engineering,2401CS,CS2204,4,IT Workshop,0-2-2,3,Core,0.0
Computer Science and Engineering,Btech in Computer Science and Engineering,2401CS,CS2205,4,Computer Architecture,3-0-3,4.5,Core,0.0
Computer Science and Engineering,Btech in Computer Science and Engineering,2401CS,CS2209,4,IDE - I (Introduction to Data Science),3-0-0,3,IDE1,0.0
Computer Science and Engineering,Btech in Computer Science and Engineering,2401CS,CS3101,5,Operating System,3-0-3,4.5,Core,1.0
Computer Science and Engineering,Btech in Computer Science and Engineering,2401CS,CS3102,5,Computer Network,3-0-3,4.5,Core,0.0
Computer Science and Engineering,Btech in Computer Science and Engineering,2401CS,CS3103,5,Machine Learning,3-0-3,4.5,Core,0.0
Computer Science and Engineering,Btech in Computer Science and Engineering,2401CS,CS3104,5,Compiler,3-0-3,4.5,Core,0.0
Computer Science and Engineering,Btech in Computer Science and Engineering,2401CS,CS3109,5,IDE - II (Computer Graphics),3-0-0,3,IDE2,0.0
Computer Science and Engineering,Btech in Computer Science and Engineering,2401CS,CS3201,6,Cyber Security,3-0-2,4,Core,1.0
Computer Science and Engineering,Btech in Computer Science and Engineering,2401CS,CS3202,6,Deep Learning,3-0-3,4.5,Core,0.0
Computer Science and Engineering,Btech in Computer Science and Engineering,2401CS,CS3203,6,Internet of Things,3-0-3,4.5,Core,0.0
Computer Science and Engineering,Btech in Computer Science and Engineering,2401CS,CS32XX,6,DE1,3-0-0,3,DE1,0.0
Computer Science and Engineering,Btech in Computer Science and Engineering,2401CS,CS3299,6,Capstone Project,0-0-6,3,Core,0.0
Computer Science and Engineering,Btech in Computer Science and Engineering,2401CS,CS41XX,7,DE1I,3-0-0,3,DE2,0.0
Computer Science and Engineering,Btech in Computer Science and Engineering,2401CS,CS41XX,7,DE1II,3-0-0,3,DE3,0.0
Computer Science and Engineering,Btech in Computer Science and Engineering,2401CS,CS4109,7,IDE1II(Data Analysis and Visualization),3-0-0,3,IDE3,0.0
Computer Science and Engineering,Btech in Computer Science and Engineering,2401CS,HS41PQ,7,HSS Elective II,3-0-0,3,HS2,0.0
Computer Science and Engineering,Btech in Computer Science and Engineering,2401CS,CS4198,7,Summer Internship/ Summer Project,0-0-12,3,SI,0.0
Computer Science and Engineering,Btech in Computer Science and Engineering,2401CS,CS4199,7,Project   I,0-0-12,6,P1,0.0
Computer Science and Engineering,Btech in Computer Science and Engineering,2401CS,CS42XX,8,DE1V,3-0-0,3,DE4,0.0
Computer Science and Engineering,Btech in Computer Science and Engineering,2401CS,CS42XX,8,DE5,3-0-0,3,DE5,0.0
Computer Science and Engineering,Btech in Computer Science and Engineering,2401CS,CS42XX,8,DE5I,3-0-0,3,DE6,0.0
Computer Science and Engineering,Btech in Computer Science and Engineering,2401CS,CS4299,8,Project   II,0-0-16,8,P2,0.0
Electrical Engineering,B. Tech. in Electronics and Communication Engineering (ECE)  and Minor in Communication.,2401EC,MA1101,1,Calculus and Linear Algebra,3-1-0,4,Core,0.0
Electrical Engineering,B. Tech. in Electronics and Communication Engineering (ECE)  and Minor in Communication.,2401EC,CS1101,1,Foundations of Programming,3-0-3,4.5,Core,0.0
Electrical Engineering,B. Tech. in Electronics and Communication Engineering (ECE)  and Minor in Communication.,2401EC,PH1101/PH1201,1,Physics,3-1-3,5.5,Core,0.0
Electrical Engineering,B. Tech. in Electronics and Communication Engineering (ECE)  and Minor in Communication.,2401EC,CE1101/CE1201,1,Engineering Graphics,1-0-3,2.5,Core,0.0
Electrical Engineering,B. Tech. in Electronics and Communication Engineering (ECE)  and Minor in Communication.,2401EC,EE1101/EE1201,1,Electrical Sciences,3-0-3,4.5,Core,0.0
Electrical Engineering,B. Tech. in Electronics and Communication Engineering (ECE)  and Minor in Communication.,2401EC,HS1101,1,English for Professionals,2-0-1,2.5,HS,0.0
Electrical Engineering,B. Tech. in Electronics and Communication Engineering (ECE)  and Minor in Communication.,2401EC,MA1201,2,Probability Theory and Ordinary Differential Equations,3-1-0,4,Core,0.0
Electrical Engineering,B. Tech. in Electronics and Communication Engineering (ECE)  and Minor in Communication.,2401EC,CS1201,2,Data Structure,3-0-3,4.5,Core,0.0
Electrical Engineering,B. Tech. in Electronics and Communication Engineering (ECE)  and Minor in Communication.,2401EC,CH1201/CH1101,2,Chemistry,3-1-3,5.5,Core,0.0
Electrical Engineering,B. Tech. in Electronics and Communication Engineering (ECE)  and Minor in Communication.,2401EC,ME1201/ME1101,2,Mechanical Fabrication,0-0-3,1.5,Core,0.0
Electrical Engineering,B. Tech. in Electronics and Communication Engineering (ECE)  and Minor in Communication.,2401EC,ME1202/ME1102,2,Engineering Mechanics,3-1-0,4,Core,0.0
Electrical Engineering,B. Tech. in Electronics and Communication Engineering (ECE)  and Minor in Communication.,2401EC,IK1101,2,IKS,3-0-0,3,IKS,0.0
Electrical Engineering,B. Tech. in Electronics and Communication Engineering (ECE)  and Minor in Communication.,2401EC,EE2101,3,Measurements and Instrumentation,3-0-2,4,Core,0.0
Electrical Engineering,B. Tech. in Electronics and Communication Engineering (ECE)  and Minor in Communication.,2401EC,EE2102,3,Network Analysis and Synthesis,3-0-0,3,Core,0.0
Electrical Engineering,B. Tech. in Electronics and Communication Engineering (ECE)  and Minor in Communication.,2401EC,EC2101,3,Analog Circuits,3-0-2,4,Core,0.0
Electrical Engineering,B. Tech. in Electronics and Communication Engineering (ECE)  and Minor in Communication.,2401EC,EC2102,3,Signals and Systems,3-1-0,4,Core,1.0
Electrical Engineering,B. Tech. in Electronics and Communication Engineering (ECE)  and Minor in Communication.,2401EC,EC2103,3,Semiconductor Devices,3-0-2,4,Core,0.0
Electrical Engineering,B. Tech. in Electronics and Communication Engineering (ECE)  and Minor in Communication.,2401EC,HS21PQ,3,HSS Elective I,3-0-0,3,HS1,0.0
Electrical Engineering,B. Tech. in Electronics and Communication Engineering (ECE)  and Minor in Communication.,2401EC,EC2201,4,Digital Electronics,3-0-2,4,Core,1.0
Electrical Engineering,B. Tech. in Electronics and Communication Engineering (ECE)  and Minor in Communication.,2401EC,EC2202,4,Microprocessor,2-0-2,3,Core,0.0
Electrical Engineering,B. Tech. in Electronics and Communication Engineering (ECE)  and Minor in Communication.,2401EC,EE2201,4,Control Systems,3-0-2,4,Core,0.0
Electrical Engineering,B. Tech. in Electronics and Communication Engineering (ECE)  and Minor in Communication.,2401EC,EC2203,4,Computer Organization and Architecture,3-0-0,3,Core,0.0
Electrical Engineering,B. Tech. in Electronics and Communication Engineering (ECE)  and Minor in Communication.,2401EC,EC2204,4,Internet of Things,3-0-0,3,Core,0.0
Electrical Engineering,B. Tech. in Electronics and Communication Engineering (ECE)  and Minor in Communication.,2401EC,XX22PQ,4,IDE I,3-0-0,3,IDE1,0.0
Electrical Engineering,B. Tech. in Electronics and Communication Engineering (ECE)  and Minor in Communication.,2401EC,EC3101,5,Microcontroller and Embedded System,3-0-2,4,Core,0.0
Electrical Engineering,B. Tech. in Electronics and Communication Engineering (ECE)  and Minor in Communication.,2401EC,EE3102,5,VLSI Design,3-0-2,4,Core,0.0
Electrical Engineering,B. Tech. in Electronics and Communication Engineering (ECE)  and Minor in Communication.,2401EC,EC3103,5,Analog Communication,3-0-2,4,Core,1.0
Electrical Engineering,B. Tech. in Electronics and Communication Engineering (ECE)  and Minor in Communication.,2401EC,EC3104,5,Engineering Electromagnetics,3-0-0,3,Core,0.0
Electrical Engineering,B. Tech. in Electronics and Communication Engineering (ECE)  and Minor in Communication.,2401EC,EC3105,5,Random Signals and Stochastic Processes,3-0-0,3,Core,0.0
Electrical Engineering,B. Tech. in Electronics and Communication Engineering (ECE)  and Minor in Communication.,2401EC,XX31PQ,5,IDE II,3-0-0,3,IDE2,0.0
Electrical Engineering,B. Tech. in Electronics and Communication Engineering (ECE)  and Minor in Communication.,2401EC,EC3201,6,Digital Communication,3-0-2,4,Core,0.0
Electrical Engineering,B. Tech. in Electronics and Communication Engineering (ECE)  and Minor in Communication.,2401EC,EC3202,6,Digital Signal Processing,3-0-0,4,Core,0.0
Electrical Engineering,B. Tech. in Electronics and Communication Engineering (ECE)  and Minor in Communication.,2401EC,EC3203,6,Introduction to AI/ML,3-0-0,3,Core,0.0
Electrical Engineering,B. Tech. in Electronics and Communication Engineering (ECE)  and Minor in Communication.,2401EC,EC3204,6,Low Power MOSFETs Design and Modeling,3-0-0,3,Core,0.0
Electrical Engineering,B. Tech. in Electronics and Communication Engineering (ECE)  and Minor in Communication.,2401EC,EC3205,6,Introduction to Wireless Communications,3-0-0,3,Core,0.0
Electrical Engineering,B. Tech. in Electronics and Communication Engineering (ECE)  and Minor in Communication.,2401EC,EC3206,6,RF Systems,3-0-0,3,Core,0.0
Electrical Engineering,B. Tech. in Electronics and Communication Engineering (ECE)  and Minor in Communication.,2401EC,EC41XX,7,Department Elective I,3-0-0,3,DE1,0.0
Electrical Engineering,B. Tech. in Electronics and Communication Engineering (ECE)  and Minor in Communication.,2401EC,EC41XX,7,Department Elective II,3-0-0,3,DE2,0.0
Electrical Engineering,B. Tech. in Electronics and Communication Engineering (ECE)  and Minor in Communication.,2401EC,XX41PQ,7,IDE III,3-0-0,3,IDE3,0.0
Electrical Engineering,B. Tech. in Electronics and Communication Engineering (ECE)  and Minor in Communication.,2401EC,HS41PQ,7,HSS Elective II,3-0-0,3,HS2,0.0
Electrical Engineering,B. Tech. in Electronics and Communication Engineering (ECE)  and Minor in Communication.,2401EC,EC4198,7,Summer Internship*,0-0-12,3,SI,0.0
Electrical Engineering,B. Tech. in Electronics and Communication Engineering (ECE)  and Minor in Communication.,2401EC,EC4199,7,Project   I,0-0-12,6,P1,0.0
Electrical Engineering,B. Tech. in Electronics and Communication Engineering (ECE)  and Minor in Communication.,2401EC,EC42XX,8,Department Elective III,3-0-0,3,DE3,0.0
Electrical Engineering,B. Tech. in Electronics and Communication Engineering (ECE)  and Minor in Communication.,2401EC,EC42XX,8,Department Elective IV,3-0-0,3,DE4,0.0
Electrical Engineering,B. Tech. in Electronics and Communication Engineering (ECE)  and Minor in Communication.,2401EC,EC42XX,8,Department Elective V,3-0-0,3,DE5,0.0
Electrical Engineering,B. Tech. in Electronics and Communication Engineering (ECE)  and Minor in Communication.,2401EC,EC4299,8,Project   II,0-0-16,8,P2,0.0
Electrical Engineering,Btech in Electrical and Electronics Engineering,2401EE,MA1101,1,Calculus and Linear Algebra,3-1-0,4,Core,0.0
Electrical Engineering,Btech in Electrical and Electronics Engineering,2401EE,CS1101,1,Foundations of Programming ,3-0-3,4.5,Core,0.0
Electrical Engineering,Btech in Electrical and Electronics Engineering,2401EE,PH1101/PH1201,1,Physics,3-1-3,5.5,Core,0.0
Electrical Engineering,Btech in Electrical and Electronics Engineering,2401EE,CE1101/CE1201,1,Engineering Graphics,1-0-3,2.5,Core,0.0
Electrical Engineering,Btech in Electrical and Electronics Engineering,2401EE,EE1101/EE1201,1,Electrical Sciences,3-0-3,4.5,Core,0.0
Electrical Engineering,Btech in Electrical and Electronics Engineering,2401EE,HS1101,1,English for Professionals,2-0-1,2.5,HS,0.0
Electrical Engineering,Btech in Electrical and Electronics Engineering,2401EE,MA1201,2,Probability Theory and Ordinary Differential Equations,3-1-0,4,Core,0.0
Electrical Engineering,Btech in Electrical and Electronics Engineering,2401EE,CS1201,2,Data Structure,3-0-3,4.5,Core,0.0
Electrical Engineering,Btech in Electrical and Electronics Engineering,2401EE,CH1201/CH1101,2,Chemistry,3-1-3,5.5,Core,0.0
Electrical Engineering,Btech in Electrical and Electronics Engineering,2401EE,ME1201/ME1101,2,Mechanical Fabrication,0-0-3,1.5,Core,0.0
Electrical Engineering,Btech in Electrical and Electronics Engineering,2401EE,ME1202/ME1102,2,Engineering Mechanics,3-1-0,4,Core,0.0
Electrical Engineering,Btech in Electrical and Electronics Engineering,2401EE,IK1101,2,IKS,3-0-0,3,IKS,0.0
Electrical Engineering,Btech in Electrical and Electronics Engineering,2401EE,EE2101,3,Measurements and Instrumentation,3-0-2,4,Core,0.0
Electrical Engineering,Btech in Electrical and Electronics Engineering,2401EE,EE2102,3,Network Analysis and Synthesis,3-0-0,3,Core,0.0
Electrical Engineering,Btech in Electrical and Electronics Engineering,2401EE,EC2101,3,Analog Circuits,3-0-2,4,Core,0.0
Electrical Engineering,Btech in Electrical and Electronics Engineering,2401EE,EC2102,3,Signals and Systems,3-1-0,4,Core,0.0
Electrical Engineering,Btech in Electrical and Electronics Engineering,2401EE,EE2103,3,Electrical Machines   I,2-0-2,3,Core,0.0
Electrical Engineering,Btech in Electrical and Electronics Engineering,2401EE,HS21PQ,3,HS1,3-0-0,3,HS1,0.0
Electrical Engineering,Btech in Electrical and Electronics Engineering,2401EE,EC2201,4,Digital Electronics,3-0-2,4,Core,0.0
Electrical Engineering,Btech in Electrical and Electronics Engineering,2401EE,EC2202,4,Microprocessor,2-0-2,3,Core,0.0
Electrical Engineering,Btech in Electrical and Electronics Engineering,2401EE,EE2201,4,Control Systems,3-0-2,4,Core,0.0
Electrical Engineering,Btech in Electrical and Electronics Engineering,2401EE,EE2202,4,Electrical Machines-II,2-0-2,3,Core,0.0
Electrical Engineering,Btech in Electrical and Electronics Engineering,2401EE,EC2204,4,Internet of Things,3-0-0,3,Core,0.0
Electrical Engineering,Btech in Electrical and Electronics Engineering,2401EE,XX22PQ,4,IDE1,3-0-0,3,IDE1,0.0
Electrical Engineering,Btech in Electrical and Electronics Engineering,2401EE,EC3101,5,Microcontroller and Embedded System,3-0-2,4,Core,0.0
Electrical Engineering,Btech in Electrical and Electronics Engineering,2401EE,EE3101,5,Power Systems-I,2-0-2,3,Core,0.0
Electrical Engineering,Btech in Electrical and Electronics Engineering,2401EE,EE3102,5,Modern Control Theory,3-0-2,4,Core,0.0
Electrical Engineering,Btech in Electrical and Electronics Engineering,2401EE,EC3104,5,Engineering Electromagnetics,3-0-0,3,Core,0.0
Electrical Engineering,Btech in Electrical and Electronics Engineering,2401EE,EC3105,5,Random Signals and Stochastic Processes,3-0-0,3,Core,0.0
Electrical Engineering,Btech in Electrical and Electronics Engineering,2401EE,XX31PQ,5,IDE2,3-0-0,3,IDE2,0.0
Electrical Engineering,Btech in Electrical and Electronics Engineering,2401EE,EE3201,6,Fundamentals of Electric Drives,3-0-2,4,Core,0.0
Electrical Engineering,Btech in Electrical and Electronics Engineering,2401EE,EC3202,6,Digital Signal Processing,3-0-2,4,Core,0.0
Electrical Engineering,Btech in Electrical and Electronics Engineering,2401EE,EC3203,6,Introduction to AI/ML,3-0-0,3,Core,0.0
Electrical Engineering,Btech in Electrical and Electronics Engineering,2401EE,EE3202,6,Power System II,3-0-2,4,Core,0.0
Electrical Engineering,Btech in Electrical and Electronics Engineering,2401EE,EE3203,6,Power Electronics,3-0-2,4,Core,0.0
Electrical Engineering,Btech in Electrical and Electronics Engineering,2401EE,EE3204,6,Electrical Machine Design,1-0-2,2,Core,0.0
Electrical Engineering,Btech in Electrical and Electronics Engineering,2401EE,EE41xx,7,DE1,3-0-0,3,DE1,0.0
Electrical Engineering,Btech in Electrical and Electronics Engineering,2401EE,EE41xx,7,DE2,3-0-0,3,DE2,0.0
Electrical Engineering,Btech in Electrical and Electronics Engineering,2401EE,HS41PQ,7,HS2,3-0-0,3,HS2,0.0
Electrical Engineering,Btech in Electrical and Electronics Engineering,2401EE,XX41PQ,7,IDE3,3-0-0,3,IDE3,0.0
Electrical Engineering,Btech in Electrical and Electronics Engineering,2401EE,EE4198,7,SI,0-0-12,3,SI,0.0
Electrical Engineering,Btech in Electrical and Electronics Engineering,2401EE,EE4199,7,P1,0-0-12,6,P1,0.0
Electrical Engineering,Btech in Electrical and Electronics Engineering,2401EE,EE42xx,8,DE3,3-0-0,3,DE3,0.0
Electrical Engineering,Btech in Electrical and Electronics Engineering,2401EE,EE42xx,8,DE4,3-0-0,3,DE4,0.0
Electrical Engineering,Btech in Electrical and Electronics Engineering,2401EE,EE42xx,8,DE5,3-0-0,3,DE5,0.0
Electrical Engineering,Btech in Electrical and Electronics Engineering,2401EE,EE4299,8,P2,0-0-16,8,P2,0.0
Mathematics & Computing,B. Tech. in Mathematics & Computing,2401MC,MA1101,1,Calculus and Linear Algebra,3-1-0,4,Core,0.0
Mathematics & Computing,B. Tech. in Mathematics & Computing,2401MC,CS1101,1,Foundations of Programming,3-0-3,4.5,Core,0.0
Mathematics & Computing,B. Tech. in Mathematics & Computing,2401MC,PH1101/PH1201,1,Physics,3-1-3,5.5,Core,0.0
Mathematics & Computing,B. Tech. in Mathematics & Computing,2401MC,CE1101/CE1201,1,Engineering Graphics,1-0-3,2.5,Core,0.0
Mathematics & Computing,B. Tech. in Mathematics & Computing,2401MC,EE1101/EE1201,1,Electrical Sciences,3-0-3,4.5,Core,0.0
Mathematics & Computing,B. Tech. in Mathematics & Computing,2401MC,HS1101,1,English for Professionals,2-0-1,2.5,Core,0.0
Mathematics & Computing,B. Tech. in Mathematics & Computing,2401MC,MA1201,2,Probability Theory and Ordinary Differential Equations,3-1-0,4,Core,0.0
Mathematics & Computing,B. Tech. in Mathematics & Computing,2401MC,CS1201,2,Data Structure,3-0-3,4.5,Core,0.0
Mathematics & Computing,B. Tech. in Mathematics & Computing,2401MC,CH1201/CH1101,2,Chemistry,3-1-3,5.5,Core,0.0
Mathematics & Computing,B. Tech. in Mathematics & Computing,2401MC,ME1201/ME1101,2,Mechanical Fabrication,0-0-3,1.5,Core,0.0
Mathematics & Computing,B. Tech. in Mathematics & Computing,2401MC,ME1202/ME1102,2,Engineering Mechanics,3-1-0,4,Core,0.0
Mathematics & Computing,B. Tech. in Mathematics & Computing,2401MC,IK1101,2,Indian Knowledge System (IKS),3-0-0,3,IKS,0.0
Mathematics & Computing,B. Tech. in Mathematics & Computing,2401MC,MA2101,3,Design and Analysis of Algorithms,3-0-2,4,Core,0.0
Mathematics & Computing,B. Tech. in Mathematics & Computing,2401MC,MA2102,3,Probability and Stochastic Processes,3-1-0,4,Core,0.0
Mathematics & Computing,B. Tech. in Mathematics & Computing,2401MC,MA2103,3,Optimization Techniques,3-0-0,3,Core,0.0
Mathematics & Computing,B. Tech. in Mathematics & Computing,2401MC,MA2104,3,Algebra,3-0-0,3,Core,0.0
Mathematics & Computing,B. Tech. in Mathematics & Computing,2401MC,MA2105,3,Discrete Mathematics,3-0-0,3,Core,0.0
Mathematics & Computing,B. Tech. in Mathematics & Computing,2401MC,HS21PQ,3,HS1,3-0-0,3,HS1,0.0
Mathematics & Computing,B. Tech. in Mathematics & Computing,2401MC,MA2201,4,Introduction to Machine Learning,2-0-2,3,Core,0.0
Mathematics & Computing,B. Tech. in Mathematics & Computing,2401MC,MA2202,4,Real Analysis and Measure Theory,3-0-0,3,Core,0.0
Mathematics & Computing,B. Tech. in Mathematics & Computing,2401MC,MA2203,4,Numerical Linear Algebra,3-0-2,4,Core,0.0
Mathematics & Computing,B. Tech. in Mathematics & Computing,2401MC,MA2204,4,Computer Architecture and Organization,3-0-3,4.5,Core,0.0
Mathematics & Computing,B. Tech. in Mathematics & Computing,2401MC,MA2205,4,Database Management Systems,3-0-3,4.5,Core,0.0
Mathematics & Computing,B. Tech. in Mathematics & Computing,2401MC,XX22PQ,4,IDE I,3-0-0,3,IDE1,0.0
Mathematics & Computing,B. Tech. in Mathematics & Computing,2401MC,MA3101,5,Ordinary and Partial Differential Equations,3-0-0,3,Core,0.0
Mathematics & Computing,B. Tech. in Mathematics & Computing,2401MC,MA3102,5,Complex Analysis,3-0-0,3,Core,0.0
Mathematics & Computing,B. Tech. in Mathematics & Computing,2401MC,MA3103,5,Theory of Computation,3-0-0,3,Core,0.0
Mathematics & Computing,B. Tech. in Mathematics & Computing,2401MC,MA3104,5,Computer Networks,3-0-3,4.5,Core,0.0
Mathematics & Computing,B. Tech. in Mathematics & Computing,2401MC,MA3105,5,Operating Systems,3-0-3,4.5,Core,0.0
Mathematics & Computing,B. Tech. in Mathematics & Computing,2401MC,XX31PQ,5,IDE II,3-0-0,3,IDE2,0.0
Mathematics & Computing,B. Tech. in Mathematics & Computing,2401MC,MA3201,6,Number Theory and Cryptography,3-0-0,3,Core,0.0
Mathematics & Computing,B. Tech. in Mathematics & Computing,2401MC,MA3202,6,Numerical Methods,3-0-2,4,Core,0.0
Mathematics & Computing,B. Tech. in Mathematics & Computing,2401MC,MA3203,6,Mathematical Statistics,3-0-0,3,Core,0.0
Mathematics & Computing,B. Tech. in Mathematics & Computing,2401MC,MA3204,6,Convex Optimization,3-0-2,4,Core,0.0
Mathematics & Computing,B. Tech. in Mathematics & Computing,2401MC,MA3205,6,Functional Analysis,3-0-0,3,Core,0.0
Mathematics & Computing,B. Tech. in Mathematics & Computing,2401MC,MA3206,6,Artificial Intelligence,3-0-2,4,Core,0.0
Mathematics & Computing,B. Tech. in Mathematics & Computing,2401MC,HSXXX,7,HSS Elective - II,3-0-0,3,HS2,0.0
Mathematics & Computing,B. Tech. in Mathematics & Computing,2401MC,XX41PQ,7,IDE - III,3-0-0,3,IDE3,0.0
Mathematics & Computing,B. Tech. in Mathematics & Computing,2401MC,MA41PQ,7,Departmental Elective I,3-0-0,3,DE1,0.0
Mathematics & Computing,B. Tech. in Mathematics & Computing,2401MC,MA41PQ,7,Departmental Elective II,3-0-0,3,DE2,0.0
Mathematics & Computing,B. Tech. in Mathematics & Computing,2401MC,MA4198,7,Summer Internship,0-0-12,3,SI,0.0
Mathematics & Computing,B. Tech. in Mathematics & Computing,2401MC,MA4199,7,Project I,0-0-12,6,P1,0.0
Mathematics & Computing,B. Tech. in Mathematics & Computing,2401MC,MA42PQ,8,Departmental Elective  III,3-0-0,3,DE3,0.0
Mathematics & Computing,B. Tech. in Mathematics & Computing,2401MC,MA42PQ,8,Departmental Elective IV,3-0-0,3,DE4,0.0
Mathematics & Computing,B. Tech. in Mathematics & Computing,2401MC,MA42PQ,8,Departmental Elective V,3-0-0,3,DE5,0.0
Mathematics & Computing,B. Tech. in Mathematics & Computing,2401MC,MA4299,8,Project II,0-0-16,8,P2,0.0
Mechanical Engineering,Btech in Mechanical Engineering,2401ME,MA1101,1,Calculus and Linear Algebra,3-1-0,4,Core,0.0
Mechanical Engineering,Btech in Mechanical Engineering,2401ME,CS1101,1,Foundations of Programming ,3-0-3,4.5,Core,0.0
Mechanical Engineering,Btech in Mechanical Engineering,2401ME,PH1101/PH1201,1,Physics,3-1-3,5.5,Core,0.0
Mechanical Engineering,Btech in Mechanical Engineering,2401ME,CE1101/CE1201,1,Engineering Graphics,1-0-3,2.5,Core,0.0
Mechanical Engineering,Btech in Mechanical Engineering,2401ME,EE1101/EE1201,1,Electrical Sciences,3-0-3,4.5,Core,0.0
Mechanical Engineering,Btech in Mechanical Engineering,2401ME,HS1101,1,English for Professionals,2-0-1,2.5,Core,0.0
Mechanical Engineering,Btech in Mechanical Engineering,2401ME,MA1201,2,Probability Theory and Ordinary Differential Equations,3-1-0,4,Core,0.0
Mechanical Engineering,Btech in Mechanical Engineering,2401ME,CS1201,2,Data Structure,3-0-3,4.5,Core,0.0
Mechanical Engineering,Btech in Mechanical Engineering,2401ME,CH1201/CH1101,2,Chemistry,3-1-3,5.5,Core,0.0
Mechanical Engineering,Btech in Mechanical Engineering,2401ME,ME1201/ME1101,2,Mechanical Fabrication,0-0-3,1.5,Core,0.0
Mechanical Engineering,Btech in Mechanical Engineering,2401ME,ME1202/ME1102,2,Engineering Mechanics,3-1-0,4,Core,0.0
Mechanical Engineering,Btech in Mechanical Engineering,2401ME,IK1101,2,Indian Knowledge System(IKS),3-0-0,3,IKS,0.0
Mechanical Engineering,Btech in Mechanical Engineering,2401ME,ME2101,3,Dynamics,3-1-0,4,Core,0.0
Mechanical Engineering,Btech in Mechanical Engineering,2401ME,ME2102,3,Thermodynamics,3-1-0,4,Core,0.0
Mechanical Engineering,Btech in Mechanical Engineering,2401ME,ME2103,3,Fluid Mechanics,3-1-2,5,3-1-0,0.0
Mechanical Engineering,Btech in Mechanical Engineering,2401ME,ME2104,3,Engineering Materials,3-0-2,4,3-1-0,0.0
Mechanical Engineering,Btech in Mechanical Engineering,2401ME,HS21PQ,3,HS1,3-0-0,3,HS1,0.0
Mechanical Engineering,Btech in Mechanical Engineering,2401ME,ME2102,3,Thermodynamics,3-1-0,4,Core,1.0
Mechanical Engineering,Btech in Mechanical Engineering,2401ME,ME2201,4,Kinematics and Dynamics of Mechanisms,3-1-2,5,Core,0.0
Mechanical Engineering,Btech in Mechanical Engineering,2401ME,ME2202,4,Heat and Mass Transfer,3-1-2,5,Core,0.0
Mechanical Engineering,Btech in Mechanical Engineering,2401ME,ME2203,4,Mechanics of Solids,3-1-0,4,Core,0.0
Mechanical Engineering,Btech in Mechanical Engineering,2401ME,ME2204,4,Mechanical Measurements and Instrumentation,3-0-2,4,Core,0.0
Mechanical Engineering,Btech in Mechanical Engineering,2401ME,XX22PQ,4,IDE1,3-0-0,3,IDE1,0.0
Mechanical Engineering,Btech in Mechanical Engineering,2401ME,ME2202,4,Heat and Mass Transfer,3-1-2,5,Core,1.0
Mechanical Engineering,Btech in Mechanical Engineering,2401ME,ME3101,5,Data Analytics and Machine Learning Tools for Engineers,1-2-1,3.5,Core,0.0
Mechanical Engineering,Btech in Mechanical Engineering,2401ME,ME3102,5,Design of Machine Elements,3-0-3,4.5,Core,0.0
Mechanical Engineering,Btech in Mechanical Engineering,2401ME,ME3103,5,Manufacturing Technology- I,3-0-2,4,Core,0.0
Mechanical Engineering,Btech in Mechanical Engineering,2401ME,ME3104,5,Engineering Software Laboratory,1-0-3,2.5,Core,0.0
Mechanical Engineering,Btech in Mechanical Engineering,2401ME,ME3105,5,Numerical Methods for Engineers,3-0-0,3,Core,0.0
Mechanical Engineering,Btech in Mechanical Engineering,2401ME,XX31PQ,5,IDE2,3-0-0,3,IDE2,0.0
Mechanical Engineering,Btech in Mechanical Engineering,2401ME,ME3104,5,Engineering Software Laboratory,1-0-3,2.5,Core,1.0
Mechanical Engineering,Btech in Mechanical Engineering,2401ME,ME3201,6,Applied Thermodynamics and Turbomachinery,3-1-2,5,Core,0.0
Mechanical Engineering,Btech in Mechanical Engineering,2401ME,ME3202,6,System Dynamics and Control,3-1-2,5,Core,0.0
Mechanical Engineering,Btech in Mechanical Engineering,2401ME,ME3203,6,Manufacturing Technology -II,3-0-3,4.5,Core,0.0
Mechanical Engineering,Btech in Mechanical Engineering,2401ME,ME3204,6,Industrial Engineering and Operations Research,3-1-0,4,Core,0.0
Mechanical Engineering,Btech in Mechanical Engineering,2401ME,ME3205,6,Technical Writing and Presentations,0-0-4,2,Core,0.0
Mechanical Engineering,Btech in Mechanical Engineering,2401ME,ME3201,6,Applied Thermodynamics and Turbomachinery,3-1-2,5,Core,1.0
Mechanical Engineering,Btech in Mechanical Engineering,2401ME,ME41XX,7,DE1,3-0-0,3,DE1,0.0
Mechanical Engineering,Btech in Mechanical Engineering,2401ME,ME41XX,7,DE2,3-0-0,3,DE2,0.0
Mechanical Engineering,Btech in Mechanical Engineering,2401ME,XX41PQ,7,IDE3,3-0-0,3,IDE3,0.0
Mechanical Engineering,Btech in Mechanical Engineering,2401ME,HS41PQ,7,HS2,3-0-0,3,HS2,0.0
Mechanical Engineering,Btech in Mechanical Engineering,2401ME,ME4198,7,SI,0-0-12,3,SI,0.0
Mechanical Engineering,Btech in Mechanical Engineering,2401ME,ME4199,7,P1,0-0-12,6,P1,0.0
Mechanical Engineering,Btech in Mechanical Engineering,2401ME,ME42XX,8,DE3,3-0-0,3,DE3,0.0
Mechanical Engineering,Btech in Mechanical Engineering,2401ME,ME42XX,8,DE4,3-0-0,3,DE4,0.0
Mechanical Engineering,Btech in Mechanical Engineering,2401ME,ME42XX,8,DE5,3-0-0,3,DE5,0.0
Mechanical Engineering,Btech in Mechanical Engineering,2401ME,ME4299,8,P2,0-0-16,8,P2,0.0
Metallurgical and Materials Engineering,Btech in Metallurgical and Materials Engineering,2401MM,MA1101,1,Calculus and Linear Algebra,3-1-0,4,Core,0.0
Metallurgical and Materials Engineering,Btech in Metallurgical and Materials Engineering,2401MM,CS1101,1,Foundations of Programming ,3-0-3,4.5,Core,0.0
Metallurgical and Materials Engineering,Btech in Metallurgical and Materials Engineering,2401MM,PH1101/PH1201,1,Physics,3-1-3,5.5,Core,0.0
Metallurgical and Materials Engineering,Btech in Metallurgical and Materials Engineering,2401MM,CE1101/CE1201,1,Engineering Graphics,1-0-3,2.5,Core,0.0
Metallurgical and Materials Engineering,Btech in Metallurgical and Materials Engineering,2401MM,EE1101/EE1201,1,Electrical Sciences,3-0-3,4.5,Core,0.0
Metallurgical and Materials Engineering,Btech in Metallurgical and Materials Engineering,2401MM,HS1101,1,English for Professionals,2-0-1,2.5,HS,0.0
Metallurgical and Materials Engineering,Btech in Metallurgical and Materials Engineering,2401MM,MA1201,2,Probability Theory and Ordinary Differential Equations,3-1-0,4,Core,0.0
Metallurgical and Materials Engineering,Btech in Metallurgical and Materials Engineering,2401MM,CS1201,2,Data Structure,3-0-3,4.5,Core,0.0
Metallurgical and Materials Engineering,Btech in Metallurgical and Materials Engineering,2401MM,CH1201/CH1101,2,Chemistry,3-1-3,5.5,Core,0.0
Metallurgical and Materials Engineering,Btech in Metallurgical and Materials Engineering,2401MM,ME1201/ME1101,2,Mechanical Fabrication,0-0-3,1.5,Core,0.0
Metallurgical and Materials Engineering,Btech in Metallurgical and Materials Engineering,2401MM,ME1202/ME1102,2,Engineering Mechanics,3-1-0,4,Core,0.0
Metallurgical and Materials Engineering,Btech in Metallurgical and Materials Engineering,2401MM,IK1101,2,IKS,3-0-0,3,IKS,0.0
Metallurgical and Materials Engineering,Btech in Metallurgical and Materials Engineering,2401MM,MM2101,3,Introduction to Metallurgical and Materials Engineering,3-0-0,3,Core,1.0
Metallurgical and Materials Engineering,Btech in Metallurgical and Materials Engineering,2401MM,MM2102,3,Mineral Processing and Process Metallurgy,3-0-3,4.5,Core,0.0
Metallurgical and Materials Engineering,Btech in Metallurgical and Materials Engineering,2401MM,MM2103,3,Thermodynamics and Phase Equilibria,3-0-3,4.5,Core,0.0
Metallurgical and Materials Engineering,Btech in Metallurgical and Materials Engineering,2401MM,MM2104,3,Transport Phenomena,3-1-0,4,Core,0.0
Metallurgical and Materials Engineering,Btech in Metallurgical and Materials Engineering,2401MM,MM2105,3,Fundamentals of Polymer Science and Technology,3-0-0,3,Core,0.0
Metallurgical and Materials Engineering,Btech in Metallurgical and Materials Engineering,2401MM,HS21PQ,3,HS21PQ,3-0-0,3,HS,0.0
Metallurgical and Materials Engineering,Btech in Metallurgical and Materials Engineering,2401MM,MM2201,4,Iron and Steel Making,3-1-0,4,Core,0.0
Metallurgical and Materials Engineering,Btech in Metallurgical and Materials Engineering,2401MM,MM2202,4,Techniques of Materials Characterization I,3-0-3,4.5,Core,1.0
Metallurgical and Materials Engineering,Btech in Metallurgical and Materials Engineering,2401MM,MM2203,4,Phase Transformation and Diffusion,3-1-0,4,Core,0.0
Metallurgical and Materials Engineering,Btech in Metallurgical and Materials Engineering,2401MM,MM2204,4,Mechanical Behaviour of Materials,3-0-3,4.5,Core,0.0
Metallurgical and Materials Engineering,Btech in Metallurgical and Materials Engineering,2401MM,MM2205,4,Welding and Solidification,3-0-0,3,Core,0.0
Metallurgical and Materials Engineering,Btech in Metallurgical and Materials Engineering,2401MM,MM2290,4,IDE1,3-0-0,3,IDE1,0.0
Metallurgical and Materials Engineering,Btech in Metallurgical and Materials Engineering,2401MM,MM3101,5,Thermomechanical Processing of Metallic Materials,3-0-2,4,Core,0.0
Metallurgical and Materials Engineering,Btech in Metallurgical and Materials Engineering,2401MM,MM3102,5,Computational Materials Science,2-1-0,3,Core,0.0
Metallurgical and Materials Engineering,Btech in Metallurgical and Materials Engineering,2401MM,MM3103,5,Engineering Polymers,3-0-2,4,Core,1.0
Metallurgical and Materials Engineering,Btech in Metallurgical and Materials Engineering,2401MM,MM3104,5,Ceramic Science and Technology,3-0-2,4,Core,0.0
Metallurgical and Materials Engineering,Btech in Metallurgical and Materials Engineering,2401MM,MM3105,5,Metallography and Heat Treatment Laboratory,0-0-2,1,Core,0.0
Metallurgical and Materials Engineering,Btech in Metallurgical and Materials Engineering,2401MM,MM3190,5,IDE2,3-0-0,3,IDE2,0.0
Metallurgical and Materials Engineering,Btech in Metallurgical and Materials Engineering,2401MM,MM3201,6,Techniques of Materials Characterization II,3-0-3,4.5,Core,0.0
Metallurgical and Materials Engineering,Btech in Metallurgical and Materials Engineering,2401MM,MM3202,6,"Corrosion and Corrosion
Prevention",3-0-2,4,Core,0.0
Metallurgical and Materials Engineering,Btech in Metallurgical and Materials Engineering,2401MM,MM3203,6,Functional Materials,3-0-0,3,Core,1.0
Metallurgical and Materials Engineering,Btech in Metallurgical and Materials Engineering,2401MM,MM3204,6,"Non-ferrous Metals and
Alloys",3-0-0,3,Core,0.0
Metallurgical and Materials Engineering,Btech in Metallurgical and Materials Engineering,2401MM,MM3205,6,Capstone Laboratory,0-0-4,2,Core,0.0
Metallurgical and Materials Engineering,Btech in Metallurgical and Materials Engineering,2401MM,MM3210,6,Metals Processing Laboratory,0-0-3,1.5,Core,0.0
Metallurgical and Materials Engineering,Btech in Metallurgical and Materials Engineering,2401MM,MM41PQ,7,DE1,3-0-0,3,DE1,0.0
Metallurgical and Materials Engineering,Btech in Metallurgical and Materials Engineering,2401MM,MM41PQ,7,DE2,3-0-0,3,DE2,0.0
Metallurgical and Materials Engineering,Btech in Metallurgical and Materials Engineering,2401MM,HS41PQ,7,HS2 ,3-0-0,3,HS2 ,0.0
Metallurgical and Materials Engineering,Btech in Metallurgical and Materials Engineering,2401MM,XX41PQ,7,IDE3,3-0-0,3,IDE3,0.0
Metallurgical and Materials Engineering,Btech in Metallurgical and Materials Engineering,2401MM,MM4198,7,SI,0-0-12,3,SI,0.0
Metallurgical and Materials Engineering,Btech in Metallurgical and Materials Engineering,2401MM,MM4199,7,P1,0-0-12,6,P1,0.0
Metallurgical and Materials Engineering,Btech in Metallurgical and Materials Engineering,2401MM,MM42PQ,8,DE3,3-0-0,3,DE3,0.0
Metallurgical and Materials Engineering,Btech in Metallurgical and Materials Engineering,2401MM,MM42PQ,8,DE4,3-0-0,3,DE4,0.0
Metallurgical and Materials Engineering,Btech in Metallurgical and Materials Engineering,2401MM,MM42PQ,8,DE5,3-0-0,3,DE5,0.0
Metallurgical and Materials Engineering,Btech in Metallurgical and Materials Engineering,2401MM,MM4299,8,P2,0-0-16,8,P2,0.0
"Engineering Physics and Minors in Physics, Nanoscience, Optics, Energy Storage Technology, Quantum Technology",,,MA1101,1,Calculus and Linear Algebra,3-1-0,4,Core,0.0
"Engineering Physics and Minors in Physics, Nanoscience, Optics, Energy Storage Technology, Quantum Technology",,,CS1101,1,Foundations of Programming,3-0-3,4.5,Core,0.0
"Engineering Physics and Minors in Physics, Nanoscience, Optics, Energy Storage Technology, Quantum Technology",,,PH1101/PH1201,1,Physics,3-1-3,5.5,Core,0.0
"Engineering Physics and Minors in Physics, Nanoscience, Optics, Energy Storage Technology, Quantum Technology",,,CE1101/CE1201,1,Engineering Graphics,1-0-3,2.5,Core,0.0
"Engineering Physics and Minors in Physics, Nanoscience, Optics, Energy Storage Technology, Quantum Technology",,,EE1101/EE1201,1,Electrical Sciences,3-0-3,4.5,Core,0.0
"Engineering Physics and Minors in Physics, Nanoscience, Optics, Energy Storage Technology, Quantum Technology",,,HS1101,1,English for Professionals,2-0-1,2.5,Core,0.0
"Engineering Physics and Minors in Physics, Nanoscience, Optics, Energy Storage Technology, Quantum Technology",,,MA1201,2,Probability Theory and Ordinary Differential Equations,3-1-0,4,Core,0.0
"Engineering Physics and Minors in Physics, Nanoscience, Optics, Energy Storage Technology, Quantum Technology",,,CS1201,2,Data Structure,3-0-3,4.5,Core,0.0
"Engineering Physics and Minors in Physics, Nanoscience, Optics, Energy Storage Technology, Quantum Technology",,,CH1201/CH1101,2,Chemistry,3-1-3,5.5,Core,0.0
"Engineering Physics and Minors in Physics, Nanoscience, Optics, Energy Storage Technology, Quantum Technology",,,ME1201/ME1101,2,Mechanical Fabrication,0-0-3,1.5,Core,0.0
"Engineering Physics and Minors in Physics, Nanoscience, Optics, Energy Storage Technology, Quantum Technology",,,ME1202/ME1102,2,Engineering Mechanics,3-1-0,4,Core,0.0
"Engineering Physics and Minors in Physics, Nanoscience, Optics, Energy Storage Technology, Quantum Technology",,,IK1101,2,Indian Knowledge System (IKS),3-0-0,3,IKS,0.0
"Engineering Physics and Minors in Physics, Nanoscience, Optics, Energy Storage Technology, Quantum Technology",,,EP2101,3,Quantum Physics,3-1-0,4,Core,0.0
"Engineering Physics and Minors in Physics, Nanoscience, Optics, Energy Storage Technology, Quantum Technology",,,EP2102,3,Optics and Lasers,3-0-3,4.5,Core,0.0
"Engineering Physics and Minors in Physics, Nanoscience, Optics, Energy Storage Technology, Quantum Technology",,,EP2103,3,Classical dynamics: discrete and continuum systems,3-1-0,4,Core,0.0
"Engineering Physics and Minors in Physics, Nanoscience, Optics, Energy Storage Technology, Quantum Technology",,,EP2104,3,Thermal physics with engineering applications,3-1-0,4,Core,0.0
"Engineering Physics and Minors in Physics, Nanoscience, Optics, Energy Storage Technology, Quantum Technology",,,HS21PQ,3,HSS Elective   I,3-0-0,3,HS1,0.0
"Engineering Physics and Minors in Physics, Nanoscience, Optics, Energy Storage Technology, Quantum Technology",,,EP2201,4,Introduction to Nuclear and Particle Physics,2-1-0,3,Core,0.0
"Engineering Physics and Minors in Physics, Nanoscience, Optics, Energy Storage Technology, Quantum Technology",,,EP2202,4,Mathematical Methods for Engineers,3-1-0,4,Core,0.0
"Engineering Physics and Minors in Physics, Nanoscience, Optics, Energy Storage Technology, Quantum Technology",,,EP2203,4,Electromagnetism,3-1-0,4,Core,0.0
"Engineering Physics and Minors in Physics, Nanoscience, Optics, Energy Storage Technology, Quantum Technology",,,EP2204,4,Introductory Statistical Mechanics,2-1-0,3,Core,0.0
"Engineering Physics and Minors in Physics, Nanoscience, Optics, Energy Storage Technology, Quantum Technology",,,EP2205,4,Analog Electronics,2-0-3,3.5,Core,0.0
"Engineering Physics and Minors in Physics, Nanoscience, Optics, Energy Storage Technology, Quantum Technology",,,EP22PQ,4,IDE   I,3-0-0,3,ID1,0.0
"Engineering Physics and Minors in Physics, Nanoscience, Optics, Energy Storage Technology, Quantum Technology",,,EP3101,5,Computational Techniques,2-0-3,3.5,Core,0.0
"Engineering Physics and Minors in Physics, Nanoscience, Optics, Energy Storage Technology, Quantum Technology",,,EP3102,5,Data Science for Physicists,1-1-3,3.5,Core,0.0
"Engineering Physics and Minors in Physics, Nanoscience, Optics, Energy Storage Technology, Quantum Technology",,,EP3103,5,Digital Electronics and Microprocessors,2-0-3,3.5,Core,0.0
"Engineering Physics and Minors in Physics, Nanoscience, Optics, Energy Storage Technology, Quantum Technology",,,EP3104,5,Solid State Physics,3-1-2,5,Core,0.0
"Engineering Physics and Minors in Physics, Nanoscience, Optics, Energy Storage Technology, Quantum Technology",,,EP3105,5,Instrumentation Techniques,2-0-2,3,Core,0.0
"Engineering Physics and Minors in Physics, Nanoscience, Optics, Energy Storage Technology, Quantum Technology",,,EP31XX,5,IDE   II,3-0-0,3,ID2,0.0
"Engineering Physics and Minors in Physics, Nanoscience, Optics, Energy Storage Technology, Quantum Technology",,,EP3201,6,Nonlinear Dynamics,2-1-0,3,Core,0.0
"Engineering Physics and Minors in Physics, Nanoscience, Optics, Energy Storage Technology, Quantum Technology",,,EP3202,6,Interfacing and data analysis,1-0-4,3,Core,0.0
"Engineering Physics and Minors in Physics, Nanoscience, Optics, Energy Storage Technology, Quantum Technology",,,EP3203,6,Atomic and Molecular Physics,3-1-2,5,Core,0.0
"Engineering Physics and Minors in Physics, Nanoscience, Optics, Energy Storage Technology, Quantum Technology",,,EP3204,6,Soft Condensed Matter Physics,3-0-0,3,Core,0.0
"Engineering Physics and Minors in Physics, Nanoscience, Optics, Energy Storage Technology, Quantum Technology",,,PH32XX,6,DE   I,3-0-0,3,DE1,0.0
"Engineering Physics and Minors in Physics, Nanoscience, Optics, Energy Storage Technology, Quantum Technology",,,PH32XX,6,DE   II,3-0-0,3,DE2,0.0
"Engineering Physics and Minors in Physics, Nanoscience, Optics, Energy Storage Technology, Quantum Technology",,,EP4105,7,Quantum Technology Laboratory,1-0-3,2.5,Core,0.0
"Engineering Physics and Minors in Physics, Nanoscience, Optics, Energy Storage Technology, Quantum Technology",,,PH41XX / PH42XX,7,DE1II,3-0-0,3,DE3,0.0
"Engineering Physics and Minors in Physics, Nanoscience, Optics, Energy Storage Technology, Quantum Technology",,,HS41PQ,7,HSS Elective   II,3-0-0,3,HS2,0.0
"Engineering Physics and Minors in Physics, Nanoscience, Optics, Energy Storage Technology, Quantum Technology",,,PHXXXX,7,IDE   III,3-0-0,3,ID3,0.0
"Engineering Physics and Minors in Physics, Nanoscience, Optics, Energy Storage Technology, Quantum Technology",,,PH4198,7,Summer Internship*,0-0-12,3,SI,0.0
"Engineering Physics and Minors in Physics, Nanoscience, Optics, Energy Storage Technology, Quantum Technology",,,PH4199,7,Project   I,0-0-12,6,P1,0.0
"Engineering Physics and Minors in Physics, Nanoscience, Optics, Energy Storage Technology, Quantum Technology",,,PH41XX / PH42XX,8,DE1V,3-0-0,3,DE4,0.0
"Engineering Physics and Minors in Physics, Nanoscience, Optics, Energy Storage Technology, Quantum Technology",,,PH41XX / PH42XX,8,DE5,3-0-0,3,DE5,0.0
"Engineering Physics and Minors in Physics, Nanoscience, Optics, Energy Storage Technology, Quantum Technology",,,PH41XX / PH42XX,8,DE5I ,3-0-0,3,DE6,0.0
"Engineering Physics and Minors in Physics, Nanoscience, Optics, Energy Storage Technology, Quantum Technology",,,PH41XX / PH42XX,8,DE5II,3-0-0,3,DE7,0.0
"Engineering Physics and Minors in Physics, Nanoscience, Optics, Energy Storage Technology, Quantum Technology",,,PH4299,8,Project   II,0-0-16,8,P2,0.0
Chemical and Biochemical Engineering,M. Tech. in Chemical Engineering,2411CB,HS5111,1,Technical Writing and Soft Skill,1-2-2,4,C,0.0
Chemical and Biochemical Engineering,M. Tech. in Chemical Engineering,2411CB,CB5101,1,Advanced Reaction Engineering,3-1-0,4,C,0.0
Chemical and Biochemical Engineering,M. Tech. in Chemical Engineering,2411CB,CB5102,1,Advanced Heat Transfer,3-1-0,4,C,0.0
Chemical and Biochemical Engineering,M. Tech. in Chemical Engineering,2411CB,CB5103,1,Introduction to Computational Techniques,1-0-3,2.5,C,0.0
Chemical and Biochemical Engineering,M. Tech. in Chemical Engineering,2411CB,CB61PQ,1,DE1,3-0-0,3,DE1,0.0
Chemical and Biochemical Engineering,M. Tech. in Chemical Engineering,2411CB,CB61PQ,1,DE1I,3-0-0,3,DE1I,0.0
Chemical and Biochemical Engineering,M. Tech. in Chemical Engineering,2411CB,XX61PQ,1,IDE,3-0-0,3,IDE,0.0
Chemical and Biochemical Engineering,M. Tech. in Chemical Engineering,2411CB,CB5201,2,Advanced Mass Transfer,3-1-0,4,C,0.0
Chemical and Biochemical Engineering,M. Tech. in Chemical Engineering,2411CB,CB5202,2,Classical and Statistical Thermodynamics,3-1-0,4,C,0.0
Chemical and Biochemical Engineering,M. Tech. in Chemical Engineering,2411CB,CB5203,2,Analytical Characterization Lab,1-0-3,2.5,C,0.0
Chemical and Biochemical Engineering,M. Tech. in Chemical Engineering,2411CB,CB62PQ,2,DE1II,3-0-0,3,DE1II,0.0
Chemical and Biochemical Engineering,M. Tech. in Chemical Engineering,2411CB,CB62PQ,2,DE1V,3-0-0,3,DE1V,0.0
Chemical and Biochemical Engineering,M. Tech. in Chemical Engineering,2411CB,RM6201,2,Research Methodology,3-1-0,4,RM,0.0
Chemical and Biochemical Engineering,M. Tech. in Chemical Engineering,2411CB,IK6201,2,IKS,3-0-0,3,IKS,0.0
Chemical and Biochemical Engineering,M. Tech. in Chemical Engineering,2411CB,CB6198,3,Summer Internship/Mini Project,0-0-12,3,SI,0.0
Chemical and Biochemical Engineering,M. Tech. in Chemical Engineering,2411CB,CB6199,3,Project I,0-0-30,15,P1,0.0
Chemical and Biochemical Engineering,M. Tech. in Chemical Engineering,2411CB,CB6299,4,Project II,0-0-42,21,P2,0.0
Civil and Environmental Engineering,M. Tech. in Environmental Engineering,2411CE,HS5111,1,Technical Writing and Soft Skill,1-2-2,4,HS,0.0
Civil and Environmental Engineering,M. Tech. in Environmental Engineering,2411CE,CE5101,1,Chemistry for Environmental Engineers,3-0-2,4,C,0.0
Civil and Environmental Engineering,M. Tech. in Environmental Engineering,2411CE,CE5102,1,Physico-Chemical Principles and Processes,3-0-0,3,C,0.0
Civil and Environmental Engineering,M. Tech. in Environmental Engineering,2411CE,CE5103,1,Solid and Hazardous Waste Management,3-0-0,3,C,0.0
Civil and Environmental Engineering,M. Tech. in Environmental Engineering,2411CE,CE51PQ/ CE61PQ,1,DE1 (Environmental Elective),3-0-0,3,DE1,0.0
Civil and Environmental Engineering,M. Tech. in Environmental Engineering,2411CE,CE51PQ/ CE61PQ,1,DE1I (Environmental / Department Elective),3-0-0,3,DE2,0.0
Civil and Environmental Engineering,M. Tech. in Environmental Engineering,2411CE,XX61PQ,1,IDE,3-0-0,3,IDE,0.0
Civil and Environmental Engineering,M. Tech. in Environmental Engineering,2411CE,CE5201,2,Biological Principles and Processes,3-0-0,3,C,0.0
Civil and Environmental Engineering,M. Tech. in Environmental Engineering,2411CE,CE5202,2,Air Pollution and Control,3-0-2,4,C,0.0
Civil and Environmental Engineering,M. Tech. in Environmental Engineering,2411CE,CE5203,2,Environmental Impact Assessment,3-0-0,3,C,0.0
Civil and Environmental Engineering,M. Tech. in Environmental Engineering,2411CE,CE52PQ/ CE62PQ,2,DE1II (Environmental Elective),3-0-0,3,DE3,0.0
Civil and Environmental Engineering,M. Tech. in Environmental Engineering,2411CE,CE52PQ/ CE62PQ,2,DE1V (Environmental Elective/ Department Elective),3-0-0,3,DE4,0.0
Civil and Environmental Engineering,M. Tech. in Environmental Engineering,2411CE,RM6201,2,Research Methodology,3-1-0,4,RM,0.0
Civil and Environmental Engineering,M. Tech. in Environmental Engineering,2411CE,IK6201,2,IKS,3-0-0,3,IKS,0.0
Civil and Environmental Engineering,M. Tech. in Environmental Engineering,2411CE,CE6198,3,Summer Internship/Mini Project*,0-0-12,3,SI,0.0
Civil and Environmental Engineering,M. Tech. in Environmental Engineering,2411CE,CE6199,3,Project I,0-0-30,15,P1,0.0
Civil and Environmental Engineering,M. Tech. in Environmental Engineering,2411CE,CE6299,4,Project II,0-0-42,21,P2,0.0
Civil and Environmental Engineering,Mtech in Geotechnical ,2411CE,HS5111,1,Technical Writing and Soft Skill,1-2-2,4,C,0.0
Civil and Environmental Engineering,Mtech in Geotechnical ,2411CE,CE5104,1,Geotechnical Exploration,3-0-2,4,C,0.0
Civil and Environmental Engineering,Mtech in Geotechnical ,2411CE,CE5105,1,Advanced Soil Mechanics,3-0-0,3,C,0.0
Civil and Environmental Engineering,Mtech in Geotechnical ,2411CE,CE5106,1,Rock Engineering,3-0-2,4,C,0.0
Civil and Environmental Engineering,Mtech in Geotechnical ,2411CE,CE51PQ/CE61PQ,1,DE1: (Geotechnical Elective),3-0-0,3,DE1,0.0
Civil and Environmental Engineering,Mtech in Geotechnical ,2411CE,CE51PQ/CE61PQ,1,DE1I: (Dept. Elective/Geotechnical Elective),3-0-0,3,DE2,0.0
Civil and Environmental Engineering,Mtech in Geotechnical ,2411CE,XX61PQ,1,IDE,3-0-0,3,IDE,0.0
Civil and Environmental Engineering,Mtech in Geotechnical ,2411CE,CE5204,2,Core-4: Advanced Foundation Engineering,3-0-0,3,C,0.0
Civil and Environmental Engineering,Mtech in Geotechnical ,2411CE,CE5205,2,Core-5: Computational Geomechanics,3-0-2,4,C,0.0
Civil and Environmental Engineering,Mtech in Geotechnical ,2411CE,CE5206,2,Core-6: Fundamentals of Soil Behaviour,3-0-0,3,C,0.0
Civil and Environmental Engineering,Mtech in Geotechnical ,2411CE,CE52PQ/CE62PQ,2,DE-3: (Geotechnical Elective),3-0-0,3,DE3,0.0
Civil and Environmental Engineering,Mtech in Geotechnical ,2411CE,CE52PQ/CE62PQ,2,DE-4: (Dept. Elective/Geotechnical Elective),3-0-0,3,DE4,0.0
Civil and Environmental Engineering,Mtech in Geotechnical ,2411CE,RM6201,2,Research Methodology,3-1-0,4,RM,0.0
Civil and Environmental Engineering,Mtech in Geotechnical ,2411CE,IK6201,2,IKS,3-0-0,3,IKS,0.0
Civil and Environmental Engineering,Mtech in Geotechnical ,2411CE,CE6198,3,Summer Internship/Mini Project*,0-0-12,3,SI,0.0
Civil and Environmental Engineering,Mtech in Geotechnical ,2411CE,CE6199,3,Project I,0-0-30,15,P1,0.0
Civil and Environmental Engineering,Mtech in Geotechnical ,2411CE,CE62PQ,4,Project II,0-0-42,21,P2,0.0
Civil and Environmental Engineering,M. Tech. in Rock Engineering for Infrastructure Development,2411CE,HS5111,1,Technical Writing and Soft Skill,1-2-2,4,HS1,
Civil and Environmental Engineering,M. Tech. in Rock Engineering for Infrastructure Development,2411CE,CE5106,1,Rock Engineering,3-0-2,4,C,
Civil and Environmental Engineering,M. Tech. in Rock Engineering for Infrastructure Development,2411CE,CE5105,1,Advanced Soil Mechanics,3-0-0,3,C,
Civil and Environmental Engineering,M. Tech. in Rock Engineering for Infrastructure Development,2411CE,CE5107,1,Engineering Behaviour of Rock,3-0-0,3,C,
Civil and Environmental Engineering,M. Tech. in Rock Engineering for Infrastructure Development,2411CE,CE51PQ/CE61PQ,1,DE1,3-0-0,3,DE1,
Civil and Environmental Engineering,M. Tech. in Rock Engineering for Infrastructure Development,2411CE,CE51PQ/CE61PQ,1,DE2,3-0-0,3,DE2,
Civil and Environmental Engineering,M. Tech. in Rock Engineering for Infrastructure Development,2411CE,XX61PQ,1,IDE,3-0-0,3,IDE,
Civil and Environmental Engineering,M. Tech. in Rock Engineering for Infrastructure Development,2411CE,CE5207,2,"Analysis and Design of Underground
Structures",3-0-2,4,C,
Civil and Environmental Engineering,M. Tech. in Rock Engineering for Infrastructure Development,2411CE,CE5205,2,Computational Geomechanics,3-0-2,4,C,
Civil and Environmental Engineering,M. Tech. in Rock Engineering for Infrastructure Development,2411CE,CE5208,2,Landslides and Avalanches,3-0-0,3,C,
Civil and Environmental Engineering,M. Tech. in Rock Engineering for Infrastructure Development,2411CE,CE52PQ/ CE62PQ,2,DE3,3-0-0,3,DE3,
Civil and Environmental Engineering,M. Tech. in Rock Engineering for Infrastructure Development,2411CE,CE52PQ/ CE62PQ,2,DE4,3-0-0,3,DE4,
Civil and Environmental Engineering,M. Tech. in Rock Engineering for Infrastructure Development,2411CE,RM6201,2,Research Methodology,3-1-0,4,RM,
Civil and Environmental Engineering,M. Tech. in Rock Engineering for Infrastructure Development,2411CE,IK6201,2,IKS,3-0-0,3,IKS,
Civil and Environmental Engineering,M. Tech. in Rock Engineering for Infrastructure Development,2411CE,SI,3,Summer Internship/Mini Project,0-0-12,3,SI,
Civil and Environmental Engineering,M. Tech. in Rock Engineering for Infrastructure Development,2411CE,P1,3,Project 1,0-0-30,15,P1,
Civil and Environmental Engineering,M. Tech. in Rock Engineering for Infrastructure Development,2411CE,P2,4,Project 2,0-0-42,21,P2,
Transportation Engineering,,2411CE,CE5111,1,Urban Transportation Planning,3-0-0,3,Core,0.0
Transportation Engineering,,2411CE,CE5112,1,Pavement Analysis and Design,3-0-0,3,Core,0.0
Transportation Engineering,,2411CE,CE5113,1,Traffic Engineering and Management,3-0-3,4.5,Core,0.0
Transportation Engineering,,2411CE,CE51PQ/ CE61PQ,1,DE1 (Transportation Elective) ,3-0-0,3,DE1,0.0
Transportation Engineering,,2411CE,CE51PQ/ CE61PQ,1,DE1I (Transportation Elective/ Department Elective),3-0-0,3,DE2,0.0
Transportation Engineering,,2411CE,XX61PQ,1,IDE,3-0-0,3,IDE,0.0
Transportation Engineering,,2411CE,CE5212,2,Highway Materials,3-0-3,4.5,Core,0.0
Transportation Engineering,,2411CE,CE5213,2,Railway Engineering,3-0-0,3,Core,0.0
Transportation Engineering,,2411CE,CE5214,2,Computer Applications in Transportation Engineering,2-1-0,3,Core,0.0
Transportation Engineering,,2411CE,CE52PQ/ CE62PQ,2,DE1II (Transportation Elective),3-0-0,3,DE3,0.0
Transportation Engineering,,2411CE,CE52PQ/ CE62PQ,2,DE1V (Transportation Elective/ Department Elective),3-0-0,3,DE4,0.0
Transportation Engineering,,2411CE,RM6201,2,Research Methodology,3-1-0,4,RM,0.0
Transportation Engineering,,2411CE,IK6201,2,IKS,3-0-0,3,IKS,0.0
Transportation Engineering,,2411CE,CE6198,3,Summer Internship/Mini Project*,0-0-12,3,SI,0.0
Transportation Engineering,,2411CE,CE6199,3,Project I,0-0-30,15,P1,0.0
Transportation Engineering,,2411CE,CE6299,4,Project II,0-0-42,21,P2,0.0
Structural Engineering,Mtech in Structural Engineering,2411CE,CE5108,1,Advanced Structural Analysis,3-0-2,4,Core,0.0
Structural Engineering,Mtech in Structural Engineering,2411CE,CE5109,1,Structural Dynamics,3-0-2,4,Core,0.0
Structural Engineering,Mtech in Structural Engineering,2411CE,CE5110,1,Theory of Plates and Shells,3-0-0,3,Core,0.0
Structural Engineering,Mtech in Structural Engineering,2411CE,CE51PQ/ CE61PQ,1,DE- I: Structure Elective,3-0-0,3,DE1,0.0
Structural Engineering,Mtech in Structural Engineering,2411CE,CE51PQ/ CE61PQ,1,DE- II: Structure / Department Elective,3-0-0,3,DE2,0.0
Structural Engineering,Mtech in Structural Engineering,2411CE,XX61PQ,1,IDE,3-0-0,3,IDE1,0.0
Structural Engineering,Mtech in Structural Engineering,2411CE,CE5209,2,Advanced Concrete Design,3-0-2,4,Core,0.0
Structural Engineering,Mtech in Structural Engineering,2411CE,CE5210,2,Earthquake Resistant Design of Structures,3-0-2,4,Core,0.0
Structural Engineering,Mtech in Structural Engineering,2411CE,CE5211,2,Stability of Structures,3-0-0,3,Core,0.0
Structural Engineering,Mtech in Structural Engineering,2411CE,CE52PQ/ CE62PQ,2,DE-3: Structure Elective,3-0-0,3,DE3,0.0
Structural Engineering,Mtech in Structural Engineering,2411CE,CE52PQ/ CE62PQ,2,DE-4: Structure / Department Elective,3-0-0,3,DE4,0.0
Structural Engineering,Mtech in Structural Engineering,2411CE,RM6201,2,Research Methodology,3-1-0,4,RM,0.0
Structural Engineering,Mtech in Structural Engineering,2411CE,IK6201,2,IKS,3-0-0,3,IKS,0.0
Structural Engineering,Mtech in Structural Engineering,2411CE,CE6198,3,Summer Internship/Mini Project*,0-0-12,3,SI,0.0
Structural Engineering,Mtech in Structural Engineering,2411CE,CE6199,3,Project I,0-0-30,15,P1,0.0
Structural Engineering,Mtech in Structural Engineering,2411CE,CE6299,4,Project II,0-0-42,21,P2,0.0
Civil Engineering,Mtech in Civil Engineering,2411CE,CE5181 ,1,Advanced Engineering Mathematics,3-0-0,3,Core,0.0
Civil Engineering,Mtech in Civil Engineering,2411CE,CE5182,1,Civil Engineering Design   I,1-2-0,3,Core,0.0
Civil Engineering,Mtech in Civil Engineering,2411CE,CE51××/CE61××,1,DE1,3-0-0,3,DE1,0.0
Civil Engineering,Mtech in Civil Engineering,2411CE,CE51××/CE61××,1,DE2,3-0-0,3,DE2,0.0
Civil Engineering,Mtech in Civil Engineering,2411CE,CE51××/CE61××,1,DE3,3-0-0,3,DE3,0.0
Civil Engineering,Mtech in Civil Engineering,2411CE,HS5111,1,Technical Writing and Soft Skill,1-2-2,4,HS,0.0
Civil Engineering,Mtech in Civil Engineering,2411CE,CE5183,1,Civil Engineering Lab-I,0-0-3,1.5,Core,0.0
Civil Engineering,Mtech in Civil Engineering,2411CE,XX61PQ,1,IDE,3-0-0,3,IDE1,0.0
Civil Engineering,Mtech in Civil Engineering,2411CE,CE5281,2,Civil Engineering Design   II,1-2-0,3,Core,0.0
Civil Engineering,Mtech in Civil Engineering,2411CE,CE5282,2,Finite Element Methods,3-0-0,3,Core,0.0
Civil Engineering,Mtech in Civil Engineering,2411CE,CE52××/CE62xx,2,DE4,3-0-0,3,DE4,0.0
Civil Engineering,Mtech in Civil Engineering,2411CE,CE52××/CE62xx ,2,DE5,3-0-0,3,DE5,0.0
Civil Engineering,Mtech in Civil Engineering,2411CE,CE52××/CE62xx ,2,DE6,3-0-0,3,DE6,0.0
Civil Engineering,Mtech in Civil Engineering,2411CE,CE5283 ,2,Civil Engineering Lab-II,0-0-3,1.5,Core,0.0
Civil Engineering,Mtech in Civil Engineering,2411CE,RM6201,2,Research Methodology,3-1-0,4,RM,0.0
Civil Engineering,Mtech in Civil Engineering,2411CE,IK6201 ,2,IKS ,3-0-0,3,IKS,0.0
Civil Engineering,Mtech in Civil Engineering,2411CE,CE6198,3,Summer Internship/Mini Project*,0-0-12,3,SI,0.0
Civil Engineering,Mtech in Civil Engineering,2411CE,CE6199,3,Project I ,0-0-30,15,P1,0.0
Civil Engineering,Mtech in Civil Engineering,2411CE,CE6299,4,Project II,0-0-42,21,P2,0.0
Computer Science & Engineering,M. Tech. in Artificial Intelligence,2411AI,CS5101,1,Design and Analysis of Algorithms,3-1-0,4,C,0.0
Computer Science & Engineering,M. Tech. in Artificial Intelligence,2411AI,CS5102,1,Foundations of Computer Systems,3-0-0,3,C,0.0
Computer Science & Engineering,M. Tech. in Artificial Intelligence,2411AI,CS61XX,1,DE1,3-0-0,3,DE1,0.0
Computer Science & Engineering,M. Tech. in Artificial Intelligence,2411AI,CS61XX,1,DE1I,3-0-0,3,DE2,0.0
Computer Science & Engineering,M. Tech. in Artificial Intelligence,2411AI,HS5111,1,Technical Writing and Soft Skill,1-2-2,4,HS,0.0
Computer Science & Engineering,M. Tech. in Artificial Intelligence,2411AI,CS5103,1,Computing Lab-1,0-1-2,2,C,0.0
Computer Science & Engineering,M. Tech. in Artificial Intelligence,2411AI,CS6109,1,IDE (Drone Data Processing & Analysis),3-0-0,3,IDE,0.0
Computer Science & Engineering,M. Tech. in Artificial Intelligence,2411AI,CS5201,2,Advanced Artificial Intelligence,3-0-0,3,C,0.0
Computer Science & Engineering,M. Tech. in Artificial Intelligence,2411AI,CS5203,2,Natural Language Processing,3-0-0,3,C,0.0
Computer Science & Engineering,M. Tech. in Artificial Intelligence,2411AI,CS62XX,2,DE1II,3-0-0,3,DE3,0.0
Computer Science & Engineering,M. Tech. in Artificial Intelligence,2411AI,CS62XX,2,DE1V,3-0-0,3,DE4,0.0
Computer Science & Engineering,M. Tech. in Artificial Intelligence,2411AI,CS62XX,2,DE5,3-0-0,3,DE5,0.0
Computer Science & Engineering,M. Tech. in Artificial Intelligence,2411AI,RM6201,2,Research Methodology,3-1-0,4,RM,0.0
Computer Science & Engineering,M. Tech. in Artificial Intelligence,2411AI,CS5205,2,Advanced Artificial Intelligence Lab,0-1-2,2,C,0.0
Computer Science & Engineering,M. Tech. in Artificial Intelligence,2411AI,IK6201,2,IKS,3-0-0,3,IKS,0.0
Computer Science & Engineering,M. Tech. in Artificial Intelligence,2411AI,CS6198,3,Summer Internship/Mini Project*,0-0-12,3,SI,0.0
Computer Science & Engineering,M. Tech. in Artificial Intelligence,2411AI,CS6199,3,Project I,0-0-30,15,P1,0.0
Computer Science & Engineering,M. Tech. in Artificial Intelligence,2411AI,CS6299,4,Project II,0-0-42,21,P2,0.0
Electrical Engineering,M. Tech. in Communication System and Signal Processing (CSSP),2411EE,HS5111,1,Technical Writing and Soft Skill,1-2-2,4,HS,0.0
Electrical Engineering,M. Tech. in Communication System and Signal Processing (CSSP),2411EE,EC5101,1,Information Theory and Coding,3-1-0,4,core,0.0
Electrical Engineering,M. Tech. in Communication System and Signal Processing (CSSP),2411EE,EC5102,1,Advanced Digital Signal Processing,3-0-2,4,core,0.0
Electrical Engineering,M. Tech. in Communication System and Signal Processing (CSSP),2411EE,EC5103,1,Antenna and Microwave Devices,3-0-2,4,core,0.0
Electrical Engineering,M. Tech. in Communication System and Signal Processing (CSSP),2411EE,EC51XX/ EC61XX,1,DE1,3-0-0,3,DE1,0.0
Electrical Engineering,M. Tech. in Communication System and Signal Processing (CSSP),2411EE,EC51XX/ EC61XX,1,DE1I,3-0-0,3,DE2,0.0
Electrical Engineering,M. Tech. in Communication System and Signal Processing (CSSP),2411EE,XX61PQ,1,IDE,3-0-0,3,IDE,0.0
Electrical Engineering,M. Tech. in Communication System and Signal Processing (CSSP),2411EE,EC5201,2,Wireless Communication,3-0-2,4,core,0.0
Electrical Engineering,M. Tech. in Communication System and Signal Processing (CSSP),2411EE,EC5202,2,Advanced Communication Systems,3-0-2,4,core,0.0
Electrical Engineering,M. Tech. in Communication System and Signal Processing (CSSP),2411EE,EC52XX/ EC62XX,2,DE1II,3-0-0,3,DE3,0.0
Electrical Engineering,M. Tech. in Communication System and Signal Processing (CSSP),2411EE,EC52XX/ EC62XX,2,DE1V,3-0-0,3,DE4,0.0
Electrical Engineering,M. Tech. in Communication System and Signal Processing (CSSP),2411EE,EC52XX/ EC62XX,2,DE5,3-0-0,3,DE5,0.0
Electrical Engineering,M. Tech. in Communication System and Signal Processing (CSSP),2411EE,RM6201,2,Research Methodology,3-1-0,4,RM,0.0
Electrical Engineering,M. Tech. in Communication System and Signal Processing (CSSP),2411EE,IK6201,2,IKS,3-0-0,3,IKS,0.0
Electrical Engineering,M. Tech. in Communication System and Signal Processing (CSSP),2411EE,EC6102,3,Summer Internship/ Mini Project*,0-0-12,3,SI,0.0
Electrical Engineering,M. Tech. in Communication System and Signal Processing (CSSP),2411EE,EC6101,3,Project I,0-0-30,15,P1,0.0
Electrical Engineering,M. Tech. in Communication System and Signal Processing (CSSP),2411EE,EC6201,4,Project II,0-0-42,21,P2,0.0
Electrical Engineering,M. Tech. in Power and Control Systems (P&CS),2411EE,HS5111,1,Technical Writing and Soft Skill,1-2-2,4,HS,0.0
Electrical Engineering,M. Tech. in Power and Control Systems (P&CS),2411EE,EE5101,1,Computer Aided Power System Analysis,3-0-2,4,Core,0.0
Electrical Engineering,M. Tech. in Power and Control Systems (P&CS),2411EE,EE5102,1,Advanced Power Electronics Converters,3-0-2,4,Core,0.0
Electrical Engineering,M. Tech. in Power and Control Systems (P&CS),2411EE,EE5103,1,"FACTS and Its Applications
",3-0-2,4,Core,0.0
Electrical Engineering,M. Tech. in Power and Control Systems (P&CS),2411EE,EE51PQ/EE61PQ,1,DE1 ,3-0-0,3,DE1,0.0
Electrical Engineering,M. Tech. in Power and Control Systems (P&CS),2411EE,EE51PQ/EE61PQ,1,DE1I,3-0-0,3,DE2,0.0
Electrical Engineering,M. Tech. in Power and Control Systems (P&CS),2411EE,XX61PQ,1,IDE,3-0-0,3,IDE,0.0
Electrical Engineering,M. Tech. in Power and Control Systems (P&CS),2411EE,EE5201,2,"Power System Dynamics, Control and Protection",3-0-2,4,Core,0.0
Electrical Engineering,M. Tech. in Power and Control Systems (P&CS),2411EE,EE5202,2,Nonlinear Dynamical Systems,3-0-2,4,Core,0.0
Electrical Engineering,M. Tech. in Power and Control Systems (P&CS),2411EE,EE52PQ/EE62PQ,2,DE1II,3-0-0,3,DE3,0.0
Electrical Engineering,M. Tech. in Power and Control Systems (P&CS),2411EE,EE52PQ/EE62PQ,2,DE1V,3-0-0,3,DE4,0.0
Electrical Engineering,M. Tech. in Power and Control Systems (P&CS),2411EE,"EE52PQ/EE62PQ
",2,DE5,3-0-0,3,DE5,0.0
Electrical Engineering,M. Tech. in Power and Control Systems (P&CS),2411EE,RM6201,2,Research Methodology,3-1-0,4,RM,0.0
Electrical Engineering,M. Tech. in Power and Control Systems (P&CS),2411EE,IK6201 ,2,IKS,3-0-0,3,IKS,0.0
Electrical Engineering,M. Tech. in Power and Control Systems (P&CS),2411EE,EE6198,3,Summer internship/Mini Project*,0-0-12,3,SI,0.0
Electrical Engineering,M. Tech. in Power and Control Systems (P&CS),2411EE,"EE6199
",3,Project I,0-0-30,15,P1,0.0
Electrical Engineering,M. Tech. in Power and Control Systems (P&CS),2411EE,"EE6299
",4,Project II,0-0-42,21,P2,0.0
Electrical Engineering,M. Tech. in VLSI and Embedded System,2411EE,HS5111,1,Technical Writing and Soft Skill ,1-2-2,4,HS,0.0
Electrical Engineering,M. Tech. in VLSI and Embedded System,2411EE,EC5151,1,Digital VLSI System,3-0-2,4,CORE,0.0
Electrical Engineering,M. Tech. in VLSI and Embedded System,2411EE,EC5152,1,Embedded System ,3-0-2,4,CORE,0.0
Electrical Engineering,M. Tech. in VLSI and Embedded System,2411EE,EC5161 ,1,Semiconductor Device Modeling and Simulation ,3-0-2,4,CORE,0.0
Electrical Engineering,M. Tech. in VLSI and Embedded System,2411EE,EC51PQ/EC61PQ,1,DE1,3-0-0,3,DE1,0.0
Electrical Engineering,M. Tech. in VLSI and Embedded System,2411EE,EC51PQ/EC61PQ,1,DE2,3-0-0,3,DE2,0.0
Electrical Engineering,M. Tech. in VLSI and Embedded System,2411EE,XX61PQ ,1,IDE,3-0-0,3,IDE,0.0
Electrical Engineering,M. Tech. in VLSI and Embedded System,2411EE,EC5251,2,Analog and Mixed Signal Integrated Circuits ,3-0-2,4,CORE,0.0
Electrical Engineering,M. Tech. in VLSI and Embedded System,2411EE,EC5252,2,High Performance Embedded Computing system ,3-0-2,4,CORE,0.0
Electrical Engineering,M. Tech. in VLSI and Embedded System,2411EE,EC52PQ/EC62PQ ,2,DE3,3-0-0,3,DE3,0.0
Electrical Engineering,M. Tech. in VLSI and Embedded System,2411EE,EC52PQ/EC62PQ ,2,DE4,3-0-0,3,DE4,0.0
Electrical Engineering,M. Tech. in VLSI and Embedded System,2411EE,EC52PQ/EC62PQ ,2,DE5,3-0-0,3,DE5,0.0
Electrical Engineering,M. Tech. in VLSI and Embedded System,2411EE,RM6201,2,RM,3-1-0,4,RM,0.0
Electrical Engineering,M. Tech. in VLSI and Embedded System,2411EE,IK6201 ,2,IKS,3-0-0,3,IKS,0.0
Electrical Engineering,M. Tech. in VLSI and Embedded System,2411EE,EC6198 ,3,Summer Internship/ Mini Project* ,0-0-12,3,SI,0.0
Electrical Engineering,M. Tech. in VLSI and Embedded System,2411EE,EC6199 ,3,Project I ,0-0-30,15,P1,0.0
Electrical Engineering,M. Tech. in VLSI and Embedded System,2411EE,EC6299 ,4,Project II,0-0-42,21,P2,0.0
Mathematics and Computing,M.Tech in Mathematics and Computing,2411MC,HS5111,SEM-1,Technical Writing and Soft Skills,1-2-2,4,HS,0.0
Mathematics and Computing,M.Tech in Mathematics and Computing,2411MC,MC5101,SEM-1,Design and Analysis of Algorithms,3-1-2,5,CORE,0.0
Mathematics and Computing,M.Tech in Mathematics and Computing,2411MC,MC5102,SEM-1,Probability and Statistics,3-0-2,4,CORE,0.0
Mathematics and Computing,M.Tech in Mathematics and Computing,2411MC,XX51PQ/XX61PQ,SEM-1,DE1,3-0-0,3,DE1,0.0
Mathematics and Computing,M.Tech in Mathematics and Computing,2411MC,XX51PQ/XX61PQ,SEM-1,DE2,3-0-0,3,DE2,0.0
Mathematics and Computing,M.Tech in Mathematics and Computing,2411MC,XX51PQ/XX61PQ,SEM-1,DE3,3-0-0,3,DE3,0.0
Mathematics and Computing,M.Tech in Mathematics and Computing,2411MC,XX51PQ/XX61PQ,SEM-1,IDE,3-0-0,3,1DE,0.0
Mathematics and Computing,M.Tech in Mathematics and Computing,2411MC,MC5201,SEM-2,Advanced Artificial Intelligence,3-1-2,5,CORE,0.0
Mathematics and Computing,M.Tech in Mathematics and Computing,2411MC,MC5202,SEM-2,Numerical Linear Algebra and Optimization Techniques,3-0-2,4,CORE,0.0
Mathematics and Computing,M.Tech in Mathematics and Computing,2411MC,XX52PQ/XX62PQ,SEM-2,DE4,3-0-0,3,DE4,0.0
Mathematics and Computing,M.Tech in Mathematics and Computing,2411MC,XX52PQ/XX62PQ,SEM-2,DE5,3-0-0,3,DE5,0.0
Mathematics and Computing,M.Tech in Mathematics and Computing,2411MC,XX52PQ/XX62PQ,SEM-2,DE6,3-0-0,3,DE6,0.0
Mathematics and Computing,M.Tech in Mathematics and Computing,2411MC,RM6201,SEM-2,Research Methodology,3-1-0,4,RM,0.0
Mathematics and Computing,M.Tech in Mathematics and Computing,2411MC,IK6201,SEM-2,Indian Knowledge System,3-0-0,3,IK,0.0
Mathematics and Computing,M.Tech in Mathematics and Computing,2411MC,MC6198,SEM-3,Summer Internship Evaluation / Mini Project,0-0-12,3,SI,0.0
Mathematics and Computing,M.Tech in Mathematics and Computing,2411MC,MC6199,SEM-3,Project I,0-0-30,15,P1,0.0
Mathematics and Computing,M.Tech in Mathematics and Computing,2411MC,MC6299,SEM-4,Project II,0-0-42,21,P2,0.0
Advanced Manufacturing Technology,Advanced Manufacturing Technology,2411ME,HS5111,1,Technical Writing and Soft Skill,1-2-2,4,HS1,0.0
Advanced Manufacturing Technology,Advanced Manufacturing Technology,2411ME,ME5101,1,Advanced Engineering Mathematics,3-1-0,4,Core,0.0
Advanced Manufacturing Technology,Advanced Manufacturing Technology,2411ME,ME5103,1,Finite Element Analysis,3-0-0,3,Core,0.0
Advanced Manufacturing Technology,Advanced Manufacturing Technology,2411ME,ME5108,1,Deformation-based Manufacturing,3-0-0,3,Core,0.0
Advanced Manufacturing Technology,Advanced Manufacturing Technology,2411ME,ME61PQ,1,DE1,3-0-0,3,DE1,0.0
Advanced Manufacturing Technology,Advanced Manufacturing Technology,2411ME,ME61PQ,1,DE1I,3-0-0,3,DE2,0.0
Advanced Manufacturing Technology,Advanced Manufacturing Technology,2411ME,ME5109,1,Manufacturing Lab - I,0-0-3,1.5,Core,0.0
Advanced Manufacturing Technology,Advanced Manufacturing Technology,2411ME,XX61PQ,1,IDE,3-0-0,3,IDE1,0.0
Advanced Manufacturing Technology,Advanced Manufacturing Technology,2411ME,ME5201,2,Advanced Engineering Software Lab,1-0-4,3,Core,0.0
Advanced Manufacturing Technology,Advanced Manufacturing Technology,2411ME,ME5203,2,Measurement and Instrumentation,3-0-0,3,Core,0.0
Advanced Manufacturing Technology,Advanced Manufacturing Technology,2411ME,ME5207,2,Solidification-based Manufacturing,3-1-0,4,Core,0.0
Advanced Manufacturing Technology,Advanced Manufacturing Technology,2411ME,ME62PQ,2,DE1II,3-0-0,3,DE3,0.0
Advanced Manufacturing Technology,Advanced Manufacturing Technology,2411ME,ME62PQ,2,DE1V,3-0-0,3,DE4,0.0
Advanced Manufacturing Technology,Advanced Manufacturing Technology,2411ME,RM6201,2,RM,3-1-0,4,RM,0.0
Advanced Manufacturing Technology,Advanced Manufacturing Technology,2411ME,ME5208,2,Manufacturing Lab - II,0-0-3,1.5,Core,0.0
Advanced Manufacturing Technology,Advanced Manufacturing Technology,2411ME,IK6201,2,IKS,3-0-0,3,IKS,0.0
Advanced Manufacturing Technology,Advanced Manufacturing Technology,2411ME,ME6198,3,Summer Internship / Mini Project,0-0-12,3,SI,0.0
Advanced Manufacturing Technology,Advanced Manufacturing Technology,2411ME,ME6199,3,Project I,0-0-30,15,P1,0.0
Advanced Manufacturing Technology,Advanced Manufacturing Technology,2411ME,ME6299,4,Project II,0-0-42,21,P2,0.0
Mechanical Design,,,HS5111,1,Technical Writing and Soft Skill,1-2-2,4,HS1,0.0
Mechanical Design,,,ME5101,1,Advanced Engineering Mathematics,3-1-0,4,Core,0.0
Mechanical Design,,,ME5102,1,Theory of Elasticity,3-0-0,3,Core,0.0
Mechanical Design,,,ME5103,1,Finite Element Analysis,3-0-0,3,Core,0.0
Mechanical Design,,,ME61PQ,1,DE1,3-0-0,3,DE1,0.0
Mechanical Design,,,ME61PQ,1,DE1I,3-0-0,3,DE2,0.0
Mechanical Design,,,ME5104,1,Design Lab - I,0-0-3,1.5,Core,0.0
Mechanical Design,,,XX61PQ,1,IDE,3-0-0,3,IDE1,0.0
Mechanical Design,,,ME5201,2,Advanced Engineering Software Lab,1-0-4,3,Core,0.0
Mechanical Design,,,ME5202,2,Advanced Dynamics & Vibration,3-1-0,4,Core,0.0
Mechanical Design,,,ME5203,2,Measurement and Instrumentation,3-0-0,3,Core,0.0
Mechanical Design,,,ME62PQ,2,DE1II,3-0-0,3,DE3,0.0
Mechanical Design,,,ME62PQ,2,DE1V,3-0-0,3,DE4,0.0
Mechanical Design,,,RM6201,2,Research Methodology,3-1-0,4,RM1,0.0
Mechanical Design,,,ME5204,2,Design Lab - II,0-0-3,1.5,Core,0.0
Mechanical Design,,,IK6201,2,IKS,3-0-0,3,IKS,0.0
Mechanical Design,,,ME6198,3,Summer Internship / Mini Project*,0-0-12,3,SI,0.0
Mechanical Design,,,ME6199,3,Project I**,0-0-30,15,P1,0.0
Mechanical Design,,,ME6299,4,Project II**,0-0-42,21,P2,0.0
Mechanical Engineering,Mechatronics,,HS5111,1,Technical Writing and Soft Skill ,1-2-2,4,HS1,0.0
Mechanical Engineering,Mechatronics,,ME5101,1,Advanced Engineering Mathematics,3-1-0,4,Core,0.0
Mechanical Engineering,Mechatronics,,MH5101,1,Fundamental of Mechatronics,3-0-0,3,Core,0.0
Mechanical Engineering,Mechatronics,,EC5152,1,Embedded System,3-0-2,4,Core,0.0
Mechanical Engineering,Mechatronics,,XX51PQ/XX61PQ,1,Mechatronics Elective - 1,3-0-0,3,DE1,0.0
Mechanical Engineering,Mechatronics,,XX61PQ,1,Mechatronics Elective - 2,3-0-0,3,DE2,0.0
Mechanical Engineering,Mechatronics,,MH5102,1,Mechatronics Lab - 1,0-0-3,1.5,DE3,0.0
Mechanical Engineering,Mechatronics,,XX61PQ,1,IDE,3-0-0,3,IDE1,0.0
Mechanical Engineering,Mechatronics,,MH5201,2,Sensors and Actuators,3-0-0,3,Core,0.0
Mechanical Engineering,Mechatronics,,MH5202,2,Modeling and Simulation of Mechatronic Systems,3-0-0,3,Core,0.0
Mechanical Engineering,Mechatronics,,XX62PQ,2,Mechatronics Elective - 3,3-0-0,3,DE3,0.0
Mechanical Engineering,Mechatronics,,XX62PQ,2,Mechatronics Elective - 4,3-0-0,3,DE4,0.0
Mechanical Engineering,Mechatronics,,XX52PQ/XX62PQ,2,Mechatronics Elective - 5,3-0-0,3,DE5,0.0
Mechanical Engineering,Mechatronics,,RM6201,2,Research Methodology,3-1-0,4,RM,0.0
Mechanical Engineering,Mechatronics,,MH5203,2,Mechatronics Lab - 2,0-0-3,1.5,Core,0.0
Mechanical Engineering,Mechatronics,,IK6201,2,IKS,3-0-0,3,IKS,0.0
Mechanical Engineering,Mechatronics,,MH6198,3,Summer Internship/ Mini Project,0-0-12,3,SI,0.0
Mechanical Engineering,Mechatronics,,MH6199,3,Project 1,0-0-30,15,P1,0.0
Department of Mechanical Engineering,,,HS5111,1,Technical Writing and Soft Skill,1-2-4,4,HS1,0.0
Department of Mechanical Engineering,,,ME5101,1,Advanced Engineering Mathematics,3-1-0,4,Core,0.0
Department of Mechanical Engineering,,,ME5105,1,Advanced Fluid Mechanics,3-0-0,3,Core,0.0
Department of Mechanical Engineering,,,ME5106,1,Gas Dynamics and Propulsion,3-0-0,3,Core,0.0
Department of Mechanical Engineering,,,ME61XX,1,DE1,3-0-0,3,DE1,0.0
Department of Mechanical Engineering,,,ME61XX,1,DE1I,3-0-0,3,DE2,0.0
Department of Mechanical Engineering,,,ME5107,1,Thermo-Fluid Lab-I,0-0-3,1.5,Core,0.0
Department of Mechanical Engineering,,,XX61PQ,1,IDE,3-0-0,3,IDE1,0.0
Department of Mechanical Engineering,,,ME5201,2,Advanced Engineering Software Lab,1-0-4,3,Core,0.0
Department of Mechanical Engineering,,,ME5205,2,Advanced Heat Transfer,3-1-0,4,Core,0.0
Department of Mechanical Engineering,,,ME5203,2,Measurement and Instrumentation,3-0-0,3,Core,0.0
Department of Mechanical Engineering,,,MEX2XX,2,DE1II,3-0-0,3,DE3,0.0
Department of Mechanical Engineering,,,MEX2XX,2,DE1V,3-0-0,3,DE4,0.0
Department of Mechanical Engineering,,,RM6201,2,Research Methodology,3-1-0,4,RM,0.0
Department of Mechanical Engineering,,,ME5206,2,Thermo-Fluid Lab-II,0-0-3,1.5,Core,0.0
Department of Mechanical Engineering,,,IK6201,2,IKS,3-0-0,3,IKS,0.0
Department of Mechanical Engineering,,,ME6198,3,Summer Internship / Mini Project*,0-0-12,3,SI,0.0
Department of Mechanical Engineering,,,ME6199,3,Project I**,0-0-30,15,P1,0.0
Department of Mechanical Engineering,,,ME6299,4,Project II**,0-0-42,21,P2,0.0
Metallurgical and Materials Engineering,M. Tech. in Materials Science and Engineering,2411MM,HS5111,1,Technical Writing and Soft Skill,1-2-2,4,Core,0.0
Metallurgical and Materials Engineering,M. Tech. in Materials Science and Engineering,2411MM,MM5101,1,Thermodynamics and Phase Transformation,3-1-0,4,Core,0.0
Metallurgical and Materials Engineering,M. Tech. in Materials Science and Engineering,2411MM,MM5102,1,Concepts in Materials Science,3-0-0,3,Core,0.0
Metallurgical and Materials Engineering,M. Tech. in Materials Science and Engineering,2411MM,MM5103,1,Mechanical Behavior of Materials,3-0-2,4,Core,0.0
Metallurgical and Materials Engineering,M. Tech. in Materials Science and Engineering,2411MM,MM5104,1,Nano-structured Materials,3-0-0,3,Core,0.0
Metallurgical and Materials Engineering,M. Tech. in Materials Science and Engineering,2411MM,MM61PQ,1,DE1,3-0-0,3,DE1,0.0
Metallurgical and Materials Engineering,M. Tech. in Materials Science and Engineering,2411MM,XX61PQ,1,IDE,3-0-0,3,IDE,0.0
Metallurgical and Materials Engineering,M. Tech. in Materials Science and Engineering,2411MM,MM5205,2,Advanced Polymer Technology,3-0-2,4,Core,0.0
Metallurgical and Materials Engineering,M. Tech. in Materials Science and Engineering,2411MM,MM5206,2,Advanced Engineering Materials,3-0-2,4,Core,0.0
Metallurgical and Materials Engineering,M. Tech. in Materials Science and Engineering,2411MM,MM62PQ,2,DE1I,3-0-0,3,DE2,0.0
Metallurgical and Materials Engineering,M. Tech. in Materials Science and Engineering,2411MM,MM62PQ,2,DE1II,3-0-0,3,DE3,0.0
Metallurgical and Materials Engineering,M. Tech. in Materials Science and Engineering,2411MM,MM62PQ,2,DE1V,3-0-0,3,DE4,0.0
Metallurgical and Materials Engineering,M. Tech. in Materials Science and Engineering,2411MM,RM6201,2,Research Methodology,3-1-0,4,RM,0.0
Metallurgical and Materials Engineering,M. Tech. in Materials Science and Engineering,2411MM,IK6201,2,IKS,3-0-0,3,IKS,0.0
Metallurgical and Materials Engineering,M. Tech. in Materials Science and Engineering,2411MM,MM6198,3,Summer Internship/ Mini Project*,0-0-12,3,SI/P,0.0
Metallurgical and Materials Engineering,M. Tech. in Materials Science and Engineering,2411MM,MM6199,3,Project I,0-0-30,15,P1,0.0
Metallurgical and Materials Engineering,M. Tech. in Materials Science and Engineering,2411MM,MM6299,4,Project II,0-0-42,21,P2,0.0
Department of Chemistry,M. Sc. in Chemistry,2412CH,CH4101,1,Quantum Chemistry,3-1-0,4,Core,0.0
Department of Chemistry,M. Sc. in Chemistry,2412CH,CH4102,1,Organic Chemistry-I,3-1-0,4,Core,0.0
Department of Chemistry,M. Sc. in Chemistry,2412CH,CH4103,1,Inorganic Chemistry-I,3-1-0,4,Core,0.0
Department of Chemistry,M. Sc. in Chemistry,2412CH,CH4104,1,Principles of Molecular Spectroscopy,3-0-0,3,Core,0.0
Department of Chemistry,M. Sc. in Chemistry,2412CH,CH4105,1,Symmetry & Group Theory,3-0-0,3,Core,0.0
Department of Chemistry,M. Sc. in Chemistry,2412CH,CH4106,1,Organic Chemistry Lab,0-0-6,3,Core,0.0
Department of Chemistry,M. Sc. in Chemistry,2412CH,HS4111,1,Soft Skills for Employability,1-2-0,3,HS1,0.0
Department of Chemistry,M. Sc. in Chemistry,2412CH,CH4201,2,Thermodynamics,3-1-0,4,Core,0.0
Department of Chemistry,M. Sc. in Chemistry,2412CH,CH4202,2,Organic Chemistry-II,3-0-0,3,Core,0.0
Department of Chemistry,M. Sc. in Chemistry,2412CH,CH4203,2,Inorganic Chemistry-II,3-0-0,3,Core,0.0
Department of Chemistry,M. Sc. in Chemistry,2412CH,CH4204,2,Chemical Kinetics,3-0-0,3,Core,0.0
Department of Chemistry,M. Sc. in Chemistry,2412CH,CH4205,2,Modern Methods of Analysis,3-1-0,4,Core,0.0
Department of Chemistry,M. Sc. in Chemistry,2412CH,CH4206,2,Inorganic Chemistry Lab,0-0-6,3,Core,0.0
Department of Chemistry,M. Sc. in Chemistry,2412CH,CH5101,3,Physical Chemistry Lab,0-0-6,3,Core,0.0
Department of Chemistry,M. Sc. in Chemistry,2412CH,CH5102,3,Inorganic Chemistry-III,3-0-0,3,Core,0.0
Department of Chemistry,M. Sc. in Chemistry,2412CH,CH5103,3,Organic Chemistry-III,3-0-0,3,Core,0.0
Department of Chemistry,M. Sc. in Chemistry,2412CH,CH5199,3,Project-I,0-0-12,6,P1,0.0
Department of Chemistry,M. Sc. in Chemistry,2412CH,CH51xx/ CH61xx,3,Department Elective 1,3-0-0,3,DE1,0.0
Department of Chemistry,M. Sc. in Chemistry,2412CH,CH61xx,3,Interdisciplinary Elective 1,3-0-0,3,IDE1,0.0
Department of Chemistry,M. Sc. in Chemistry,2412CH,CH6201,4,Computer Programming for Chemists,2-0-2,3,Core,0.0
Department of Chemistry,M. Sc. in Chemistry,2412CH,CH5299,4,Project-II,0-0-16,8,P2,0.0
Department of Chemistry,M. Sc. in Chemistry,2412CH,CH52xx/ CH62xx,4,Department Elective 2,3-0-0,3,DE2,0.0
Department of Chemistry,M. Sc. in Chemistry,2412CH,CH52xx/ CH62xx,4,Interdisciplinary Elective 2,3-0-0,3,IDE2,0.0
Department of Chemistry,M. Sc. in Chemistry,2412CH,IK52xx,4,Indian Knowledge System,2-0-0,2,IKS,0.0
Mathematics,M. Sc. in Mathematics,2412MA,MA4101,1,Computer Programming,2-0-4,4,Core,0.0
Mathematics,M. Sc. in Mathematics,2412MA,MA4102,1,Linear Algebra,3-1-0,4,Core,0.0
Mathematics,M. Sc. in Mathematics,2412MA,MA4103,1,Real Analysis,3-1-0,4,Core,0.0
Mathematics,M. Sc. in Mathematics,2412MA,MA4104,1,Algebra,3-1-0,4,Core,0.0
Mathematics,M. Sc. in Mathematics,2412MA,MA4105,1,Ordinary Differential Equations,3-1-0,4,Core,0.0
Mathematics,M. Sc. in Mathematics,2412MA,HS4111,1,Soft Skills for Employability,1-2-0,3,HS,0.0
Mathematics,M. Sc. in Mathematics,2412MA,MA4201,2,Topology,3-0-0,3,Core,0.0
Mathematics,M. Sc. in Mathematics,2412MA,MA4202,2,Numerical Analysis,3-0-2,4,Core,0.0
Mathematics,M. Sc. in Mathematics,2412MA,MA4203,2,Complex Analysis,3-1-0,4,Core,0.0
Mathematics,M. Sc. in Mathematics,2412MA,MA4204,2,Linear Optimization Techniques,3-0-2,4,Core,0.0
Mathematics,M. Sc. in Mathematics,2412MA,MA4205,2,Probability and Statistics,3-0-0,3,Core,0.0
Mathematics,M. Sc. in Mathematics,2412MA,MA5101,3,Measure Theory,3-0-0,3,Core,0.0
Mathematics,M. Sc. in Mathematics,2412MA,MA5102,3,Functional Analysis,3-0-0,3,Core,0.0
Mathematics,M. Sc. in Mathematics,2412MA,MA5103,3,Partial Differential Equations,3-0-0,3,Core,0.0
Mathematics,M. Sc. in Mathematics,2412MA,MA51xx/ MA61xx,3,DE1,3-0-0,3,DE1,0.0
Mathematics,M. Sc. in Mathematics,2412MA,MA61xx,3,IDE1,3-0-0,3,IDE1,0.0
Mathematics,M. Sc. in Mathematics,2412MA,MA5199,3,Project I,0-0-12,6,P1,0.0
Mathematics,M. Sc. in Mathematics,2412MA,MA52xx/ MA62xx,4,DE1I,3-0-0,3,DE2,0.0
Mathematics,M. Sc. in Mathematics,2412MA,MA52xx/ MA62xx,4,DE1II,3-0-0,3,DE3,0.0
Mathematics,M. Sc. in Mathematics,2412MA,MA52xx/ MA62xx,4,DE1V,3-0-0,3,DE4,0.0
Mathematics,M. Sc. in Mathematics,2412MA,MA52xx/ MA62xx,4,IDE1I,3-0-0,3,IDE2,0.0
Mathematics,M. Sc. in Mathematics,2412MA,MA5299,4,Project II,0-0-16,8,P2,0.0
Mathematics,M. Sc. in Mathematics,2412MA,IK52xx,4,Indian Knowledge System,2-0-0,2,IKS,0.0
Physics,M.Sc. in Physics,2412PH,PH4101,1,Mathematical Physics-I,3-1-0,4,Core,0.0
Physics,M.Sc. in Physics,2412PH,PH4102,1,Classical Mechanics,3-1-0,4,Core,0.0
Physics,M.Sc. in Physics,2412PH,PH4103,1,Quantum Mechanics-I,3-1-0,4,Core,0.0
Physics,M.Sc. in Physics,2412PH,PH4104,1,Numerical Techniques,2-0-2,3,Core,0.0
Physics,M.Sc. in Physics,2412PH,PH4105,1,Electronics,3-0-4,5,Core,0.0
Physics,M.Sc. in Physics,2412PH,HS4111,1,Soft Skills for Employability,1-2-0,3,HS,0.0
Physics,M.Sc. in Physics,2412PH,PH4201,2,Electrodynamics-I,3-1-0,4,Core,0.0
Physics,M.Sc. in Physics,2412PH,PH4202,2,Statistical Physics,3-1-0,4,Core,0.0
Physics,M.Sc. in Physics,2412PH,PH4203,2,Modern Optics,3-0-4,5,Core,0.0
Physics,M.Sc. in Physics,2412PH,PH4204,2,Introduction to Nuclear and Particle Physics,3-0-0,3,Core,0.0
Physics,M.Sc. in Physics,2412PH,PH42xx,2,DE1,2-1-0,3,DE1,0.0
Physics,M.Sc. in Physics,2412PH,PH5101,3,Atomic and Molecular Physics,3-1-0,4,Core,0.0
Physics,M.Sc. in Physics,2412PH,PH5102,3,Condensed Matter Physics-I,3-0-0,3,Core,0.0
Physics,M.Sc. in Physics,2412PH,PH5103,3,"Atomic, Molecular and Nuclear Physics Laboratory",0-0-4,2,Core,0.0
Physics,M.Sc. in Physics,2412PH,PH5199,3,P1,0-0-12,6,P1,0.0
Physics,M.Sc. in Physics,2412PH,PH51xx/ PH52xx,3,DE2,X-X-X,3*,DE2,0.0
Physics,M.Sc. in Physics,2412PH,PH61xx/ PH62xx,3,IDE1,3-0-0,3*,IDE1,0.0
Physics,M.Sc. in Physics,2412PH,PH5210,4,Condensed Matter Physics Lab,0-0-4,2,Core,0.0
Physics,M.Sc. in Physics,2412PH,PH5299,4,P2,0-0-16,8,P2,0.0
Physics,M.Sc. in Physics,2412PH,PH51xx/ PH52xx,4,DE3,X-X-X,3*,DE3,0.0
Physics,M.Sc. in Physics,2412PH,PH51xx/ PH52xx,4,DE4,X-X-X,3*,DE4,0.0
Physics,M.Sc. in Physics,2412PH,PH61xx/ PH62xx,4,IDE2,3-0-0,3*,IDE2,0.0
Physics,M.Sc. in Physics,2412PH,IK52xx,4,IKS,X-X-X,2,IKS,0.0
Civil and Environmental Engineering,B. Tech.   M. Tech. Dual Degree in Environmental Engineering,2401CE,MA1101,1,Calculus and Linear Algebra,3-1-0,4,Core,0.0
Civil and Environmental Engineering,B. Tech.   M. Tech. Dual Degree in Environmental Engineering,2401CE,CS1101,1,Foundations of Programming ,3-0-3,4.5,Core,0.0
Civil and Environmental Engineering,B. Tech.   M. Tech. Dual Degree in Environmental Engineering,2401CE,PH1101/PH1201,1,Physics,3-1-3,5.5,Core,0.0
Civil and Environmental Engineering,B. Tech.   M. Tech. Dual Degree in Environmental Engineering,2401CE,CE1101/CE1201,1,Engineering Graphics,1-0-3,2.5,Core,0.0
Civil and Environmental Engineering,B. Tech.   M. Tech. Dual Degree in Environmental Engineering,2401CE,EE1101/EE1201,1,Electrical Sciences,3-0-3,4.5,Core,0.0
Civil and Environmental Engineering,B. Tech.   M. Tech. Dual Degree in Environmental Engineering,2401CE,HS1101,1,English for Professionals,2-0-1,2.5,Core,0.0
Civil and Environmental Engineering,B. Tech.   M. Tech. Dual Degree in Environmental Engineering,2401CE,MA1201,2,Probability Theory and Ordinary Differential Equations,3-1-0,4,Core,0.0
Civil and Environmental Engineering,B. Tech.   M. Tech. Dual Degree in Environmental Engineering,2401CE,CS1201,2,Data Structure,3-0-3,4.5,Core,0.0
Civil and Environmental Engineering,B. Tech.   M. Tech. Dual Degree in Environmental Engineering,2401CE,CH1201/CH1101,2,Chemistry,3-1-3,5.5,Core,0.0
Civil and Environmental Engineering,B. Tech.   M. Tech. Dual Degree in Environmental Engineering,2401CE,ME1201/ME1101,2,Mechanical Fabrication,0-0-3,1.5,Core,0.0
Civil and Environmental Engineering,B. Tech.   M. Tech. Dual Degree in Environmental Engineering,2401CE,ME1202/ME1102,2,Engineering Mechanics,3-1-0,4,Core,0.0
Civil and Environmental Engineering,B. Tech.   M. Tech. Dual Degree in Environmental Engineering,2401CE,IK1101,2,Indian Knowledge System(IKS),3-0-0,3,IKS,0.0
Civil and Environmental Engineering,B. Tech.   M. Tech. Dual Degree in Environmental Engineering,2401CE,CE2101,3,Geomatics Engineering,3-1-2,5,Core,0.0
Civil and Environmental Engineering,B. Tech.   M. Tech. Dual Degree in Environmental Engineering,2401CE,CE2102,3,Structural Mechanics,3-1-0,4,Core,1.0
Civil and Environmental Engineering,B. Tech.   M. Tech. Dual Degree in Environmental Engineering,2401CE,CE2103,3,Fluid Mechanics ,3-1-2,5,Core,0.0
Civil and Environmental Engineering,B. Tech.   M. Tech. Dual Degree in Environmental Engineering,2401CE,CE2104,3,Geology for Engineers ,3-0-2,4,Core,0.0
Civil and Environmental Engineering,B. Tech.   M. Tech. Dual Degree in Environmental Engineering,2401CE,HS21PQ,3,HSS Elective I ,3-0-0,3,HS1,0.0
Civil and Environmental Engineering,B. Tech.   M. Tech. Dual Degree in Environmental Engineering,2401CE,CE2201,4,Structural Analysis ,3-0-2,4,Core,0.0
Civil and Environmental Engineering,B. Tech.   M. Tech. Dual Degree in Environmental Engineering,2401CE,CE2202,4,Soil Mechanics,3-0-2,4,Core,0.0
Civil and Environmental Engineering,B. Tech.   M. Tech. Dual Degree in Environmental Engineering,2401CE,CE2203,4,Civil Engineering Materials,3-0-2,4,Core,1.0
Civil and Environmental Engineering,B. Tech.   M. Tech. Dual Degree in Environmental Engineering,2401CE,CE2204,4,Water Resource Engineering - 1,3-0-0,3,Core,0.0
Civil and Environmental Engineering,B. Tech.   M. Tech. Dual Degree in Environmental Engineering,2401CE,CE2205,4,Numerical Methods in Civil Engineering,3-0-0,3,Core,0.0
Civil and Environmental Engineering,B. Tech.   M. Tech. Dual Degree in Environmental Engineering,2401CE,CE22PQ,4,IDE1,3-0-0,3,IDE1,0.0
Civil and Environmental Engineering,B. Tech.   M. Tech. Dual Degree in Environmental Engineering,2401CE,CE3101,5,Design of Reinforced Concrete Structures,3-0-2,4,Core,0.0
Civil and Environmental Engineering,B. Tech.   M. Tech. Dual Degree in Environmental Engineering,2401CE,CE3102,5,Foundation Engineering  ,3-0-2,4,Core,0.0
Civil and Environmental Engineering,B. Tech.   M. Tech. Dual Degree in Environmental Engineering,2401CE,CE3103,5,Transportation Engineering - 1,3-1-2,5,Core,1.0
Civil and Environmental Engineering,B. Tech.   M. Tech. Dual Degree in Environmental Engineering,2401CE,CE3104,5,Environmental Engineering - 1,3-0-2,4,Core,0.0
Civil and Environmental Engineering,B. Tech.   M. Tech. Dual Degree in Environmental Engineering,2401CE,CE3190,5,IDE2,3-0-0,3,IDE2,0.0
Civil and Environmental Engineering,B. Tech.   M. Tech. Dual Degree in Environmental Engineering,2401CE,CE3201,6,Design of Steel Structures,3-1-0,4,Core,0.0
Civil and Environmental Engineering,B. Tech.   M. Tech. Dual Degree in Environmental Engineering,2401CE,CE3202,6,Infrastructure Drawing and Estimation ,1-2-0,3,Core,1.0
Civil and Environmental Engineering,B. Tech.   M. Tech. Dual Degree in Environmental Engineering,2401CE,CE3203,6,Construction Planning & Management,3-0-0,3,Core,0.0
Civil and Environmental Engineering,B. Tech.   M. Tech. Dual Degree in Environmental Engineering,2401CE,CE3204,6,Environmental Engineering - 2,3-1-0,4,Core,0.0
Civil and Environmental Engineering,B. Tech.   M. Tech. Dual Degree in Environmental Engineering,2401CE,CE3205,6,Water Resource Engineering - 2,3-0-2,4,Core,0.0
Civil and Environmental Engineering,B. Tech.   M. Tech. Dual Degree in Environmental Engineering,2401CE,CE3206,6,Transportation Engineering - 2,3-0-0,3,Core,0.0
Civil and Environmental Engineering,B. Tech.   M. Tech. Dual Degree in Environmental Engineering,2401CE,CE41PQ,7,B. Tech. Elective - I,3-0-0,3,BTE1,0.0
Civil and Environmental Engineering,B. Tech.   M. Tech. Dual Degree in Environmental Engineering,2401CE,CE41PQ,7,B. Tech. Elective II,3-0-0,3,BTE2,0.0
Civil and Environmental Engineering,B. Tech.   M. Tech. Dual Degree in Environmental Engineering,2401CE,XX41PQ,7,IDE - III,3-0-0,3,IDE3,0.0
Civil and Environmental Engineering,B. Tech.   M. Tech. Dual Degree in Environmental Engineering,2401CE,HS41XX,7,HSS Elective - II,3-0-0,3,HS2,0.0
Civil and Environmental Engineering,B. Tech.   M. Tech. Dual Degree in Environmental Engineering,2401CE,XX4198,7,Summer Internship*,0-0-12,3,SI,0.0
Civil and Environmental Engineering,B. Tech.   M. Tech. Dual Degree in Environmental Engineering,2401CE,XX4199,7,Project I,0-0-12,6,P1,0.0
Civil and Environmental Engineering,B. Tech.   M. Tech. Dual Degree in Environmental Engineering,2401CE,CE5102,7,Physico-Chemical Principles and Processes,3-0-0,3,Core,0.0
Civil and Environmental Engineering,B. Tech.   M. Tech. Dual Degree in Environmental Engineering,2401CE,RM6201,8,Research Methodology,3-1-0,4,RM,0.0
Civil and Environmental Engineering,B. Tech.   M. Tech. Dual Degree in Environmental Engineering,2401CE,CE5201,8,Biological Principles and Processes,3-0-0,3,Core,0.0
Civil and Environmental Engineering,B. Tech.   M. Tech. Dual Degree in Environmental Engineering,2401CE,CE5202,8,Air Pollution and Control,3-0-2,4,Core,0.0
Civil and Environmental Engineering,B. Tech.   M. Tech. Dual Degree in Environmental Engineering,2401CE,CE52PQ/CE62PQ,8,M. Tech. Elective - I,3-0-0,3,MTE1,0.0
Civil and Environmental Engineering,B. Tech.   M. Tech. Dual Degree in Environmental Engineering,2401CE,CE4299,8,Project - II,0-0-12,6,P2,0.0
Civil and Environmental Engineering,B. Tech.   M. Tech. Dual Degree in Environmental Engineering,2401CE,CE51PQ/CE61PQ,9,M. Tech. Elective - II,3-0-0,3,MTE2,0.0
Civil and Environmental Engineering,B. Tech.   M. Tech. Dual Degree in Environmental Engineering,2401CE,CE51PQ/CE61PQ,9,M. Tech. Elective - III,3-0-0,3,MTE3,0.0
Civil and Environmental Engineering,B. Tech.   M. Tech. Dual Degree in Environmental Engineering,2401CE,CE51PQ/CE61PQ,9,M. Tech. Elective - IV,3-0-0,3,MTE4,0.0
Civil and Environmental Engineering,B. Tech.   M. Tech. Dual Degree in Environmental Engineering,2401CE,CE5199,9,Project - III,0-0-16,8,P3,0.0
Civil and Environmental Engineering,B. Tech.   M. Tech. Dual Degree in Environmental Engineering,2401CE,CE5299,10,Project - IV,0-0-36,18,P4,0.0
Civil and Environmental Engineering,B. Tech.   M. Tech. Dual Degree in Geotechnical Engineering,2402GT,MA1101,1,Calculus and Linear Algebra,3-1-0,4,Core,0.0
Civil and Environmental Engineering,B. Tech.   M. Tech. Dual Degree in Geotechnical Engineering,2402GT,CS1101,1,Foundations of Programming ,3-0-3,4.5,Core,0.0
Civil and Environmental Engineering,B. Tech.   M. Tech. Dual Degree in Geotechnical Engineering,2402GT,PH1101/PH1201,1,Physics,3-1-3,5.5,Core,0.0
Civil and Environmental Engineering,B. Tech.   M. Tech. Dual Degree in Geotechnical Engineering,2402GT,CE1101/CE1201,1,Engineering Graphics,1-0-3,2.5,Core,0.0
Civil and Environmental Engineering,B. Tech.   M. Tech. Dual Degree in Geotechnical Engineering,2402GT,EE1101/EE1201,1,Electrical Sciences,3-0-3,4.5,Core,0.0
Civil and Environmental Engineering,B. Tech.   M. Tech. Dual Degree in Geotechnical Engineering,2402GT,HS1101,1,English for Professionals,2-0-1,2.5,Core,0.0
Civil and Environmental Engineering,B. Tech.   M. Tech. Dual Degree in Geotechnical Engineering,2402GT,MA1201,2,Probability Theory and Ordinary Differential Equations,3-1-0,4,Core,0.0
Civil and Environmental Engineering,B. Tech.   M. Tech. Dual Degree in Geotechnical Engineering,2402GT,CS1201,2,Data Structure,3-0-3,4.5,Core,0.0
Civil and Environmental Engineering,B. Tech.   M. Tech. Dual Degree in Geotechnical Engineering,2402GT,CH1201/CH1101,2,Chemistry,3-1-3,5.5,Core,0.0
Civil and Environmental Engineering,B. Tech.   M. Tech. Dual Degree in Geotechnical Engineering,2402GT,ME1201/ME1101,2,Mechanical Fabrication,0-0-3,1.5,Core,0.0
Civil and Environmental Engineering,B. Tech.   M. Tech. Dual Degree in Geotechnical Engineering,2402GT,ME1202/ME1102,2,Engineering Mechanics,3-1-0,4,Core,0.0
Civil and Environmental Engineering,B. Tech.   M. Tech. Dual Degree in Geotechnical Engineering,2402GT,IK1101,2,Indian Knowledge System(IKS),3-0-0,3,IKS,0.0
Civil and Environmental Engineering,B. Tech.   M. Tech. Dual Degree in Geotechnical Engineering,2402GT,CE2101,3,Geomatics Engineering,3-1-2,5,Core,0.0
Civil and Environmental Engineering,B. Tech.   M. Tech. Dual Degree in Geotechnical Engineering,2402GT,CE2102,3,Structural Mechanics,3-1-0,4,Core,1.0
Civil and Environmental Engineering,B. Tech.   M. Tech. Dual Degree in Geotechnical Engineering,2402GT,CE2103,3,Fluid Mechanics ,3-1-2,5,Core,0.0
Civil and Environmental Engineering,B. Tech.   M. Tech. Dual Degree in Geotechnical Engineering,2402GT,CE2104,3,Geology for Engineers ,3-0-2,4,Core,0.0
Civil and Environmental Engineering,B. Tech.   M. Tech. Dual Degree in Geotechnical Engineering,2402GT,HS21PQ,3,HSS Elective I ,3-0-0,3,HS1,0.0
Civil and Environmental Engineering,B. Tech.   M. Tech. Dual Degree in Geotechnical Engineering,2402GT,CE2201,4,Structural Analysis ,3-0-2,4,Core,0.0
Civil and Environmental Engineering,B. Tech.   M. Tech. Dual Degree in Geotechnical Engineering,2402GT,CE2202,4,Soil Mechanics,3-0-2,4,Core,0.0
Civil and Environmental Engineering,B. Tech.   M. Tech. Dual Degree in Geotechnical Engineering,2402GT,CE2203,4,Civil Engineering Materials,3-0-2,4,Core,1.0
Civil and Environmental Engineering,B. Tech.   M. Tech. Dual Degree in Geotechnical Engineering,2402GT,CE2204,4,Water Resource Engineering - 1,3-0-0,3,Core,0.0
Civil and Environmental Engineering,B. Tech.   M. Tech. Dual Degree in Geotechnical Engineering,2402GT,CE2205,4,Numerical Methods in Civil Engineering,3-0-0,3,Core,0.0
Civil and Environmental Engineering,B. Tech.   M. Tech. Dual Degree in Geotechnical Engineering,2402GT,CE22PQ,4,IDE1,3-0-0,3,IDE1,0.0
Civil and Environmental Engineering,B. Tech.   M. Tech. Dual Degree in Geotechnical Engineering,2402GT,CE3101,5,Design of Reinforced Concrete Structures,3-0-2,4,Core,0.0
Civil and Environmental Engineering,B. Tech.   M. Tech. Dual Degree in Geotechnical Engineering,2402GT,CE3102,5,Foundation Engineering  ,3-0-2,4,Core,0.0
Civil and Environmental Engineering,B. Tech.   M. Tech. Dual Degree in Geotechnical Engineering,2402GT,CE3103,5,Transportation Engineering - 1,3-1-2,5,Core,1.0
Civil and Environmental Engineering,B. Tech.   M. Tech. Dual Degree in Geotechnical Engineering,2402GT,CE3104,5,Environmental Engineering - 1,3-0-2,4,Core,0.0
Civil and Environmental Engineering,B. Tech.   M. Tech. Dual Degree in Geotechnical Engineering,2402GT,CE3190,5,IDE2,3-0-0,3,IDE2,0.0
Civil and Environmental Engineering,B. Tech.   M. Tech. Dual Degree in Geotechnical Engineering,2402GT,CE3201,6,Design of Steel Structures,3-1-0,4,Core,0.0
Civil and Environmental Engineering,B. Tech.   M. Tech. Dual Degree in Geotechnical Engineering,2402GT,CE3202,6,Infrastructure Drawing and Estimation ,1-2-0,3,Core,1.0
Civil and Environmental Engineering,B. Tech.   M. Tech. Dual Degree in Geotechnical Engineering,2402GT,CE3203,6,Construction Planning & Management,3-0-0,3,Core,0.0
Civil and Environmental Engineering,B. Tech.   M. Tech. Dual Degree in Geotechnical Engineering,2402GT,CE3204,6,Environmental Engineering - 2,3-1-0,4,Core,0.0
Civil and Environmental Engineering,B. Tech.   M. Tech. Dual Degree in Geotechnical Engineering,2402GT,CE3205,6,Water Resource Engineering - 2,3-0-2,4,Core,0.0
Civil and Environmental Engineering,B. Tech.   M. Tech. Dual Degree in Geotechnical Engineering,2402GT,CE3206,6,Transportation Engineering - 2,3-0-0,3,Core,0.0
Civil and Environmental Engineering,B. Tech.   M. Tech. Dual Degree in Geotechnical Engineering,2402GT,XX41PQ,7,BTE1,3-0-0,3,BTE1,0.0
Civil and Environmental Engineering,B. Tech.   M. Tech. Dual Degree in Geotechnical Engineering,2402GT,XX41PQ,7,BTE2,3-0-0,3,BTE2,0.0
Civil and Environmental Engineering,B. Tech.   M. Tech. Dual Degree in Geotechnical Engineering,2402GT,XX41PQ,7,IDE3,3-0-0,3,IDE3,0.0
Civil and Environmental Engineering,B. Tech.   M. Tech. Dual Degree in Geotechnical Engineering,2402GT,HS41PQ,7,HS2,3-0-0,3,HS2,0.0
Civil and Environmental Engineering,B. Tech.   M. Tech. Dual Degree in Geotechnical Engineering,2402GT,XX4198,7,SI,0-0-12,3,SI,0.0
Civil and Environmental Engineering,B. Tech.   M. Tech. Dual Degree in Geotechnical Engineering,2402GT,XX4199,7,P1,0-0-12,6,P1,0.0
Civil and Environmental Engineering,B. Tech.   M. Tech. Dual Degree in Geotechnical Engineering,2402GT,CE5105,7,Advanced Soil Mechanics,3-0-0,3,Core,0.0
Civil and Environmental Engineering,B. Tech.   M. Tech. Dual Degree in Geotechnical Engineering,2402GT,RM6201,8,RM,3-1-0,4,RM,0.0
Civil and Environmental Engineering,B. Tech.   M. Tech. Dual Degree in Geotechnical Engineering,2402GT,CE5204,8,Advanced Foundation Engineering,3-0-0,3,Core,0.0
Civil and Environmental Engineering,B. Tech.   M. Tech. Dual Degree in Geotechnical Engineering,2402GT,CE5205,8,Computational Geomechanics,3-0-2,4,Core,0.0
Civil and Environmental Engineering,B. Tech.   M. Tech. Dual Degree in Geotechnical Engineering,2402GT,CE52PQ/CE62PQ,8,MTE1,3-0-0,3,MTE1,0.0
Civil and Environmental Engineering,B. Tech.   M. Tech. Dual Degree in Geotechnical Engineering,2402GT,CE4299,8,P2,0-0-12,6,P2,0.0
Civil and Environmental Engineering,B. Tech.   M. Tech. Dual Degree in Geotechnical Engineering,2402GT,CE51PQ/CE61PQ,9,MTE2,3-0-0,3,MTE2,0.0
Civil and Environmental Engineering,B. Tech.   M. Tech. Dual Degree in Geotechnical Engineering,2402GT,CE51PQ/CE61PQ,9,MTE3,3-0-0,3,MTE3,0.0
Civil and Environmental Engineering,B. Tech.   M. Tech. Dual Degree in Geotechnical Engineering,2402GT,CE51PQ/CE61PQ,9,MTE4,3-0-0,3,MTE4,0.0
Civil and Environmental Engineering,B. Tech.   M. Tech. Dual Degree in Geotechnical Engineering,2402GT,CE5199,9,P3,0-0-16,8,P3,0.0
Civil and Environmental Engineering,B. Tech.   M. Tech. Dual Degree in Geotechnical Engineering,2402GT,CE5299,10,P4,0-0-36,18,P4,0.0
Civil and Environmental Engineering,Btech-Mtech Dual Degree in Structural Engineering,2402ST,MA1101,1,Calculus and Linear Algebra,3-1-0,4,Core,0.0
Civil and Environmental Engineering,Btech-Mtech Dual Degree in Structural Engineering,2402ST,CS1101,1,Foundations of Programming ,3-0-3,4.5,Core,0.0
Civil and Environmental Engineering,Btech-Mtech Dual Degree in Structural Engineering,2402ST,PH1101/PH1201,1,Physics,3-1-3,5.5,Core,0.0
Civil and Environmental Engineering,Btech-Mtech Dual Degree in Structural Engineering,2402ST,CE1101/CE1201,1,Engineering Graphics,1-0-3,2.5,Core,0.0
Civil and Environmental Engineering,Btech-Mtech Dual Degree in Structural Engineering,2402ST,EE1101/EE1201,1,Electrical Sciences,3-0-3,4.5,Core,0.0
Civil and Environmental Engineering,Btech-Mtech Dual Degree in Structural Engineering,2402ST,HS1101,1,English for Professionals,2-0-1,2.5,Core,0.0
Civil and Environmental Engineering,Btech-Mtech Dual Degree in Structural Engineering,2402ST,MA1201,2,Probability Theory and Ordinary Differential Equations,3-1-0,4,Core,0.0
Civil and Environmental Engineering,Btech-Mtech Dual Degree in Structural Engineering,2402ST,CS1201,2,Data Structure,3-0-3,4.5,Core,0.0
Civil and Environmental Engineering,Btech-Mtech Dual Degree in Structural Engineering,2402ST,CH1201/CH1101,2,Chemistry,3-1-3,5.5,Core,0.0
Civil and Environmental Engineering,Btech-Mtech Dual Degree in Structural Engineering,2402ST,ME1201/ME1101,2,Mechanical Fabrication,0-0-3,1.5,Core,0.0
Civil and Environmental Engineering,Btech-Mtech Dual Degree in Structural Engineering,2402ST,ME1202/ME1102,2,Engineering Mechanics,3-1-0,4,Core,0.0
Civil and Environmental Engineering,Btech-Mtech Dual Degree in Structural Engineering,2402ST,IK1101,2,Indian Knowledge System(IKS),3-0-0,3,IKS,0.0
Civil and Environmental Engineering,Btech-Mtech Dual Degree in Structural Engineering,2402ST,HS5111,3,Technical Writing and Soft Skill,1-2-2,4,HS,0.0
Civil and Environmental Engineering,Btech-Mtech Dual Degree in Structural Engineering,2402ST,CE5108,3,Advanced Structural Analysis,3-0-2,4,Core,0.0
Civil and Environmental Engineering,Btech-Mtech Dual Degree in Structural Engineering,2402ST,CE5109,3,Structural Dynamics,3-0-2,4,Core,0.0
Civil and Environmental Engineering,Btech-Mtech Dual Degree in Structural Engineering,2402ST,CE5110,3,Theory of Plates and Shells,3-0-0,3,Core,0.0
Civil and Environmental Engineering,Btech-Mtech Dual Degree in Structural Engineering,2402ST,CE51PQ/ CE61PQ,3,DE- I: Structure Elective,3-0-0,3,DE1,0.0
Civil and Environmental Engineering,Btech-Mtech Dual Degree in Structural Engineering,2402ST,CE51PQ/ CE61PQ,3,DE- II: Structure / Department Elective,3-0-0,3,DE2,0.0
Civil and Environmental Engineering,Btech-Mtech Dual Degree in Structural Engineering,2402ST,XX61PQ,3,IDE,3-0-0,3,IDE1,0.0
Civil and Environmental Engineering,Btech-Mtech Dual Degree in Structural Engineering,2402ST,CE5209,4,Advanced Concrete Design,3-0-2,4,Core,0.0
Civil and Environmental Engineering,Btech-Mtech Dual Degree in Structural Engineering,2402ST,CE5210,4,Earthquake Resistant Design of Structures,3-0-2,4,Core,0.0
Civil and Environmental Engineering,Btech-Mtech Dual Degree in Structural Engineering,2402ST,CE5211,4,Stability of Structures,3-0-0,3,Core,0.0
Civil and Environmental Engineering,Btech-Mtech Dual Degree in Structural Engineering,2402ST,CE52PQ/ CE62PQ,4,DE-3: Structure Elective,3-0-0,3,DE3,0.0
Civil and Environmental Engineering,Btech-Mtech Dual Degree in Structural Engineering,2402ST,CE52PQ/ CE62PQ,4,DE-4: Structure / Department Elective,3-0-0,3,DE4,0.0
Civil and Environmental Engineering,Btech-Mtech Dual Degree in Structural Engineering,2402ST,RM6201,4,Research Methodology,3-1-0,4,RM,0.0
Civil and Environmental Engineering,Btech-Mtech Dual Degree in Structural Engineering,2402ST,IK6201,4,IKS,3-0-0,3,IKS,0.0
Civil and Environmental Engineering,Btech-Mtech Dual Degree in Structural Engineering,2402ST,CE6198,5,Summer Internship/Mini Project*,0-0-12,3,SI,0.0
Civil and Environmental Engineering,Btech-Mtech Dual Degree in Structural Engineering,2402ST,CE6199,5,Project I,0-0-30,15,P1,0.0
Civil and Environmental Engineering,Btech-Mtech Dual Degree in Structural Engineering,2402ST,CE6299,6,Project II,0-0-42,21,P2,0.0
Civil and Environmental Engineering,Btech-Mtech Dual Degree in Structural Engineering,2402ST,CE41PQ,7,BTE1,3-0-0,3,BTE1,0.0
Civil and Environmental Engineering,Btech-Mtech Dual Degree in Structural Engineering,2402ST,CE41PQ,7,BTE2,3-0-1,3,BTE2,0.0
Civil and Environmental Engineering,Btech-Mtech Dual Degree in Structural Engineering,2402ST,XX41PQ,7,IDE3,3-0-2,3,IDE3,0.0
Civil and Environmental Engineering,Btech-Mtech Dual Degree in Structural Engineering,2402ST,HS41PQ,7,HS2,3-0-3,3,HS2,0.0
Civil and Environmental Engineering,Btech-Mtech Dual Degree in Structural Engineering,2402ST,CE4198,7,SI,0-0-12,3,SI,0.0
Civil and Environmental Engineering,Btech-Mtech Dual Degree in Structural Engineering,2402ST,CE4199,7,P1,0-0-12,6,P1,0.0
Civil and Environmental Engineering,Btech-Mtech Dual Degree in Structural Engineering,2402ST,CE5109,7,Structural Dynamics,3-0-2,4,Core,0.0
Civil and Environmental Engineering,Btech-Mtech Dual Degree in Structural Engineering,2402ST,RM6201,8,Research Methodology,3-1-0,4,Core,0.0
Civil and Environmental Engineering,Btech-Mtech Dual Degree in Structural Engineering,2402ST,CE5209,8,Advanced Concrete Design,3-0-2,4,Core,0.0
Civil and Environmental Engineering,Btech-Mtech Dual Degree in Structural Engineering,2402ST,CE5210,8,Earthquake Resistant Design of Structures,3-0-2,4,Core,0.0
Civil and Environmental Engineering,Btech-Mtech Dual Degree in Structural Engineering,2402ST,CE52PQ/CE62PQ,8,MTE1,3-0-0,3,MTE1,0.0
Civil and Environmental Engineering,Btech-Mtech Dual Degree in Structural Engineering,2402ST,CE4299,8,P2,0-0-12,6,P2,0.0
Civil and Environmental Engineering,Btech-Mtech Dual Degree in Structural Engineering,2402ST,CE52PQ/CE62PQ,9,MTE2,3-0-0,3,MTE2,0.0
Civil and Environmental Engineering,Btech-Mtech Dual Degree in Structural Engineering,2402ST,CE52PQ/CE62PQ,9,MTE3,3-0-0,3,MTE3,0.0
Civil and Environmental Engineering,Btech-Mtech Dual Degree in Structural Engineering,2402ST,CE52PQ/CE62PQ,9,MTE4,3-0-0,3,MTE4,0.0
Civil and Environmental Engineering,Btech-Mtech Dual Degree in Structural Engineering,2402ST,CE5199,9,P3,0-0-16,8,P3,0.0
Civil and Environmental Engineering,Btech-Mtech Dual Degree in Structural Engineering,2402ST,XX5299,10,P4,0-0-36,18,P4,0.0
Civil and Environmental Engineering,B. Tech.   M. Tech. Dual Degree in Transportation Engineering,,MA1101,1,Calculus and Linear Algebra,3-1-0,4,Core,0.0
Civil and Environmental Engineering,B. Tech.   M. Tech. Dual Degree in Transportation Engineering,,CS1101,1,Foundations of Programming ,3-0-3,4.5,Core,0.0
Civil and Environmental Engineering,B. Tech.   M. Tech. Dual Degree in Transportation Engineering,,PH1101/PH1201,1,Physics,3-1-3,5.5,Core,0.0
Civil and Environmental Engineering,B. Tech.   M. Tech. Dual Degree in Transportation Engineering,,CE1101/CE1201,1,Engineering Graphics,1-0-3,2.5,Core,0.0
Civil and Environmental Engineering,B. Tech.   M. Tech. Dual Degree in Transportation Engineering,,EE1101/EE1201,1,Electrical Sciences,3-0-3,4.5,Core,0.0
Civil and Environmental Engineering,B. Tech.   M. Tech. Dual Degree in Transportation Engineering,,HS1101,1,English for Professionals,2-0-1,2.5,Core,0.0
Civil and Environmental Engineering,B. Tech.   M. Tech. Dual Degree in Transportation Engineering,,MA1201,2,Probability Theory and Ordinary Differential Equations,3-1-0,4,Core,0.0
Civil and Environmental Engineering,B. Tech.   M. Tech. Dual Degree in Transportation Engineering,,CS1201,2,Data Structure,3-0-3,4.5,Core,0.0
Civil and Environmental Engineering,B. Tech.   M. Tech. Dual Degree in Transportation Engineering,,CH1201/CH1101,2,Chemistry,3-1-3,5.5,Core,0.0
Civil and Environmental Engineering,B. Tech.   M. Tech. Dual Degree in Transportation Engineering,,ME1201/ME1101,2,Mechanical Fabrication,0-0-3,1.5,Core,0.0
Civil and Environmental Engineering,B. Tech.   M. Tech. Dual Degree in Transportation Engineering,,ME1202/ME1102,2,Engineering Mechanics,3-1-0,4,Core,0.0
Civil and Environmental Engineering,B. Tech.   M. Tech. Dual Degree in Transportation Engineering,,IK1101,2,Indian Knowledge System(IKS),3-0-0,3,IKS,0.0
Civil and Environmental Engineering,B. Tech.   M. Tech. Dual Degree in Transportation Engineering,,CE2101,3,Geomatics Engineering,3-1-2,5,Core,0.0
Civil and Environmental Engineering,B. Tech.   M. Tech. Dual Degree in Transportation Engineering,,CE2102,3,Structural Mechanics,3-1-0,4,Core,1.0
Civil and Environmental Engineering,B. Tech.   M. Tech. Dual Degree in Transportation Engineering,,CE2103,3,Fluid Mechanics ,3-1-2,5,Core,0.0
Civil and Environmental Engineering,B. Tech.   M. Tech. Dual Degree in Transportation Engineering,,CE2104,3,Geology for Engineers ,3-0-2,4,Core,0.0
Civil and Environmental Engineering,B. Tech.   M. Tech. Dual Degree in Transportation Engineering,,HS21PQ,3,HSS Elective I ,3-0-0,3,HS1,0.0
Civil and Environmental Engineering,B. Tech.   M. Tech. Dual Degree in Transportation Engineering,,CE2201,4,Structural Analysis ,3-0-2,4,Core,0.0
Civil and Environmental Engineering,B. Tech.   M. Tech. Dual Degree in Transportation Engineering,,CE2202,4,Soil Mechanics,3-0-2,4,Core,0.0
Civil and Environmental Engineering,B. Tech.   M. Tech. Dual Degree in Transportation Engineering,,CE2203,4,Civil Engineering Materials,3-0-2,4,Core,1.0
Civil and Environmental Engineering,B. Tech.   M. Tech. Dual Degree in Transportation Engineering,,CE2204,4,Water Resource Engineering - 1,3-0-0,3,Core,0.0
Civil and Environmental Engineering,B. Tech.   M. Tech. Dual Degree in Transportation Engineering,,CE2205,4,Numerical Methods in Civil Engineering,3-0-0,3,Core,0.0
Civil and Environmental Engineering,B. Tech.   M. Tech. Dual Degree in Transportation Engineering,,CE22PQ,4,IDE1,3-0-0,3,IDE1,0.0
Civil and Environmental Engineering,B. Tech.   M. Tech. Dual Degree in Transportation Engineering,,CE3101,5,Design of Reinforced Concrete Structures,3-0-2,4,Core,0.0
Civil and Environmental Engineering,B. Tech.   M. Tech. Dual Degree in Transportation Engineering,,CE3102,5,Foundation Engineering  ,3-0-2,4,Core,0.0
Civil and Environmental Engineering,B. Tech.   M. Tech. Dual Degree in Transportation Engineering,,CE3103,5,Transportation Engineering - 1,3-1-2,5,Core,1.0
Civil and Environmental Engineering,B. Tech.   M. Tech. Dual Degree in Transportation Engineering,,CE3104,5,Environmental Engineering - 1,3-0-2,4,Core,0.0
Civil and Environmental Engineering,B. Tech.   M. Tech. Dual Degree in Transportation Engineering,,CE3190,5,IDE2,3-0-0,3,IDE2,0.0
Civil and Environmental Engineering,B. Tech.   M. Tech. Dual Degree in Transportation Engineering,,CE3201,6,Design of Steel Structures,3-1-0,4,Core,0.0
Civil and Environmental Engineering,B. Tech.   M. Tech. Dual Degree in Transportation Engineering,,CE3202,6,Infrastructure Drawing and Estimation ,1-2-0,3,Core,1.0
Civil and Environmental Engineering,B. Tech.   M. Tech. Dual Degree in Transportation Engineering,,CE3203,6,Construction Planning & Management,3-0-0,3,Core,0.0
Civil and Environmental Engineering,B. Tech.   M. Tech. Dual Degree in Transportation Engineering,,CE3204,6,Environmental Engineering - 2,3-1-0,4,Core,0.0
Civil and Environmental Engineering,B. Tech.   M. Tech. Dual Degree in Transportation Engineering,,CE3205,6,Water Resource Engineering - 2,3-0-2,4,Core,0.0
Civil and Environmental Engineering,B. Tech.   M. Tech. Dual Degree in Transportation Engineering,,CE3206,6,Transportation Engineering - 2,3-0-0,3,Core,0.0
Civil and Environmental Engineering,B. Tech.   M. Tech. Dual Degree in Transportation Engineering,,XX41PQ,7,B. Tech. Elective - I,3-0-0,3,BTE1,0.0
Civil and Environmental Engineering,B. Tech.   M. Tech. Dual Degree in Transportation Engineering,,XX41PQ,7,B. Tech. Elective - II,3-0-0,3,BTE2,0.0
Civil and Environmental Engineering,B. Tech.   M. Tech. Dual Degree in Transportation Engineering,,XX41PQ,7,IDE - III,3-0-0,3,IDE3,0.0
Civil and Environmental Engineering,B. Tech.   M. Tech. Dual Degree in Transportation Engineering,,HS41PQ,7,HSS Elective   II,3-0-0,3,HS2,0.0
Civil and Environmental Engineering,B. Tech.   M. Tech. Dual Degree in Transportation Engineering,,XX4198,7,Summer Internship*,0-0-12,3,SI,0.0
Civil and Environmental Engineering,B. Tech.   M. Tech. Dual Degree in Transportation Engineering,,XX4199,7,Project   I,0-0-12,6,P1,0.0
Civil and Environmental Engineering,B. Tech.   M. Tech. Dual Degree in Transportation Engineering,,CE5105,7,Advanced Soil Mechanics,3-0-0,3,Core,0.0
Civil and Environmental Engineering,B. Tech.   M. Tech. Dual Degree in Transportation Engineering,,RM6201,8,Research Methodology,3-1-0,4,RM,0.0
Civil and Environmental Engineering,B. Tech.   M. Tech. Dual Degree in Transportation Engineering,,CE5204,8,Advanced Foundation Engineering,3-0-0,3,Core,0.0
Civil and Environmental Engineering,B. Tech.   M. Tech. Dual Degree in Transportation Engineering,,CE5205,8,Computational Geomechanics,3-0-2,4,Core,0.0
Civil and Environmental Engineering,B. Tech.   M. Tech. Dual Degree in Transportation Engineering,,CE52PQ/CE62PQ,8,M Tech Elective - I,3-0-0,3,MTE1,0.0
Civil and Environmental Engineering,B. Tech.   M. Tech. Dual Degree in Transportation Engineering,,CE4299,8,Project - II,0-0-12,6,P2,0.0
Civil and Environmental Engineering,B. Tech.   M. Tech. Dual Degree in Transportation Engineering,,CE51PQ/CE61PQ,9,M Tech Elective - II,3-0-0,3,MTE2,0.0
Civil and Environmental Engineering,B. Tech.   M. Tech. Dual Degree in Transportation Engineering,,CE51PQ/CE61PQ,9,M Tech Elective - III,3-0-0,3,MTE3,0.0
Civil and Environmental Engineering,B. Tech.   M. Tech. Dual Degree in Transportation Engineering,,CE51PQ/CE61PQ,9,M Tech Elective - IV,3-0-0,3,MTE4,0.0
Civil and Environmental Engineering,B. Tech.   M. Tech. Dual Degree in Transportation Engineering,,CE5199,9,Project - III,0-0-16,8,P3,0.0
Civil and Environmental Engineering,B. Tech.   M. Tech. Dual Degree in Transportation Engineering,,CE5299,10,Project - IV,0-0-36,18,P4,0.0
Department of Computer Science & Engineering,B. Tech.   M. Tech. Dual Degree in Computer Science and Engineering,NS,MA1101,1,Calculus and Linear Algebra,3-1-0,4,Core,0.0
Department of Computer Science & Engineering,B. Tech.   M. Tech. Dual Degree in Computer Science and Engineering,NS,CS1101,1,Foundations of Programming ,3-0-3,4.5,Core,0.0
Department of Computer Science & Engineering,B. Tech.   M. Tech. Dual Degree in Computer Science and Engineering,NS,PH1101/PH1201,1,Physics,3-1-3,5.5,Core,0.0
Department of Computer Science & Engineering,B. Tech.   M. Tech. Dual Degree in Computer Science and Engineering,NS,CE1101/CE1201,1,Engineering Graphics,1-0-3,2.5,Core,0.0
Department of Computer Science & Engineering,B. Tech.   M. Tech. Dual Degree in Computer Science and Engineering,NS,EE1101/EE1201,1,Electrical Sciences,3-0-3,4.5,Core,0.0
Department of Computer Science & Engineering,B. Tech.   M. Tech. Dual Degree in Computer Science and Engineering,NS,HS1101,1,English for Professionals,2-0-1,2.5,Core,0.0
Department of Computer Science & Engineering,B. Tech.   M. Tech. Dual Degree in Computer Science and Engineering,NS,MA1201,2,Probability Theory and Ordinary Differential Equations,3-1-0,4,Core,0.0
Department of Computer Science & Engineering,B. Tech.   M. Tech. Dual Degree in Computer Science and Engineering,NS,CS1201,2,Data Structure,3-0-3,4.5,Core,0.0
Department of Computer Science & Engineering,B. Tech.   M. Tech. Dual Degree in Computer Science and Engineering,NS,CH1201/CH1101,2,Chemistry,3-1-3,5.5,Core,0.0
Department of Computer Science & Engineering,B. Tech.   M. Tech. Dual Degree in Computer Science and Engineering,NS,ME1201/ME1101,2,Mechanical Fabrication,0-0-3,1.5,Core,0.0
Department of Computer Science & Engineering,B. Tech.   M. Tech. Dual Degree in Computer Science and Engineering,NS,ME1202/ME1102,2,Engineering Mechanics,3-1-0,4,Core,0.0
Department of Computer Science & Engineering,B. Tech.   M. Tech. Dual Degree in Computer Science and Engineering,NS,IK1101,2,Indian Knowledge System(IKS),3-0-0,3,IKS,0.0
Department of Computer Science & Engineering,B. Tech.   M. Tech. Dual Degree in Computer Science and Engineering,NS,CS2101,3,Algorithm,3-0-3,4.5,Core,0.0
Department of Computer Science & Engineering,B. Tech.   M. Tech. Dual Degree in Computer Science and Engineering,NS,CS2102,3,Digital Logic and Computer Organization,3-0-3,4.5,Core,0.0
Department of Computer Science & Engineering,B. Tech.   M. Tech. Dual Degree in Computer Science and Engineering,NS,CS2103,3,Artificial Intelligence Concepts,2-0-2,3,Core,0.0
Department of Computer Science & Engineering,B. Tech.   M. Tech. Dual Degree in Computer Science and Engineering,NS,CS2104,3,Discrete Mathematics,3-0-0,3,Core,0.0
Department of Computer Science & Engineering,B. Tech.   M. Tech. Dual Degree in Computer Science and Engineering,NS,CS2105,3,Optimization Techniques,3-0-0,3,Core,0.0
Department of Computer Science & Engineering,B. Tech.   M. Tech. Dual Degree in Computer Science and Engineering,NS,HS21PQ,3,HSS Elective - I,3-0-0,3,HS-I,0.0
Department of Computer Science & Engineering,B. Tech.   M. Tech. Dual Degree in Computer Science and Engineering,NS,CS2201,4,Formal Language and Automata Theory,3-0-0,3,Core,0.0
Department of Computer Science & Engineering,B. Tech.   M. Tech. Dual Degree in Computer Science and Engineering,NS,CS2202,4,Database and Warehousing,3-0-2,4,Core,0.0
Department of Computer Science & Engineering,B. Tech.   M. Tech. Dual Degree in Computer Science and Engineering,NS,CS2203,4,Artificial Intelligence,3-0-3,4.5,Core,0.0
Department of Computer Science & Engineering,B. Tech.   M. Tech. Dual Degree in Computer Science and Engineering,NS,CS2204,4,IT Workshop,0-2-2,3,Core,0.0
Department of Computer Science & Engineering,B. Tech.   M. Tech. Dual Degree in Computer Science and Engineering,NS,CS2205,4,Computer Architecture,3-0-3,4.5,Core,0.0
Department of Computer Science & Engineering,B. Tech.   M. Tech. Dual Degree in Computer Science and Engineering,NS,CS2209,4,IDE I (Introduction to Data Science),3-0-0,3,IDE1,0.0
Department of Computer Science & Engineering,B. Tech.   M. Tech. Dual Degree in Computer Science and Engineering,NS,CS3101,5,Operating System,3-0-3,4.5,Core,0.0
Department of Computer Science & Engineering,B. Tech.   M. Tech. Dual Degree in Computer Science and Engineering,NS,CS3102,5,Computer Network,3-0-3,4.5,Core,0.0
Department of Computer Science & Engineering,B. Tech.   M. Tech. Dual Degree in Computer Science and Engineering,NS,CS3103,5,Machine Learning,3-0-3,4.5,Core,0.0
Department of Computer Science & Engineering,B. Tech.   M. Tech. Dual Degree in Computer Science and Engineering,NS,CS3104,5,Compiler,3-0-3,4.5,Core,0.0
Department of Computer Science & Engineering,B. Tech.   M. Tech. Dual Degree in Computer Science and Engineering,NS,CS3109,5,IDE II (Computer Graphics),3-0-0,3,IDE1I,0.0
Department of Computer Science & Engineering,B. Tech.   M. Tech. Dual Degree in Computer Science and Engineering,NS,CS3201,6,Cyber Security,3-0-2,4,Core,0.0
Department of Computer Science & Engineering,B. Tech.   M. Tech. Dual Degree in Computer Science and Engineering,NS,CS3202,6,Deep Learning,3-0-3,4.5,Core,0.0
Department of Computer Science & Engineering,B. Tech.   M. Tech. Dual Degree in Computer Science and Engineering,NS,CS3203,6,Internet of Things,3-0-3,4.5,Core,0.0
Department of Computer Science & Engineering,B. Tech.   M. Tech. Dual Degree in Computer Science and Engineering,NS,CS32PQ,6,B. Tech. Elective - I,3-0-0,3,BTE_I,0.0
Department of Computer Science & Engineering,B. Tech.   M. Tech. Dual Degree in Computer Science and Engineering,NS,CS3299,6,Capstone Project,0-0-6,3,Core,0.0
Department of Computer Science & Engineering,B. Tech.   M. Tech. Dual Degree in Computer Science and Engineering,NS,CS5101,7,Design and Analysis of Algorithms,3-1-0,4,Core,0.0
Department of Computer Science & Engineering,B. Tech.   M. Tech. Dual Degree in Computer Science and Engineering,NS,CS41PQ,7,B. Tech. Elective   II,3-0-0,3,BTE-II,0.0
Department of Computer Science & Engineering,B. Tech.   M. Tech. Dual Degree in Computer Science and Engineering,NS,CS41PQ,7,B. Tech. Elective   III,3-0-0,3,BTE-III,0.0
Department of Computer Science & Engineering,B. Tech.   M. Tech. Dual Degree in Computer Science and Engineering,NS,CS4109,7,IDE1II (Data Analysis and Visualization),3-0-0,3,IDE1II,0.0
Department of Computer Science & Engineering,B. Tech.   M. Tech. Dual Degree in Computer Science and Engineering,NS,HS41PQ,7,HSS Elective - II,3-0-0,3,HS-II,0.0
Department of Computer Science & Engineering,B. Tech.   M. Tech. Dual Degree in Computer Science and Engineering,NS,CS4198,7,Summer Internship/ Mini Project*,0-0-12,3,SI,0.0
Department of Computer Science & Engineering,B. Tech.   M. Tech. Dual Degree in Computer Science and Engineering,NS,CS4199,7,Project - I,0-0-12,6,P1,0.0
Department of Computer Science & Engineering,B. Tech.   M. Tech. Dual Degree in Computer Science and Engineering,NS,CS5201,8,Advanced Artificial Intelligence,3-0-0,3,Core,0.0
Department of Computer Science & Engineering,B. Tech.   M. Tech. Dual Degree in Computer Science and Engineering,NS,CS5202,8,Theoretical Computer Science,3-0-0,3,Core,0.0
Department of Computer Science & Engineering,B. Tech.   M. Tech. Dual Degree in Computer Science and Engineering,NS,CS62PQ,8,M. Tech. Elective   I,3-0-0,3,MTE-I,0.0
Department of Computer Science & Engineering,B. Tech.   M. Tech. Dual Degree in Computer Science and Engineering,NS,RM6201,8,Research Methodology,3-1-0,4,RM,0.0
Department of Computer Science & Engineering,B. Tech.   M. Tech. Dual Degree in Computer Science and Engineering,NS,CS4299,8,Project II,0-0-12,6,P2,0.0
Department of Computer Science & Engineering,B. Tech.   M. Tech. Dual Degree in Computer Science and Engineering,NS,CS61PQ,9,M. Tech. Elective   II,3-0-0,3,MTE-II,0.0
Department of Computer Science & Engineering,B. Tech.   M. Tech. Dual Degree in Computer Science and Engineering,NS,CS61PQ,9,M. Tech. Elective   III,3-0-0,3,MTE-III,0.0
Department of Computer Science & Engineering,B. Tech.   M. Tech. Dual Degree in Computer Science and Engineering,NS,CS61PQ,9,M. Tech. Elective   IV,3-0-0,3,MTE-IV,0.0
Department of Computer Science & Engineering,B. Tech.   M. Tech. Dual Degree in Computer Science and Engineering,NS,CS6190,9,Project - III,0-0-16,8,P3,0.0
Department of Computer Science & Engineering,B. Tech.   M. Tech. Dual Degree in Computer Science and Engineering,NS,CS6290,10,Project-IV,0-0-36,18,P4,0.0
Electrical and Electronics Engineering (EEE),B. Tech. in Electrical and Electronics Engineering (EEE) and M. Tech. in Power and Control System,NS,MA1101,1,Calculus and Linear Algebra,3-1-0,4,Core,0.0
Electrical and Electronics Engineering (EEE),B. Tech. in Electrical and Electronics Engineering (EEE) and M. Tech. in Power and Control System,NS,CS1101,1,Foundations of Programming ,3-0-3,4.5,Core,0.0
Electrical and Electronics Engineering (EEE),B. Tech. in Electrical and Electronics Engineering (EEE) and M. Tech. in Power and Control System,NS,PH1101/PH1201,1,Physics,3-1-3,5.5,Core,0.0
Electrical and Electronics Engineering (EEE),B. Tech. in Electrical and Electronics Engineering (EEE) and M. Tech. in Power and Control System,NS,CE1101/CE1201,1,Engineering Graphics,1-0-3,2.5,Core,0.0
Electrical and Electronics Engineering (EEE),B. Tech. in Electrical and Electronics Engineering (EEE) and M. Tech. in Power and Control System,NS,EE1101/EE1201,1,Electrical Sciences,3-0-3,4.5,Core,0.0
Electrical and Electronics Engineering (EEE),B. Tech. in Electrical and Electronics Engineering (EEE) and M. Tech. in Power and Control System,NS,HS1101,1,English for Professionals,2-0-1,2.5,Core,0.0
Electrical and Electronics Engineering (EEE),B. Tech. in Electrical and Electronics Engineering (EEE) and M. Tech. in Power and Control System,NS,MA1201,2,Probability Theory and Ordinary Differential Equations,3-1-0,4,Core,0.0
Electrical and Electronics Engineering (EEE),B. Tech. in Electrical and Electronics Engineering (EEE) and M. Tech. in Power and Control System,NS,CS1201,2,Data Structure,3-0-3,4.5,Core,0.0
Electrical and Electronics Engineering (EEE),B. Tech. in Electrical and Electronics Engineering (EEE) and M. Tech. in Power and Control System,NS,CH1201/CH1101,2,Chemistry,3-1-3,5.5,Core,0.0
Electrical and Electronics Engineering (EEE),B. Tech. in Electrical and Electronics Engineering (EEE) and M. Tech. in Power and Control System,NS,ME1201/ME1101,2,Mechanical Fabrication,0-0-3,1.5,Core,0.0
Electrical and Electronics Engineering (EEE),B. Tech. in Electrical and Electronics Engineering (EEE) and M. Tech. in Power and Control System,NS,ME1202/ME1102,2,Engineering Mechanics,3-1-0,4,Core,0.0
Electrical and Electronics Engineering (EEE),B. Tech. in Electrical and Electronics Engineering (EEE) and M. Tech. in Power and Control System,NS,IK1101,2,Indian Knowledge System(IKS),3-0-0,3,IKS,0.0
Electrical and Electronics Engineering (EEE),B. Tech. in Electrical and Electronics Engineering (EEE) and M. Tech. in Power and Control System,NS,EE2101,3,Measurements and Instrumentation,3-0-2,4,Core,
Electrical and Electronics Engineering (EEE),B. Tech. in Electrical and Electronics Engineering (EEE) and M. Tech. in Power and Control System,NS,EE2102,3,Network Analysis and Synthesis,3-0-0,3,Core,
Electrical and Electronics Engineering (EEE),B. Tech. in Electrical and Electronics Engineering (EEE) and M. Tech. in Power and Control System,NS,EC2101,3,Analog Circuits,3-0-2,4,Core,
Electrical and Electronics Engineering (EEE),B. Tech. in Electrical and Electronics Engineering (EEE) and M. Tech. in Power and Control System,NS,EC2102,3,Signals and Systems,3-1-0,4,Core,
Electrical and Electronics Engineering (EEE),B. Tech. in Electrical and Electronics Engineering (EEE) and M. Tech. in Power and Control System,NS,EE2103,3,Electrical Machines   I,2-0-2,3,Core,
Electrical and Electronics Engineering (EEE),B. Tech. in Electrical and Electronics Engineering (EEE) and M. Tech. in Power and Control System,NS,HS21PQ,3,HSS Elective I,3-0-0,3,HS1,
Electrical and Electronics Engineering (EEE),B. Tech. in Electrical and Electronics Engineering (EEE) and M. Tech. in Power and Control System,NS,EC2201,4,Digital Electronics,3-0-2,4,Core,
Electrical and Electronics Engineering (EEE),B. Tech. in Electrical and Electronics Engineering (EEE) and M. Tech. in Power and Control System,NS,EC2202,4,Microprocessor,2-0-2,3,Core,
Electrical and Electronics Engineering (EEE),B. Tech. in Electrical and Electronics Engineering (EEE) and M. Tech. in Power and Control System,NS,EE2201,4,Control Systems,3-0-2,4,Core,
Electrical and Electronics Engineering (EEE),B. Tech. in Electrical and Electronics Engineering (EEE) and M. Tech. in Power and Control System,NS,EE2202,4,Electrical Machines-II,2-0-2,3,Core,
Electrical and Electronics Engineering (EEE),B. Tech. in Electrical and Electronics Engineering (EEE) and M. Tech. in Power and Control System,NS,EC2204,4,Internet of Things,3-0-0,3,Core,
Electrical and Electronics Engineering (EEE),B. Tech. in Electrical and Electronics Engineering (EEE) and M. Tech. in Power and Control System,NS,XX22PQ,4,IDE I,3-0-0,3,IDE1,
Electrical and Electronics Engineering (EEE),B. Tech. in Electrical and Electronics Engineering (EEE) and M. Tech. in Power and Control System,NS,EC3101,5,Microcontroller and Embedded System,3-0-2,4,Core,
Electrical and Electronics Engineering (EEE),B. Tech. in Electrical and Electronics Engineering (EEE) and M. Tech. in Power and Control System,NS,EE3101,5,Power Systems-I,2-0-2,3,Core,
Electrical and Electronics Engineering (EEE),B. Tech. in Electrical and Electronics Engineering (EEE) and M. Tech. in Power and Control System,NS,EE3102,5,Modern Control Theory,3-0-2,4,Core,
Electrical and Electronics Engineering (EEE),B. Tech. in Electrical and Electronics Engineering (EEE) and M. Tech. in Power and Control System,NS,EC3104,5,Engineering Electromagnetics,3-0-0,3,Core,
Electrical and Electronics Engineering (EEE),B. Tech. in Electrical and Electronics Engineering (EEE) and M. Tech. in Power and Control System,NS,EC3105,5,Random Signals and Stochastic Processes,3-0-0,3,Core,
Electrical and Electronics Engineering (EEE),B. Tech. in Electrical and Electronics Engineering (EEE) and M. Tech. in Power and Control System,NS,XX31PQ,5,IDE II,3-0-0,3,IDE2,
Electrical and Electronics Engineering (EEE),B. Tech. in Electrical and Electronics Engineering (EEE) and M. Tech. in Power and Control System,NS,EE3201,6,Fundamentals of Electric Drives,3-0-2,4,Core,
Electrical and Electronics Engineering (EEE),B. Tech. in Electrical and Electronics Engineering (EEE) and M. Tech. in Power and Control System,NS,EC3202,6,Digital Signal Processing,3-0-2,4,Core,
Electrical and Electronics Engineering (EEE),B. Tech. in Electrical and Electronics Engineering (EEE) and M. Tech. in Power and Control System,NS,EC3203,6,Introduction to AI/ML,3-0-0,3,Core,
Electrical and Electronics Engineering (EEE),B. Tech. in Electrical and Electronics Engineering (EEE) and M. Tech. in Power and Control System,NS,EE3202,6,Power System II,3-0-2,4,Core,
Electrical and Electronics Engineering (EEE),B. Tech. in Electrical and Electronics Engineering (EEE) and M. Tech. in Power and Control System,NS,EE3203,6,Power Electronics,3-0-2,4,Core,
Electrical and Electronics Engineering (EEE),B. Tech. in Electrical and Electronics Engineering (EEE) and M. Tech. in Power and Control System,NS,EE3204,6,Electrical Machine Design,1-0-2,2,Core,
Electrical and Electronics Engineering (EEE),B. Tech. in Electrical and Electronics Engineering (EEE) and M. Tech. in Power and Control System,NS,EE41xx,7,B. Tech. Elective   I,3-0-0,3,BTE1,
Electrical and Electronics Engineering (EEE),B. Tech. in Electrical and Electronics Engineering (EEE) and M. Tech. in Power and Control System,NS,EE41xx,7,B. Tech. Elective   II,3-0-0,3,BTE2,
Electrical and Electronics Engineering (EEE),B. Tech. in Electrical and Electronics Engineering (EEE) and M. Tech. in Power and Control System,NS,HS41PQ,7,HSS Elective - II,3-0-0,3,HS2,
Electrical and Electronics Engineering (EEE),B. Tech. in Electrical and Electronics Engineering (EEE) and M. Tech. in Power and Control System,NS,XX41PQ,7,IDE - III,3-0-0,3,IDE3,
Electrical and Electronics Engineering (EEE),B. Tech. in Electrical and Electronics Engineering (EEE) and M. Tech. in Power and Control System,NS,EE4196,7,Summer Internship*,0-0-12,3,SI,
Electrical and Electronics Engineering (EEE),B. Tech. in Electrical and Electronics Engineering (EEE) and M. Tech. in Power and Control System,NS,EE4197,7,Project   I,0-0-12,6,P1,
Electrical and Electronics Engineering (EEE),B. Tech. in Electrical and Electronics Engineering (EEE) and M. Tech. in Power and Control System,NS,EE5101,7,Computer Aided Power System Analysis,3-0-2,4,Core,
Electrical and Electronics Engineering (EEE),B. Tech. in Electrical and Electronics Engineering (EEE) and M. Tech. in Power and Control System,NS,EE5201,8,"Power System Dynamics, Control and Protection",3-0-2,4,Core,
Electrical and Electronics Engineering (EEE),B. Tech. in Electrical and Electronics Engineering (EEE) and M. Tech. in Power and Control System,NS,EE5202,8,Nonlinear Dynamical Systems,3-0-2,4,Core,
Electrical and Electronics Engineering (EEE),B. Tech. in Electrical and Electronics Engineering (EEE) and M. Tech. in Power and Control System,NS,XX52PQ/XX62PQ,8,M. Tech. Elective   I,3-0-0,3,MTE1,
Electrical and Electronics Engineering (EEE),B. Tech. in Electrical and Electronics Engineering (EEE) and M. Tech. in Power and Control System,NS,EE4297,8,Project   II,0-0-12,6,P2,
Electrical and Electronics Engineering (EEE),B. Tech. in Electrical and Electronics Engineering (EEE) and M. Tech. in Power and Control System,NS,RM6201,8,Research Methodology,3-1-0,4,RM,
Electrical and Electronics Engineering (EEE),B. Tech. in Electrical and Electronics Engineering (EEE) and M. Tech. in Power and Control System,NS,XX52PQ/XX62PQ,9,M. Tech. Elective   II,3-0-0,3,MTE2,
Electrical and Electronics Engineering (EEE),B. Tech. in Electrical and Electronics Engineering (EEE) and M. Tech. in Power and Control System,NS,XX52PQ/XX62PQ,9,M. Tech. Elective   III,3-0-0,3,MTE3,
Electrical and Electronics Engineering (EEE),B. Tech. in Electrical and Electronics Engineering (EEE) and M. Tech. in Power and Control System,NS,XX52PQ/XX62PQ,9,M. Tech. Elective   IV,3-0-0,3,MTE4,
Electrical and Electronics Engineering (EEE),B. Tech. in Electrical and Electronics Engineering (EEE) and M. Tech. in Power and Control System,NS,EE5197,9,Project   III,0-0-16,8,P3,
Electrical and Electronics Engineering (EEE),B. Tech. in Electrical and Electronics Engineering (EEE) and M. Tech. in Power and Control System,NS,EE5297,10,Project IV,0-0-36,18,P4,
Electrical Engineering,B. Tech. M. Tech. Dual Degree in Communication System and Signal Processing (CSSP),NS,MA1101,1,Calculus and Linear Algebra,3-1-0,4,Core,0.0
Electrical Engineering,B. Tech. M. Tech. Dual Degree in Communication System and Signal Processing (CSSP),NS,CS1101,1,Foundations of Programming ,3-0-3,4.5,Core,0.0
Electrical Engineering,B. Tech. M. Tech. Dual Degree in Communication System and Signal Processing (CSSP),NS,PH1101/PH1201,1,Physics,3-1-3,5.5,Core,0.0
Electrical Engineering,B. Tech. M. Tech. Dual Degree in Communication System and Signal Processing (CSSP),NS,CE1101/CE1201,1,Engineering Graphics,1-0-3,2.5,Core,0.0
Electrical Engineering,B. Tech. M. Tech. Dual Degree in Communication System and Signal Processing (CSSP),NS,EE1101/EE1201,1,Electrical Sciences,3-0-3,4.5,Core,0.0
Electrical Engineering,B. Tech. M. Tech. Dual Degree in Communication System and Signal Processing (CSSP),NS,HS1101,1,English for Professionals,2-0-1,2.5,Core,0.0
Electrical Engineering,B. Tech. M. Tech. Dual Degree in Communication System and Signal Processing (CSSP),NS,MA1201,2,Probability Theory and Ordinary Differential Equations,3-1-0,4,Core,0.0
Electrical Engineering,B. Tech. M. Tech. Dual Degree in Communication System and Signal Processing (CSSP),NS,CS1201,2,Data Structure,3-0-3,4.5,Core,0.0
Electrical Engineering,B. Tech. M. Tech. Dual Degree in Communication System and Signal Processing (CSSP),NS,CH1201/CH1101,2,Chemistry,3-1-3,5.5,Core,0.0
Electrical Engineering,B. Tech. M. Tech. Dual Degree in Communication System and Signal Processing (CSSP),NS,ME1201/ME1101,2,Mechanical Fabrication,0-0-3,1.5,Core,0.0
Electrical Engineering,B. Tech. M. Tech. Dual Degree in Communication System and Signal Processing (CSSP),NS,ME1202/ME1102,2,Engineering Mechanics,3-1-0,4,Core,0.0
Electrical Engineering,B. Tech. M. Tech. Dual Degree in Communication System and Signal Processing (CSSP),NS,IK1101,2,Indian Knowledge System(IKS),3-0-0,3,IKS,0.0
Electrical Engineering,B. Tech. M. Tech. Dual Degree in Communication System and Signal Processing (CSSP),NS,EE2101,3,Measurements and Instrumentation,3-0-2,4,Core,0.0
Electrical Engineering,B. Tech. M. Tech. Dual Degree in Communication System and Signal Processing (CSSP),NS,EE2102,3,Network Analysis and Synthesis,3-0-0,3,Core,0.0
Electrical Engineering,B. Tech. M. Tech. Dual Degree in Communication System and Signal Processing (CSSP),NS,EC2101,3,Analog Circuits,3-0-2,4,Core,0.0
Electrical Engineering,B. Tech. M. Tech. Dual Degree in Communication System and Signal Processing (CSSP),NS,EC2102,3,Signals and Systems,3-1-0,4,Core,0.0
Electrical Engineering,B. Tech. M. Tech. Dual Degree in Communication System and Signal Processing (CSSP),NS,EC2103,3,Semiconductor Devices,3-0-2,4,Core,0.0
Electrical Engineering,B. Tech. M. Tech. Dual Degree in Communication System and Signal Processing (CSSP),NS,HS21PQ,3,HSS Elective - I,3-0-0,3,HS1,0.0
Electrical Engineering,B. Tech. M. Tech. Dual Degree in Communication System and Signal Processing (CSSP),NS,EC2201,4,Digital Electronics,3-0-2,4,Core,0.0
Electrical Engineering,B. Tech. M. Tech. Dual Degree in Communication System and Signal Processing (CSSP),NS,EC2202,4,Microprocessor,2-0-2,3,Core,0.0
Electrical Engineering,B. Tech. M. Tech. Dual Degree in Communication System and Signal Processing (CSSP),NS,EE2201,4,Control Systems,3-0-2,4,Core,0.0
Electrical Engineering,B. Tech. M. Tech. Dual Degree in Communication System and Signal Processing (CSSP),NS,EC2203,4,Computer Organization and Architecture,3-0-0,3,Core,0.0
Electrical Engineering,B. Tech. M. Tech. Dual Degree in Communication System and Signal Processing (CSSP),NS,EC2204,4,Internet of Things,3-0-0,3,Core,0.0
Electrical Engineering,B. Tech. M. Tech. Dual Degree in Communication System and Signal Processing (CSSP),NS,XX22PQ,4,IDE - I,3-0-0,3,IDE1,0.0
Electrical Engineering,B. Tech. M. Tech. Dual Degree in Communication System and Signal Processing (CSSP),NS,EC3101,5,Microcontroller and Embedded System,3-0-2,4,Core,0.0
Electrical Engineering,B. Tech. M. Tech. Dual Degree in Communication System and Signal Processing (CSSP),NS,EE3102,5,VLSI Design,3-0-2,4,Core,0.0
Electrical Engineering,B. Tech. M. Tech. Dual Degree in Communication System and Signal Processing (CSSP),NS,EC3103,5,Analog Communication,3-0-2,4,Core,0.0
Electrical Engineering,B. Tech. M. Tech. Dual Degree in Communication System and Signal Processing (CSSP),NS,EC3104,5,Engineering Electromagnetics,3-0-0,3,Core,0.0
Electrical Engineering,B. Tech. M. Tech. Dual Degree in Communication System and Signal Processing (CSSP),NS,EC3105,5,Random Signals and Stochastic Processes,3-0-0,3,Core,0.0
Electrical Engineering,B. Tech. M. Tech. Dual Degree in Communication System and Signal Processing (CSSP),NS,XX31PQ,5,IDE - II,3-0-0,3,IDE2,0.0
Electrical Engineering,B. Tech. M. Tech. Dual Degree in Communication System and Signal Processing (CSSP),NS,EC3201,6,Digital Communication,3-0-2,4,Core,0.0
Electrical Engineering,B. Tech. M. Tech. Dual Degree in Communication System and Signal Processing (CSSP),NS,EC3202,6,Digital Signal Processing,3-0-2,4,Core,0.0
Electrical Engineering,B. Tech. M. Tech. Dual Degree in Communication System and Signal Processing (CSSP),NS,EC3203,6,Introduction to AI/ML,3-0-0,3,Core,0.0
Electrical Engineering,B. Tech. M. Tech. Dual Degree in Communication System and Signal Processing (CSSP),NS,EC3204,6,Low     Power     MOSFETs     Design     and Modeling,3-0-0,3,Core,0.0
Electrical Engineering,B. Tech. M. Tech. Dual Degree in Communication System and Signal Processing (CSSP),NS,EC3205,6,Introduction to Wireless Communications,3-0-0,3,Core,0.0
Electrical Engineering,B. Tech. M. Tech. Dual Degree in Communication System and Signal Processing (CSSP),NS,EC3206,6,RF Systems,3-0-0,3,Core,0.0
Electrical Engineering,B. Tech. M. Tech. Dual Degree in Communication System and Signal Processing (CSSP),NS,EC41XX,7,B. Tech. Elective - I,3-0-0,3,BTE1,0.0
Electrical Engineering,B. Tech. M. Tech. Dual Degree in Communication System and Signal Processing (CSSP),NS,EC41XX,7,B. Tech. Elective - II,3-0-0,3,BTE2,0.0
Electrical Engineering,B. Tech. M. Tech. Dual Degree in Communication System and Signal Processing (CSSP),NS,XX41PQ,7,IDE - III,3-0-0,3,IDE3,0.0
Electrical Engineering,B. Tech. M. Tech. Dual Degree in Communication System and Signal Processing (CSSP),NS,HS41PQ,7,HSS Elective - II,3-0-0,3,HS2,0.0
Electrical Engineering,B. Tech. M. Tech. Dual Degree in Communication System and Signal Processing (CSSP),NS,EC4196,7,Summer Internship*,0-0-12,3,SI,0.0
Electrical Engineering,B. Tech. M. Tech. Dual Degree in Communication System and Signal Processing (CSSP),NS,EC4197,7,Project   I,0-0-12,6,P1,0.0
Electrical Engineering,B. Tech. M. Tech. Dual Degree in Communication System and Signal Processing (CSSP),NS,EC5101,7,Information Theory and Coding,3-1-0,4,Core,0.0
Electrical Engineering,B. Tech. M. Tech. Dual Degree in Communication System and Signal Processing (CSSP),NS,RM6201,8,Research Methodology,3-1-0,4,RM,0.0
Electrical Engineering,B. Tech. M. Tech. Dual Degree in Communication System and Signal Processing (CSSP),NS,EC5201,8,Wireless Communication,3-0-2,4,Core,0.0
Electrical Engineering,B. Tech. M. Tech. Dual Degree in Communication System and Signal Processing (CSSP),NS,EC5202,8,Advanced Communication Systems,3-0-2,4,Core,0.0
Electrical Engineering,B. Tech. M. Tech. Dual Degree in Communication System and Signal Processing (CSSP),NS,XX52PQ/XX62 PQ,8,M. Tech. Elective - I,3-0-0,3,MTE1,0.0
Electrical Engineering,B. Tech. M. Tech. Dual Degree in Communication System and Signal Processing (CSSP),NS,EC4297,8,Project - II,0-0-12,6,P2,0.0
Electrical Engineering,B. Tech. M. Tech. Dual Degree in Communication System and Signal Processing (CSSP),NS,XX52PQ/XX62 PQ,9,M. Tech. Elective - II,3-0-0,3,MTE2,0.0
Electrical Engineering,B. Tech. M. Tech. Dual Degree in Communication System and Signal Processing (CSSP),NS,XX52PQ/XX62 PQ,9,M Tech Elective - III,3-0-0,3,MTE3,0.0
Electrical Engineering,B. Tech. M. Tech. Dual Degree in Communication System and Signal Processing (CSSP),NS,XX52PQ/XX62 PQ,9,M Tech Elective - IV,3-0-0,3,MTE4,0.0
Electrical Engineering,B. Tech. M. Tech. Dual Degree in Communication System and Signal Processing (CSSP),NS,EC5197,9,Project III,0-0-16,8,P3,0.0
Electrical Engineering,B. Tech. M. Tech. Dual Degree in Communication System and Signal Processing (CSSP),NS,EC5297,10,Project IV,0-0-36,18,P4,0.0
Electrical Engineering,B. Tech. in Electronics and Communication Engineering (ECE) and M. Tech. in VLSI and Embedded Systems,NS,MA1101,1,Calculus and Linear Algebra,3-1-0,4,Core,0.0
Electrical Engineering,B. Tech. in Electronics and Communication Engineering (ECE) and M. Tech. in VLSI and Embedded Systems,NS,CS1101,1,Foundations of Programming ,3-0-3,4.5,Core,0.0
Electrical Engineering,B. Tech. in Electronics and Communication Engineering (ECE) and M. Tech. in VLSI and Embedded Systems,NS,PH1101/PH1201,1,Physics,3-1-3,5.5,Core,0.0
Electrical Engineering,B. Tech. in Electronics and Communication Engineering (ECE) and M. Tech. in VLSI and Embedded Systems,NS,CE1101/CE1201,1,Engineering Graphics,1-0-3,2.5,Core,0.0
Electrical Engineering,B. Tech. in Electronics and Communication Engineering (ECE) and M. Tech. in VLSI and Embedded Systems,NS,EE1101/EE1201,1,Electrical Sciences,3-0-3,4.5,Core,0.0
Electrical Engineering,B. Tech. in Electronics and Communication Engineering (ECE) and M. Tech. in VLSI and Embedded Systems,NS,HS1101,1,English for Professionals,2-0-1,2.5,Core,0.0
Electrical Engineering,B. Tech. in Electronics and Communication Engineering (ECE) and M. Tech. in VLSI and Embedded Systems,NS,MA1201,2,Probability Theory and Ordinary Differential Equations,3-1-0,4,Core,0.0
Electrical Engineering,B. Tech. in Electronics and Communication Engineering (ECE) and M. Tech. in VLSI and Embedded Systems,NS,CS1201,2,Data Structure,3-0-3,4.5,Core,0.0
Electrical Engineering,B. Tech. in Electronics and Communication Engineering (ECE) and M. Tech. in VLSI and Embedded Systems,NS,CH1201/CH1101,2,Chemistry,3-1-3,5.5,Core,0.0
Electrical Engineering,B. Tech. in Electronics and Communication Engineering (ECE) and M. Tech. in VLSI and Embedded Systems,NS,ME1201/ME1101,2,Mechanical Fabrication,0-0-3,1.5,Core,0.0
Electrical Engineering,B. Tech. in Electronics and Communication Engineering (ECE) and M. Tech. in VLSI and Embedded Systems,NS,ME1202/ME1102,2,Engineering Mechanics,3-1-0,4,Core,0.0
Electrical Engineering,B. Tech. in Electronics and Communication Engineering (ECE) and M. Tech. in VLSI and Embedded Systems,NS,IK1101,2,Indian Knowledge System(IKS),3-0-0,3,IKS,0.0
Electrical Engineering,B. Tech. in Electronics and Communication Engineering (ECE) and M. Tech. in VLSI and Embedded Systems,NS,EE2101,3,Measurements and Instrumentation,3-0-2,4,Core,0.0
Electrical Engineering,B. Tech. in Electronics and Communication Engineering (ECE) and M. Tech. in VLSI and Embedded Systems,NS,EE2102,3,Network Analysis and Synthesis,3-0-0,3,Core,0.0
Electrical Engineering,B. Tech. in Electronics and Communication Engineering (ECE) and M. Tech. in VLSI and Embedded Systems,NS,EC2101,3,Analog Circuits,3-0-2,4,Core,0.0
Electrical Engineering,B. Tech. in Electronics and Communication Engineering (ECE) and M. Tech. in VLSI and Embedded Systems,NS,EC2102,3,Signals and Systems,3-1-0,4,Core,0.0
Electrical Engineering,B. Tech. in Electronics and Communication Engineering (ECE) and M. Tech. in VLSI and Embedded Systems,NS,EC2103,3,Semiconductor Devices,3-0-2,4,Core,0.0
Electrical Engineering,B. Tech. in Electronics and Communication Engineering (ECE) and M. Tech. in VLSI and Embedded Systems,NS,HS21PQ,3,HSS Elective - I,3-0-0,3,HS1,0.0
Electrical Engineering,B. Tech. in Electronics and Communication Engineering (ECE) and M. Tech. in VLSI and Embedded Systems,NS,EC2201,4,Digital Electronics,3-0-2,4,Core,0.0
Electrical Engineering,B. Tech. in Electronics and Communication Engineering (ECE) and M. Tech. in VLSI and Embedded Systems,NS,EC2202,4,Microprocessor,2-0-2,3,Core,0.0
Electrical Engineering,B. Tech. in Electronics and Communication Engineering (ECE) and M. Tech. in VLSI and Embedded Systems,NS,EE2201,4,Control Systems,3-0-2,4,Core,0.0
Electrical Engineering,B. Tech. in Electronics and Communication Engineering (ECE) and M. Tech. in VLSI and Embedded Systems,NS,EC2203,4,Computer Organization and Architecture,3-0-0,3,Core,0.0
Electrical Engineering,B. Tech. in Electronics and Communication Engineering (ECE) and M. Tech. in VLSI and Embedded Systems,NS,EC2204,4,Internet of Things,3-0-0,3,Core,0.0
Electrical Engineering,B. Tech. in Electronics and Communication Engineering (ECE) and M. Tech. in VLSI and Embedded Systems,NS,XX22PQ,4,IDE - I,3-0-0,3,IDE1,0.0
Electrical Engineering,B. Tech. in Electronics and Communication Engineering (ECE) and M. Tech. in VLSI and Embedded Systems,NS,EC3101,5,Microcontroller and Embedded System,3-0-2,4,Core,0.0
Electrical Engineering,B. Tech. in Electronics and Communication Engineering (ECE) and M. Tech. in VLSI and Embedded Systems,NS,EE3102,5,VLSI Design,3-0-2,4,Core,0.0
Electrical Engineering,B. Tech. in Electronics and Communication Engineering (ECE) and M. Tech. in VLSI and Embedded Systems,NS,EC3103,5,Analog Communication,3-0-2,4,Core,0.0
Electrical Engineering,B. Tech. in Electronics and Communication Engineering (ECE) and M. Tech. in VLSI and Embedded Systems,NS,EC3104,5,Engineering Electromagnetics,3-0-0,3,Core,0.0
Electrical Engineering,B. Tech. in Electronics and Communication Engineering (ECE) and M. Tech. in VLSI and Embedded Systems,NS,EC3105,5,Random Signals and Stochastic Processes,3-0-0,3,Core,0.0
Electrical Engineering,B. Tech. in Electronics and Communication Engineering (ECE) and M. Tech. in VLSI and Embedded Systems,NS,XX31PQ,5,IDE - II,3-0-0,3,IDE2,0.0
Electrical Engineering,B. Tech. in Electronics and Communication Engineering (ECE) and M. Tech. in VLSI and Embedded Systems,NS,EC3201,6,Digital Communication,3-0-2,4,Core,0.0
Electrical Engineering,B. Tech. in Electronics and Communication Engineering (ECE) and M. Tech. in VLSI and Embedded Systems,NS,EC3202,6,Digital Signal Processing,3-0-2,4,Core,0.0
Electrical Engineering,B. Tech. in Electronics and Communication Engineering (ECE) and M. Tech. in VLSI and Embedded Systems,NS,EC3203,6,Introduction to AI/ML,3-0-0,3,Core,0.0
Electrical Engineering,B. Tech. in Electronics and Communication Engineering (ECE) and M. Tech. in VLSI and Embedded Systems,NS,EC3204,6,Low Power MOSFETs Design and Modelling,3-0-0,3,Core,0.0
Electrical Engineering,B. Tech. in Electronics and Communication Engineering (ECE) and M. Tech. in VLSI and Embedded Systems,NS,EC3205,6,Introduction to Wireless Communications,3-0-0,3,Core,0.0
Electrical Engineering,B. Tech. in Electronics and Communication Engineering (ECE) and M. Tech. in VLSI and Embedded Systems,NS,EC3206,6,RF Systems,3-0-0,3,Core,0.0
Electrical Engineering,B. Tech. in Electronics and Communication Engineering (ECE) and M. Tech. in VLSI and Embedded Systems,NS,EC41PQ,7,B. Tech. Elective - I,3-0-0,3,BTE1,0.0
Electrical Engineering,B. Tech. in Electronics and Communication Engineering (ECE) and M. Tech. in VLSI and Embedded Systems,NS,EC41PQ,7,B. Tech. Elective  - II,3-0-0,3,BTE2,0.0
Electrical Engineering,B. Tech. in Electronics and Communication Engineering (ECE) and M. Tech. in VLSI and Embedded Systems,NS,XX41PQ,7,IDE - III,3-0-0,3,IDE3,0.0
Electrical Engineering,B. Tech. in Electronics and Communication Engineering (ECE) and M. Tech. in VLSI and Embedded Systems,NS,HS41PQ,7,HSS Elective - II,3-0-0,3,HS2,0.0
Electrical Engineering,B. Tech. in Electronics and Communication Engineering (ECE) and M. Tech. in VLSI and Embedded Systems,NS,EC4194,7,Summer Internship,0-0-6,3,SI,0.0
Electrical Engineering,B. Tech. in Electronics and Communication Engineering (ECE) and M. Tech. in VLSI and Embedded Systems,NS,EC4195,7,Project - I,0-0-12,6,P1,0.0
Electrical Engineering,B. Tech. in Electronics and Communication Engineering (ECE) and M. Tech. in VLSI and Embedded Systems,NS,EC5151,7,Digital VLSI Systems,3-0-2,4,Core,0.0
Electrical Engineering,B. Tech. in Electronics and Communication Engineering (ECE) and M. Tech. in VLSI and Embedded Systems,NS,RM6201,8,Research Methodology,3-1-0,4,RM,0.0
Electrical Engineering,B. Tech. in Electronics and Communication Engineering (ECE) and M. Tech. in VLSI and Embedded Systems,NS,EC5251,8,Analog and Mixed Signal Integrated Circuits,3-0-2,4,Core,0.0
Electrical Engineering,B. Tech. in Electronics and Communication Engineering (ECE) and M. Tech. in VLSI and Embedded Systems,NS,EC5252,8,High Performance Embedded Computing system,3-0-2,4,Core,0.0
Electrical Engineering,B. Tech. in Electronics and Communication Engineering (ECE) and M. Tech. in VLSI and Embedded Systems,NS,EC52PQ,8,M. Tech. Elective - I,3-0-0,3,MTE1,0.0
Electrical Engineering,B. Tech. in Electronics and Communication Engineering (ECE) and M. Tech. in VLSI and Embedded Systems,NS,EC4295,8,Project - II,0-0-12,6,P2,0.0
Electrical Engineering,B. Tech. in Electronics and Communication Engineering (ECE) and M. Tech. in VLSI and Embedded Systems,NS,EC51PQ/EC61PQ,9,M. Tech. Elective   II,3-0-0,3,MTE2,0.0
Electrical Engineering,B. Tech. in Electronics and Communication Engineering (ECE) and M. Tech. in VLSI and Embedded Systems,NS,XX51PQ/XX61PQ,9,M. Tech. Elective   III,3-0-0,3,MTE3,0.0
Electrical Engineering,B. Tech. in Electronics and Communication Engineering (ECE) and M. Tech. in VLSI and Embedded Systems,NS,EC51PQ/EC61PQ,9,M. Tech. Elective - IV,3-0-0,3,MTE4,0.0
Electrical Engineering,B. Tech. in Electronics and Communication Engineering (ECE) and M. Tech. in VLSI and Embedded Systems,NS,EC5195,9,Project   III,0--0-16,8,P3,0.0
Electrical Engineering,B. Tech. in Electronics and Communication Engineering (ECE) and M. Tech. in VLSI and Embedded Systems,NS,EC5295,10,Project   IV,0-0-36,18,P4,0.0
Mechanical Engineering and Mechatronics,,NS,MA1101,1,Calculus and Linear Algebra,3-1-0,4,Core,0.0
Mechanical Engineering and Mechatronics,,NS,CS1101,1,Foundations of Programming,3-0-3,4.5,Core,0.0
Mechanical Engineering and Mechatronics,,NS,PH1101/PH1201,1,Physics,3-1-3,5.5,Core,0.0
Mechanical Engineering and Mechatronics,,NS,CE1101/CE1201,1,Engineering Graphics,1-0-3,2.5,Core,0.0
Mechanical Engineering and Mechatronics,,NS,EE1101/EE1201,1,Electrical Sciences,3-0-3,4.5,Core,0.0
Mechanical Engineering and Mechatronics,,NS,HS1101,1,English for Professionals,2-0-1,2.5,HS,0.0
Mechanical Engineering and Mechatronics,,NS,MA1201,2,Probability Theory and Ordinary Differential Equations,3-1-0,4,Core,0.0
Mechanical Engineering and Mechatronics,,NS,CS1201,2,Data Structure,3-0-3,4.5,Core,0.0
Mechanical Engineering and Mechatronics,,NS,CH1201/CH1101,2,Chemistry,3-1-3,5.5,Core,0.0
Mechanical Engineering and Mechatronics,,NS,ME1201/ME1101,2,Mechanical Fabrication,0-0-3,1.5,Core,0.0
Mechanical Engineering and Mechatronics,,NS,ME1202/ME1102,2,Engineering Mechanics,3-1-0,4,Core,0.0
Mechanical Engineering and Mechatronics,,NS,IK1101,2,Indian Knowledge System (IKS),3-0-0,3,IKS,0.0
Mechanical Engineering and Mechatronics,,NS,ME2101,3,Dynamics,3-1-0,4,Core,0.0
Mechanical Engineering and Mechatronics,,NS,ME2102,3,Thermodynamics,3-1-0,4,Core,0.0
Mechanical Engineering and Mechatronics,,NS,ME2103,3,Fluid Mechanics,3-1-2,5,Core,0.0
Mechanical Engineering and Mechatronics,,NS,ME2104,3,Engineering Materials,3-0-2,4,Core,0.0
Mechanical Engineering and Mechatronics,,NS,HS21PQ,3,HSS Elective   I,3-0-0,3,HS1,0.0
Mechanical Engineering and Mechatronics,,NS,ME2201,4,Kinematics and Dynamics of Mechanisms,3-1-2,5,Core,0.0
Mechanical Engineering and Mechatronics,,NS,ME2202,4,Heat and Mass Transfer,3-1-2,5,Core,0.0
Mechanical Engineering and Mechatronics,,NS,ME2203,4,Mechanics of Solids,3-1-0,4,Core,0.0
Mechanical Engineering and Mechatronics,,NS,ME2204,4,Mechanical Measurements and Instrumentation,3-0-2,4,Core,0.0
Mechanical Engineering and Mechatronics,,NS,XX22PQ,4,IDE1,3-0-0,3,IDE1,0.0
Mechanical Engineering and Mechatronics,,NS,ME3101 ,5,Data Analytics and Machine Learning Tools for Engineers,1-2-1,3.5,Core,0.0
Mechanical Engineering and Mechatronics,,NS,ME3102,5,Design of Machine Elements,3-0-3,4.5,Core,0.0
Mechanical Engineering and Mechatronics,,NS,ME3103,5,Manufacturing Technology- I,3-0-2,4,Core,0.0
Mechanical Engineering and Mechatronics,,NS,ME3104,5,Engineering Software Laboratory,1-0-3,2.5,Core,0.0
Mechanical Engineering and Mechatronics,,NS,ME3105,5,Numerical Methods for Engineer,3-0-0,3,Core,0.0
Mechanical Engineering and Mechatronics,,NS,XX31PQ,5,IDE1I,3-0-0,3,IDE2,0.0
Mechanical Engineering and Mechatronics,,NS,ME3201,6,Applied Thermodynamics and Turbomachinery,3-1-2,5,Core,0.0
Mechanical Engineering and Mechatronics,,NS,ME3202,6,System Dynamics and Control,3-1-2,5,Core,0.0
Mechanical Engineering and Mechatronics,,NS,ME3203,6,Manufacturing Technology -II,3-0-3,4.5,Core,0.0
Mechanical Engineering and Mechatronics,,NS,ME3204,6,Industrial Engineering and Operations Research,3-1-0,4,Core,0.0
Mechanical Engineering and Mechatronics,,NS,ME3205,6,Technical Writing and Presentations,0-0-4,2,Core,0.0
Mechanical Engineering and Mechatronics,,NS,ME41XX,7,Department Elective - I,3-0-0,3,DE1,0.0
Mechanical Engineering and Mechatronics,,NS,ME41XX,7,Department Elective - II,3-0-0,3,DE2,0.0
Mechanical Engineering and Mechatronics,,NS,XX41PQ,7,IDE - III,3-0-0,3,IDE3,0.0
Mechanical Engineering and Mechatronics,,NS,HS41PQ,7,HSS Elective - II,3-0-0,3,HS2,0.0
Mechanical Engineering and Mechatronics,,NS,ME4198,7,Summer Internship,0-0-12,3,SI,0.0
Mechanical Engineering and Mechatronics,,NS,MH4199 ,7,Mechatronics Project-I,0-0-12,6,P1,0.0
Mechanical Engineering and Mechatronics,,NS,MH5101,7,Fundamentals of Mechatronics,3-0-0,3,Core,0.0
Mechanical Engineering and Mechatronics,,NS,EC5152,7,Embedded System,3-0-2,4,Core,0.0
Mechanical Engineering and Mechatronics,,NS,RM6201 ,8,Research Methodology,3-1-0,4,RM,0.0
Mechanical Engineering and Mechatronics,,NS,MH520,8,Sensors and Actuators,3-0-0,3,Core,0.0
Mechanical Engineering and Mechatronics,,NS,MH5202,8,Modeling and Simulation of Mechatronics Systems,3-0-0,3,Core,0.0
Mechanical Engineering and Mechatronics,,NS,XX62PQ,8,Mechatronics Elective   I,3-0-0,3,MTE1,0.0
Mechanical Engineering and Mechatronics,,NS,MH4299,8,Project-II,0-0-12,6,P2,0.0
Mechanical Engineering and Mechatronics,,NS,ME51XX/ME61XX,9,M. Tech. Elective - II,3-0-0,3,MTE2,0.0
Mechanical Engineering and Mechatronics,,NS,ME51XX/ME61XX,9,M. Tech. Elective - III,3-0-0,3,MTE3,0.0
Mechanical Engineering and Mechatronics,,NS,ME51XX/EE51XX,9,M. Tech. / Program Elective - IV,3-0-0,3,MTE4,0.0
Mechanical Engineering and Mechatronics,,NS,MH5199,9,Mechatronics Project-III,0-0-16,8,P3,0.0
Mechanical Engineering and Mechatronics,,NS,MH5299 ,10,Mechatronics Project-IV,0-0-36,18,P4,0.0
BS in Economics,BS in Economics,NS,MA1101,1,Calculus and Linear Algebra,3-1-0,4,Core,0.0
BS in Economics,BS in Economics,NS,CS1101,1,Foundations of Programming,3-0-3,4.5,Core,0.0
BS in Economics,BS in Economics,NS,PH1101/PH1201,1,Physics,3-1-3,5.5,Core,0.0
BS in Economics,BS in Economics,NS,CE1101/CE1201,1,Engineering Graphics,1-0-3,2.5,Core,0.0
BS in Economics,BS in Economics,NS,EE1101/EE1201,1,Electrical Sciences,3-0-3,4.5,Core,0.0
BS in Economics,BS in Economics,NS,HS1101,1,English for Professionals,2-0-1,2.5,HS,0.0
BS in Economics,BS in Economics,NS,MA1201,2,Probability Theory and Ordinary Differential Equations,3-1-0,4,Core,0.0
BS in Economics,BS in Economics,NS,CS1201,2,Data Structure,3-0-3,4.5,Core,0.0
BS in Economics,BS in Economics,NS,CH1201/CH1101,2,Chemistry,3-1-3,5.5,Core,0.0
BS in Economics,BS in Economics,NS,ME1201/ME1101,2,Mechanical Fabrication,0-0-3,1.5,Core,0.0
BS in Economics,BS in Economics,NS,ME1202/ME1102,2,Engineering Mechanics,3-1-0,4,Core,0.0
BS in Economics,BS in Economics,NS,IK1101,2,Indian Knowledge System (IKS),3-0-0,3,IKS,0.0
BS in Economics,BS in Economics,NS,HS2101,3,Mathematical Statistics,3-1-0,4,Core,0.0
BS in Economics,BS in Economics,NS,HS2102,3,Fundamentals of Economics,3-1-0,4,Core,0.0
BS in Economics,BS in Economics,NS,HS21**,3,HSS Elective-I,3-0-0,3,HS1,0.0
BS in Economics,BS in Economics,NS,HS2103,3,Multivariate Analysis and Basic Econometrics,3-0-0,3,Core,0.0
BS in Economics,BS in Economics,NS,HS2104,3,History of Economic Thought,3-0-0,3,Core,0.0
BS in Economics,BS in Economics,NS,MA2102,3,Probability and Stochastic Processes,3-1-0,4,Core,0.0
BS in Economics,BS in Economics,NS,HS2201,4,Growth and Development,3-1-0,4,Core,0.0
BS in Economics,BS in Economics,NS,HS2202,4,Microeconomic Theory,3-1-0,4,Core,0.0
BS in Economics,BS in Economics,NS,HS2203,4,Macroeconomic Theory,3-1-0,4,Core,0.0
BS in Economics,BS in Economics,NS,HS2204,4,Econometrics-I,3-1-0,4,E1,0.0
BS in Economics,BS in Economics,NS,****,4,IDE-1,3-0-0,3,IDE1,0.0
BS in Economics,BS in Economics,NS,HS3101,5,Econometrics   II,3-1-2,5,E2,0.0
BS in Economics,BS in Economics,NS,HS3102,5,Mathematical Economics,3-1-0,4,Core,0.0
BS in Economics,BS in Economics,NS,HS3103,5,International Trade and Investment,3-1-0,4,Core,0.0
BS in Economics,BS in Economics,NS,HS3104,5,Debate in Indian Economy,3-1-0,4,Core,0.0
BS in Economics,BS in Economics,NS,HSXXXX,5,IDE1I,3-0-0,3,IDE2,0.0
BS in Economics,BS in Economics,NS,HS3201,6,Categorical Data Analysis,3-1-2,5,Core,0.0
BS in Economics,BS in Economics,NS,HS3202,6,Environmental Economics,3-1-0,4,Core,0.0
BS in Economics,BS in Economics,NS,HS3203,6,Critical Economic Reading and Seminar,3-3-0,6,Core,0.0
BS in Economics,BS in Economics,NS,HS3204,6,Indian Financial System,3-1-0,4,Core,0.0
BS in Economics,BS in Economics,NS,HS3205,6,Health Economics,3-0-0,3,Core,0.0
BS in Economics,BS in Economics,NS,HS41**,7,Specialization Elective 1,3-1-0,4,SE1,0.0
BS in Economics,BS in Economics,NS,HS41**,7,Specialization Elective 2,3-1-0,4,SE2,0.0
BS in Economics,BS in Economics,NS,HS41**,7,HSS Elective II,3-0-0,3,HS2,0.0
BS in Economics,BS in Economics,NS,HSXXXX,7,IDE1II,3-0-0,3,IDE3,0.0
BS in Economics,BS in Economics,NS,HS4198,7,Summer Internship*,0-0-12,3,SI,0.0
BS in Economics,BS in Economics,NS,HS4199,7,Project-I (Lab based project / Industry oriented  problem  solving  /  Academic internship   /   Case   Study   /   Design thinking-based  project-Capstone Project),0-0-12,6,P1,0.0
BS in Economics,BS in Economics,NS,HS42**,8,Specialization Elective 3,3-1-0,4,SE3,0.0
BS in Economics,BS in Economics,NS,HS42**,8,Specialization Elective 4,3-1-0,4,SE4,0.0
BS in Economics,BS in Economics,NS,HS4299,8,Project-II (Lab based project / Industry oriented problem solving / Academic internship / Case Study / Design thinking-based project- Capstone Project),0-0-16,8,P2,0.0
